country_iso3,year,F1,F2,F3,F4,F5,F6,F7,F8,F9,F10,F11,F12,F13,F14,F15,F16,F17,F18,F19,F20,F21,F22,F23,F24,F25,F26,F27,F28
CHL,1991,-0.7952690606622327,-1.8174526720755835,1.7969446053801628,1.7965383498971481,0.08979834644979102,-0.2802274065831343,1.515345256855559,1.7004349317016556,0.32987294742441636,0.01084722340669024,1.0331210070552537,-0.9901170993766909,0.6474326856024147,0.3140452817529087,-0.5345909536517207,0.429360093104966,0.2514341154704944,-0.4035427905702624,0.2174392154388441,0.004120683710269861,0.019412502907668615,-0.2256662210851922,0.007522561910018041,0.02353325069569794,0.052293924290661306,-1.1755252418421316e-06,-2.4870748151346783e-14,-7.654604830470271e-16
CHL,1992,-0.9301797231370401,-1.6278955935693535,1.6910353412056018,2.3990874529868798,0.27853777314341843,-0.5992501047482934,0.9355645889679061,1.4490125648353034,1.379785869746545,0.21701251109363645,0.8823920880508386,-0.8412685994628416,0.5741032152548347,0.2216226819053485,-0.438620092444335,0.2063334273989456,0.18003027808300368,-0.17384112925603828,0.17120511786829684,-0.022749684916558207,0.06740093954681958,-0.1681270133381595,-0.0031514429497627085,0.011436955206660384,0.02920634105171581,-1.0270309012008413e-06,-3.4029634462547296e-14,2.1988998165920243e-16
CHL,1993,-0.5947173663387253,-1.5428668951068665,1.4342268784843801,1.855615903433565,0.25132984300678446,-0.9135056929291211,0.20488045543030317,1.3893465078363998,0.7137439177999436,-0.8603540359277033,0.7606650134875623,-0.8461316626080556,0.5464976994540525,0.11645324611636512,-0.5168868153080569,0.19890680059722124,-0.01626235536597086,-0.17822171244702306,0.04964942894984595,-0.04516038566283007,0.03948494689679676,-0.17559010933894229,-0.04146745607021344,0.015926095385808966,-0.015083851688268035,-1.4717809249493312e-07,2.2177741727850156e-14,1.93606571193738e-16
CHL,1994,-0.3119284012645886,-1.484708680710029,1.3169731090537946,1.8780410069989166,-0.2495674222819395,-0.6119258254587963,0.3354754695656787,0.6539864341208645,-0.020819550237445212,-0.6884771072910921,0.778059120371943,-1.1237562023886591,0.6257211129643245,0.26698437692360805,-0.410614064568391,0.2734521576769951,-0.05965078241918174,-0.1578956961520451,0.12896846502912077,-0.023437815701325068,0.033318588736653595,-0.1508573367965059,-0.058808594795190176,0.02637563625276199,-0.04663224244106164,-3.470982336076703e-07,8.972653220937537e-15,-3.1600312761012735e-17
CHL,1995,-0.7866025816387624,-1.0659506493584083,1.5544039334102964,2.770958548062574,0.02735119548443438,-0.5798697664830106,0.43324261059270214,0.5657293191379248,0.9535148641131012,-0.388875984308132,0.860424849500553,-1.19520481910042,0.6566151386217426,0.3902845036763342,-0.54568246335602,0.1909514925590718,-0.17969968430015995,-0.15845997818555954,0.17232205354702443,0.017756476162817315,-0.015325212067074333,-0.18491682651172278,-0.0784326405355846,0.0011375467131074205,-0.08065928014036397,-1.2581999440434571e-06,3.2782483449548607e-16,-5.405897526450984e-16
CHL,1996,0.18265241308741537,-1.4742975905941347,1.2466611222239248,2.3246136014462335,-0.14761105355360085,-1.0590080131642667,-0.10822772738025853,-0.33844508290193553,0.16701735952061633,-0.3758667811158334,0.4208459257494977,-0.6207153512763288,0.539085483642826,0.23953988644133653,0.03154521281190332,-0.44224176827126965,-0.010116981415543224,-0.11808441272153843,-0.012484355115393477,0.0510073613477026,0.09479349810185678,0.0692310215521906,-0.060660887303827925,-0.011701189829946217,-0.049582666440152634,5.324032627080613e-07,4.546759286988914e-15,-1.2837284751104426e-15
CHL,1997,0.2095575846205328,-1.3502741148242583,1.2015610316404481,2.3522636087081548,-0.12212899977566372,-1.1882691548378488,-0.26558985368812627,-0.37099440440653714,0.3040316418384602,-0.399841386729498,0.3727288354859924,-0.5951738125628314,0.4614245258484042,0.2239064389900742,-0.05615257781396244,-0.5253783013236455,0.0007022793581582277,-0.013286749529057949,-0.025991960531188716,0.03409228139007409,0.06396615819206634,0.05111298851991452,-0.039598934648798906,-0.016938875679059277,-0.02791876310250272,-1.9618240393839033e-07,-2.7926607510649426e-14,-2.7508990919488548e-15
CHL,1998,0.6847029272620783,-1.2972725975279809,0.6793972514620343,1.4690965575870352,-0.47449368287914,-0.9847183776536087,-0.5284994065615936,-0.1573110987959511,0.042242097344969344,-0.7793672835971048,0.06904469144325576,-0.6324233645074893,0.2879689091955735,0.07328820241260621,-0.05299058173793106,-0.4143862743092822,0.05869865196009407,0.027704676152423204,-0.0876328376784563,-0.09632255956325346,0.08287691162256071,0.00657749003242025,-0.010126139315539464,-0.03714633934247274,-0.029432978796382674,-4.4322526911228344e-08,-4.2667990097500976e-15,-2.1631341952740003e-15
CHL,1999,1.6253026462576146,-1.4153435963479881,0.1469931468402552,0.5892454202973672,-1.9034665676015095,-0.3771518187417062,-0.5648448524910944,-1.5739419377940318,-1.850886604711287,0.09199167391511623,-0.0684767222208707,-1.273349461846973,0.19152550385186415,0.2617527606915763,0.38134406641051044,-0.22500365534355563,0.28484897372252205,0.08652292511886854,-0.059957564876933156,-0.14843624645783723,0.031354608615243605,-0.030812663444551722,0.00702475867802157,-0.06940941656932437,-0.0546041499822734,-2.5264547557046724e-07,-3.0495238122181366e-14,-2.001704424995318e-15
CHL,2000,1.33909986501336,-1.4603084155380874,0.5969686741940554,0.9123476281311443,-1.136425158330005,-0.21917181967899474,0.03858791613022767,-0.9312406903823763,0.04990622776363468,0.0719198546366037,0.072790982042347,-0.4403503664223386,0.43617443224216346,0.40318423205497583,0.16772622432508824,-0.11835239122447146,0.1663058970281204,-0.1699188000929079,-0.042008549360267995,-0.14195295455398027,0.04624354678921077,-0.04561422757026602,0.025434424559096985,-0.05869256849104577,-0.024031670792310965,1.1266098220169393e-08,-3.119239442619463e-14,-9.299110854348378e-17
CHL,2001,1.4356445922803485,-1.3141412663566876,0.7659122410823695,0.7338126068027218,-1.0829171249795382,-0.2322949978016845,-0.059099344700807216,-0.8824336730621681,-0.19985988031027047,-0.34581413901542574,-0.024588394213164364,-0.41823104967885877,0.3624706487773996,0.5117162855947774,-0.02783838648338014,-0.09612941251750738,0.08927752841614003,-0.2841076836436753,-0.01195012250782613,-0.19138491293387527,-0.007079980074793273,-0.059392419277222795,0.02047897923805197,-0.055965495760679634,-0.04344119732807918,-4.724924615791392e-08,1.373699633805544e-15,3.8232287043961275e-17
CHL,2002,1.488837920311466,-1.3101962556030284,0.7627646545138814,0.2223332933589944,-1.0281145684690147,0.005954009218421926,0.014770405945178882,-0.6351981436280703,0.32794756204080366,-0.5524045796149671,-0.006243313526972978,-0.29479676545279937,0.45676079533590397,0.6077950279366645,-0.1690819962795498,-0.13353023098577335,0.040703252013011455,-0.24039509365992537,-0.04780586845470192,-0.18340509831982696,0.006361921145315694,-0.04877037770132887,0.008299533280091897,-0.04668459663163062,-0.033960241904311204,5.976979782126704e-08,-1.0802342296283656e-14,-1.3940256659103319e-16
CHL,2003,1.2546647307190355,-1.1261211404744633,0.8040332175945655,0.7244179775575978,-1.0663829506449396,0.038479569491431755,0.24762233254093532,-0.8560024755187552,0.3629394858920566,-0.2271586802676241,0.037056188560190724,-0.33071327650204957,0.5086509159518876,0.6373450096017741,-0.22773968334705333,-0.14697446945216935,0.004056445018167333,-0.22880803276297848,-0.003554347336341104,-0.143691846181077,0.06248021879602734,0.017601428527410663,0.004492554027641087,-0.007343232504592186,0.0016721686182154263,8.386904848832848e-07,-7.212714048163875e-15,-3.509756254307179e-16
CHL,2004,1.0100663916520565,-0.8457558474871292,1.2738890499916011,1.6946211647573917,-0.831218953896577,0.5148694389183068,0.8342815315236506,-1.464481792162909,0.5008028937456086,-0.04556913847882453,0.2726904393849527,-0.30630207076701343,0.6174800941927298,0.9591916304595204,-0.251726814908363,-0.06576151959946294,-0.03624691552158898,-0.23831115243007187,0.02236466029554288,0.02151527889985248,0.08447854176050017,0.07914818725311325,0.022663621665217282,0.031232493410445556,0.03788018129936717,7.350843433706407e-08,3.733913183601707e-14,-7.939967254995119e-16
CHL,2005,0.7452269074727517,-0.6330872547986355,1.54234216970958,2.6003958721850293,-0.24402878610650114,0.44546545683521716,1.0942102389731634,-1.3856611292557153,0.20425005022237713,-0.6524421981277688,0.1996545090530438,-0.17341373135059795,0.6075445150707206,0.8554681509110665,-0.4121819963929015,0.12046101225886453,-0.10103035617162925,-0.28464449299253325,-0.025256838013549335,0.10222670728885015,0.11682528231286693,0.10879485658844297,0.03607288339838813,0.040473467214544825,0.07034977845104405,1.3995567116043668e-07,8.956147065959446e-15,-5.026981879479251e-16
CHL,2006,0.41637746384838564,-0.22067112960080115,2.026730765398204,3.30512160811211,0.25878705492089843,1.2687532011138665,2.072031024854192,-1.4131092223569746,0.41121722441806324,-1.0639322251761096,0.7496905001337719,-0.277774953403111,0.7579241063136305,1.1601779035681792,-0.5981399574208563,0.4080666443103961,-0.11487187637916937,-0.4928411947673843,0.004365734717159531,0.2299584058305368,0.11010584102857617,0.1130201736793435,0.058191345554287705,0.07415241753549452,0.04118169497429314,7.962314549839356e-09,3.123545368030157e-14,-7.619753437929755e-16
CHL,2007,0.35549038052152926,0.11971387525767382,1.90837365809296,3.701290297861285,0.08974912359678335,0.9032306406004456,1.8553149827268305,-1.6346399347674048,-0.3146608531814031,-0.8945207453147653,0.46880851831961967,-0.5695090006629501,0.4626595468909966,0.9361098725937397,-0.5595305594264272,0.33640543091424835,-0.04593473263537194,-0.43894239065973084,0.08963334042177144,0.16445509363840607,0.05912076060552555,0.12186806130980182,0.0779002297545571,0.059632898901163835,0.05114114461416046,-9.844647434203703e-08,-1.969201536498583e-14,1.271678467066752e-15
CHL,2008,0.6957867569803626,-0.2049102517019506,0.927451348478704,2.8228079474224836,-0.6833761807866423,-1.0955809974666895,0.3920445429166337,-1.7425152402654893,-1.310739351052518,-0.4379707394664434,-0.4644649374117375,-0.13412734280982552,0.5330246523248688,0.06161700922323741,-0.06113171411448748,0.1243147807999037,-0.05370847463641671,-0.43571198075370554,-0.0014035613265583019,-0.0034033001416173964,0.02046837754338298,0.16748997309932062,0.043300019543275094,0.029653468491417034,0.03416627429290171,-6.890145965729153e-08,-2.909575562635917e-14,-4.286204843956763e-16
CHL,2009,1.611769300754162,-0.5111233319995894,-0.03142745753680168,-1.0693627744625152,-2.061898184459773,-0.294787427160648,-0.46246311450387195,-1.6495008441482462,-0.9149955460366328,-0.5349362603652627,-0.166115286777695,-0.9620259645906509,1.0282561764778904,0.445353554090807,0.13599568886158184,-0.17841684953786807,-0.12768110551371886,0.08741991353739416,-0.21013434489761113,0.059806579857814984,-0.09474561303520374,0.02644502513367266,0.011049381517186502,0.07476463780671437,0.0004956457692390447,-5.532592547763046e-07,-4.1405547267983265e-15,1.6300388183613753e-15
CHL,2010,0.7764200831603143,0.18558993922364572,0.3573926099895634,1.0511775276993809,-1.2725676811206807,-0.43302700112963294,0.2575070513328662,-1.2696991649103548,0.34943497377077587,0.01508809864812718,0.16407636800844255,-0.8699671606919456,0.710628808945431,0.43316223950250476,-0.028487114618237407,0.05532129716375801,-0.1850934742496084,-0.21127751630942937,-0.07406922638481847,0.09739307212111006,-0.07302324863738771,0.0008426416271866406,-0.008322891886520129,0.012521289014600851,-0.02250948267689892,-6.228578429613622e-08,1.911902657818777e-14,9.562957799610835e-16
CHL,2011,0.5055078439753502,0.3970891480094304,0.1690960044760145,2.381247309286861,-1.1335720651452341,-1.4297106457901556,-0.12123048448208046,-1.450476574928454,-0.34007649035279175,0.04882293676316457,-0.019241998325322748,-0.7291627832746168,0.298848494939844,0.00879918286902804,0.023327752494463776,0.3630601623758223,-0.17927209427759475,-0.395122025091278,-0.015731855614468656,0.000772435992458571,-0.06366912197005485,0.05040740737691865,0.0527637743524655,0.07121751991659693,-0.011764329247508762,5.22556886685019e-07,2.4497732896466598e-14,-8.990892160211273e-16
CHL,2012,0.5561837208440746,0.4586066657308805,-0.010675096814585946,2.3634051608926785,-1.254861590849851,-1.8747369556859736,-0.5392456681761123,-1.453115542377672,-0.49613946784612617,0.16876853711246534,-0.19722715965898466,-1.0128484072332014,0.1523369432398009,-0.12903967852302936,0.004971613762422236,0.029113536624751992,-0.19530295576680373,-0.18514936226740955,0.0005681728533026742,0.03720398660815005,-0.07323509730286984,0.027524139203306763,0.002670881938187019,0.012704705999793982,-0.0024648558303776423,-1.514877771562696e-07,6.335245731088335e-15,-7.689751806757435e-16
CHL,2013,0.8513440649259159,0.5315007866878348,-0.16243184403543914,1.2454630869721561,-1.1003267523882887,-1.438667450954759,-0.5086604339569747,-0.7316688248628185,-0.013277064884204035,-0.8106634735424929,-0.06952216293980419,-0.8354625257658167,0.13610374961977129,-0.03218403254053283,-0.15127349753108899,-0.05764358969262297,-0.20579995693999345,-0.06380005005943225,-0.038776840461599765,0.02618475451090948,-0.10451223773304939,-0.04368395796786448,0.014455154341229074,-0.01238746625523866,-0.005087359854285975,5.700607085028109e-07,1.0799062734320342e-14,-1.8520389568893173e-15
CHL,2014,0.935432591479185,0.585433707010867,-0.4314615784401446,0.9718971608271368,-1.5458090946147982,-1.5259868635844418,-0.4543138318277566,-0.8024270583256046,-0.7870070314737335,-0.48738598371789216,-0.2145478887923447,-1.1875640407659775,0.09809518503755876,-0.0673295428337555,-0.05002178411002279,-0.06651661698212925,-0.07787752667844981,0.014031829804174032,-0.0850160417504551,-0.009315456347969977,-0.1791732522545872,-0.0919193574369388,0.039936809929626005,-0.02626088853024374,-0.002479929535406843,-5.863704134218022e-07,5.1406108072359895e-15,6.154793181578375e-16
CHL,2015,1.1939779041862442,0.5041526922503348,-0.4913583807542699,0.5515063813695575,-1.317815682390701,-1.351812225791572,-0.3968486991069191,-0.37934941783276505,-0.18299586469131213,-0.6742398558636131,-0.1730496879487228,-1.10474322396523,0.2187408003437172,0.13091842466468306,-0.0038920184500699294,-0.2440075597433121,-0.09281893295846667,0.10502464339236448,-0.07022516527003007,0.04725605123297129,-0.1483040084207021,-0.09457348784999124,0.02613832748353577,-0.0784935281422687,-0.01761364183128378,5.304073013150734e-07,-1.9864082251447022e-14,3.83315948228437e-16
CHL,2016,1.4159674351301665,0.35317092648263554,-0.5837714248173306,0.03391626091949337,-1.2766470150934621,-0.982941328356692,-0.21119576634734463,0.049964478276513506,0.3616122223238395,-1.0375890504700052,-0.1521538038146018,-0.9010136465750294,0.24079338909436812,0.2344307620103143,0.2470919290011756,-0.13798726849800844,-0.0656279453254715,0.11061768426222243,-0.11181566792575612,0.016495336872566026,-0.14547482707657916,-0.14354310996709244,0.05164708805096271,-0.06392506741379377,0.01884525541572275,-3.3917476969268933e-07,4.266923059562836e-14,3.200473655007348e-15
CHL,2017,1.427135192036004,0.33767616970987363,-0.4699595255394085,-0.2890436952267364,-1.2227036918830962,-0.5632697582036718,0.010545938610670323,0.3704804081676371,0.8582859587875171,-1.518694776179194,0.0354135277896756,-0.665222308839064,0.24910004976992814,0.44122516688190194,0.7167736368700647,0.14548721425330927,-0.06059066003395246,-0.05580460418050636,-0.17724610472484803,0.02512451938984403,-0.12901085438992504,-0.13674744867109964,0.026605722823779557,-0.022705317524979517,0.04824412017411188,3.1037832758895924e-07,-9.887225653124372e-15,-9.712223717875945e-16
CHL,2018,1.242461666227235,0.29126092989943675,-0.22964342336804267,0.4617796228857965,-1.0766168084717593,-0.8441036072300949,0.05778301659374578,0.1439705950328281,1.0913207086042696,-1.205276887279531,-0.07515516380452798,-0.42797299273418016,0.3293900201504132,0.37573703410725073,1.1066883419392717,0.25998492209661145,-0.13535579011569665,-0.19885167760849612,-0.16898834815597902,0.0471763471477485,-0.09187483246788296,-0.12410833108578481,-0.02104916398223792,-0.023979741517130126,0.08604083235395196,3.183041944316957e-07,-3.563818758427002e-14,7.0371609114760175e-16
CHL,2019,1.4373928055795284,0.34818143507055155,-0.6170653773552155,0.04114595540247651,-1.377905837955855,-1.105743246813834,-0.4669591005311217,-0.01214590554820821,0.14603660269032764,-1.3673066273351029,-0.30674354353557665,-0.7489254316465807,0.2761930756142247,0.14435110135801174,0.879063816252897,0.17928079850133713,-0.18970977722332855,-0.040660115484213596,-0.20061445722175061,-0.0207710107835142,-0.07640290422648527,-0.15125575369583,-0.022027628313036035,-0.020268586414956012,0.08430307837245533,3.1909701043219067e-07,-1.080461867959417e-14,1.4532213091813234e-15
CHL,2020,2.2955865873016905,-0.5441629934619829,-0.6151404134859247,-2.6614875305607444,-1.9580701611037472,-0.4916006518565056,-0.5954476421756877,-0.6933916471693007,-1.057552808054978,-1.463372137054578,-0.28055071745470983,-1.0497422450120353,0.7972734465159952,0.1374546890043877,-0.08972285193211174,0.40510583691969604,-0.21715499004772287,0.014066838801818415,-0.40882725956600036,-0.20359226469082764,-0.22377790766782393,-0.16145053188212893,-0.010429513718456965,0.08776100689338259,0.12851210903214116,5.697641944647624e-07,1.605647492619688e-14,1.7958099047017253e-15
CHL,2021,1.308199763737296,-0.26641429426184937,-0.5164966362987623,-1.3519709402361735,-1.3081380759034935,-2.2389999899327933,-0.7449842793118883,-0.7170524057139468,1.9694729560345832,1.655556447011274,-0.17045215809832004,-0.4647000641212227,1.2891157841571816,-0.28757465811097854,-0.21907011656901046,0.516800728046801,-0.3717806805191622,-0.38791559365297695,-0.28005327264113267,-0.3559273861379718,-0.3212278496058462,-0.04150283046535198,-0.017445254843821756,0.03812708660837111,0.027702699321726008,4.508396159132859e-07,6.9325820530434245e-15,-8.472711568580246e-16
CHL,2022,1.1751823185849672,0.3732687538232297,0.03954208144461668,1.5022083822439405,-0.10144524399292956,-1.6279389465168137,0.38493357631980624,-0.7026041202805027,-0.6361996632431329,-1.0417989841690403,-0.23068307711968244,0.17639768455556779,0.5160729027133761,-0.4170833121007044,-0.5288374897401323,0.6643736941522956,-0.31357101253277975,-0.6196314005393804,-0.15548993021204388,-0.20483760180233435,-0.18514738698359737,-0.03562592477392503,-0.00703378143872981,-0.018644543478626423,0.050927608522318625,1.60857319317713e-07,3.528046194396709e-14,9.466715505254583e-16
CHL,2023,1.8236787759557396,0.469937238442395,-0.6832622817453075,-0.03834479609702154,-0.9704293305048772,-1.2239621816930164,0.2835308356223084,-0.7998098230615847,-0.298100431582513,-0.8806004324755495,-0.2791484601175167,-0.5999804519785257,0.6232137171434784,0.0745574242761092,-0.2890161272831811,0.20575655905101425,-0.17068071122408007,-0.060978792990876746,-0.25628489181218717,0.09582904734676617,-0.32015873175582754,-0.09080795947039053,0.05680784435993049,-0.0022502649571022474,-0.026390508209280197,1.436073405420547e-07,-3.5193759018857447e-14,8.043590899900452e-17
CHL,2024,1.5522460131343039,0.6524401342024346,-0.6446929716351133,-0.2230775202795344,-1.0257430409350432,-0.8263043516180647,0.4364568139935548,-0.8147479980473306,0.534189579201883,-0.6898699760345444,-0.0634635529246664,-0.5197057134091316,0.7984970309212217,0.23150202741197712,-0.3043874684361045,0.23892247270818498,-0.25233771036479347,0.021487592506798683,-0.39033434105570586,0.22345153313295837,-0.22960402707799815,-0.07807560555581088,0.019474235080338766,0.0480351866088023,-0.05591034763708025,-7.704466121675519e-07,1.4687837371968093e-15,-2.4497458072021762e-15
CRI,1991,-0.6832727233066608,-2.1362543172265887,0.794962192093528,0.2859067574705847,-1.7187533796306396,-0.3696887621523258,1.6066213333913122,2.7825696223712355,-0.7344571102959502,-0.49123050785307326,0.5152863673618329,-0.15928080593827992,-0.4497457567085313,0.2877562159928881,0.5010487804799664,-0.08273357723213844,1.0059618789061748,-0.2409593079089875,0.19060649550595948,0.22405040980525254,-0.16414809272482717,0.10838670571421592,0.014605668030348351,-0.05241210980167561,-0.030436695212996245,-5.900958158730952e-07,8.116763218816967e-16,1.8476723228323154e-15
CRI,1992,-1.2823753126526973,-1.9093875494509331,1.1258678180776385,1.3280635427197751,-1.5709270486212181,-0.8895190230444242,0.9334504130391307,2.5831513202224903,0.828123928916456,0.23638901697530015,0.35199430476403787,-0.046826362055047005,-0.4047633392750854,0.11019850712919081,0.4100176682851014,0.07334054740848682,0.8645221872166649,-0.29415520502371284,0.11125237426557433,0.15520377899197096,-0.05978669486087485,-0.04326399412780113,0.00695446550487131,0.010476284537655521,-0.0075638104444058045,3.7856840061680944e-06,-5.587971306050203e-15,-1.4503821621969123e-15
CRI,1993,-1.1669057913451137,-1.6222958445961844,0.9013520397245534,1.216627608817247,-1.6980439578208069,-0.5735487615885785,-0.14503061973899453,2.0813871220274023,0.9825869479540698,-0.4792422195217905,0.3519002630272856,0.06408083824469697,-0.7225410613195002,0.12650615208708238,0.4461502187974893,0.2939021748491674,0.6618404577721373,-0.15798081708633377,0.03851011800729582,-0.09293295562694287,-0.050802873887807194,-0.010768713399450524,-0.027256021269504986,0.0010942563657255966,-0.07053298478083188,-2.1308996024059822e-07,1.1065073064048735e-14,-2.202178908648609e-16
CRI,1994,-0.8947241860389458,-1.4787375296477634,0.4836759966311641,-0.43036690164765234,-2.2030670333790403,-0.5035416976346537,-0.0926621440061482,2.352010170910195,0.4002382161260445,-0.08503975946332457,0.289544988284344,-0.44635133469997934,-0.451898123826082,0.16196871938544657,0.4758884031773883,-0.035718941742230836,0.7148371122531487,0.244404488962162,-0.17064214907346212,0.02615066688800049,-0.025746269590347048,0.06286114364985798,-0.07095534771436636,-0.05871574773065924,-0.05077572932166763,3.55955541790537e-06,3.685644188842817e-14,-5.395613001791126e-16
CRI,1995,-0.7819874517295045,-1.6984371421567048,0.4893947614751504,0.4749176344613488,-1.7919769033897242,-0.4954352848179231,1.0041090834069302,2.546168624458771,-0.23126326039434483,-0.18264444832279347,0.10745882124391622,0.07431204480588348,-0.3157975567843369,-0.01972356016216225,0.5117428351333044,0.1788081009038835,0.5367725200609387,0.09852793650571867,-0.3071964960371197,0.10687184528545797,0.0020506580299291905,-0.032459454586601176,0.02167439680258331,-0.019456286795040363,-0.05761960062346856,3.602073070401167e-06,6.637142151856528e-15,1.7388945878487888e-15
CRI,1996,-0.29417126956945605,-1.7404723388208068,0.637342054817263,0.01647661389842334,-2.120817058458874,0.026489635690582814,0.6379712925597526,1.9687419133612643,-0.7118314116487118,-0.36835047097483054,0.09289886103803889,0.1055429829091768,-0.5922976505994902,0.08489571066766884,0.47013842269290246,0.3632754628406025,0.5463025353783841,0.05376687845351738,-0.3078159203185709,0.0912103085251838,0.21095149094333224,-0.009026832828221207,-0.057345308254793524,-0.036722048727559534,0.041527801676382384,-3.510093940242468e-06,2.3500887523789186e-15,-3.02320838623236e-16
CRI,1997,-0.7599988401279184,-1.470551160392635,0.44969516686516,0.6691537971769705,-1.929547602062822,-0.17716971189748304,0.3684465612657415,1.8030031162749856,0.2814230623847541,-0.04999972070085127,0.15534890284847205,0.3898305325295845,-0.5164454291109498,0.12417502300583413,0.48410444596653246,0.33890834938054354,0.48253893997684244,0.09096087253407503,-0.36086703747084337,-0.05531324407757744,0.03866365686292898,0.05212030338930076,0.0009093594409614673,-0.0464960447919179,-0.012485984901838214,-3.1707149611698715e-06,-2.0774584880271735e-14,1.0471336938550736e-15
CRI,1998,-0.992126483152539,-1.1403456862125472,0.3279884196286367,1.0915530143577332,-1.9594885625977239,-0.40273856755452236,0.12480474692756865,1.448574766627061,0.405606539414527,0.1960499363970359,-0.11353504569738944,0.40456869041216925,-0.278885704177523,-0.026961057630505138,0.5012524505178964,0.10459842262082476,0.41579645339364174,0.28804796095108803,-0.41792718703151344,0.03279251081528076,0.08153042393344441,0.08536293615667902,0.018989637693129578,-0.02798379877361904,-0.037695849514130464,-2.9257100151658107e-06,-2.9235461084103894e-14,4.844088246119377e-16
CRI,1999,-0.4708201207575389,-1.1493156052797797,0.2533563642244795,0.9962930593173884,-1.833721628169344,-0.257234355955672,0.06883247093936037,1.3247108129867107,-0.04586209221234275,-0.3635581068891067,0.049733487712199334,0.44414919558650495,-0.5600511538112173,0.11102965042263513,0.44601217882924143,0.2464992730086897,0.195156201001169,0.13613285447278575,-0.39691849050507055,0.01602518607772475,0.09982229590348021,0.09949558919701598,0.03975586591587697,0.01634911520185399,-0.018873088566110287,3.106370080206693e-07,2.544757129203373e-14,5.302284411985529e-16
CRI,2000,-0.23543623105173625,-0.981890849830668,0.05987117845576181,0.7138079433244225,-2.139804974041421,-0.36540261649809164,0.05201253172576371,1.4952512197821262,-0.0487204839261858,-0.2083941781734902,-0.10420450379698953,0.10744653510029231,-0.7419036312836176,0.03527634743269788,0.18092927003910703,0.16383854499207237,0.056399027804571636,-0.14753968619600438,-0.19882031154998214,-0.10295802394884758,0.10997711033164911,0.05808974787718861,0.011338232225788206,0.06954550600986838,-0.0507610454448578,3.131873508005111e-06,-1.754596077411751e-14,1.1558706886875954e-15
CRI,2001,0.1461356925547266,-0.9449815980566241,-0.06934695511548981,0.6977813518522524,-1.8767677723896703,-0.1770769002006456,0.34776209461967456,1.3512843603121296,0.01326661172581384,-0.35909201839033783,0.045925256014625195,0.23785135994555923,-0.5779898746153456,0.19542014997767473,0.21431475911132133,-0.03264234241864505,-0.07346462281191152,-0.08625244102223936,-0.23400740560308372,0.05931892356840281,0.062240532939297724,0.05358276018473371,0.03781815247711632,0.027828309026250397,-0.027264061737632708,1.6568090015649648e-07,2.6640285255842307e-15,-1.2137432283694754e-16
CRI,2002,0.3635231252399603,-1.0559750961984848,-0.3885064887254838,0.31161186524893614,-2.1070091281269705,-0.4004995058193184,-0.07276642625460564,1.2067728240380882,0.08354691030030187,-0.184304528930439,-0.12822423265474586,0.3089726344465651,-0.6224115569979253,0.08515012974394322,0.14212857028873188,0.17126199522186666,-0.19002692212442743,-0.09591275866487184,-0.28663916926069205,0.02139762234796705,0.07640589809297499,0.05664126890143521,0.014692340016136184,0.03648401769591545,-0.052422691835470825,2.1160736105845444e-07,-1.5807460737705517e-14,-3.8562351469079024e-16
CRI,2003,0.36729018841279315,-0.9721683894110131,-0.27510827906278357,0.9440815500364702,-1.8955277155711618,-0.3111512416303848,0.18904058668468665,1.0198602741957623,0.13403090537684448,-0.17212032416204276,-0.15822290912631146,0.5888234798954639,-0.6635056348729653,0.08354996927107566,0.04442323566055412,0.21262447302202714,-0.11555235474196487,-0.05893757496110515,-0.2658701017055047,0.004955165518625361,0.07200003119790256,0.043523726231267844,0.05545119396951005,0.00739622547427814,-0.07524590288031899,-2.5728558703474027e-06,-2.6161400772784462e-14,1.6323698333555113e-16
CRI,2004,0.29290530419511673,-0.9915666904914177,-0.17964576365979226,1.0296726192379524,-2.093564634294057,-0.40087955384288904,0.4525037643249231,0.8943021407382862,-0.2077807323412637,0.13143814111941962,-0.337271222198675,0.368789291220576,-0.6194339486289012,0.11841296440829539,-0.13705907232037876,0.12649509672571754,-0.053332932733309614,0.011693035635183402,-0.268694581062798,-0.005935262963250812,0.07892856721533985,0.11744447192847493,0.03590046481218339,0.010036884854862337,-0.07187051407380694,1.4334321457208324e-07,4.5161155653532404e-14,1.9182226360573716e-15
CRI,2005,0.3533892882571086,-0.7199705465927805,-0.3807006625353486,1.6166902919989665,-2.1910846084490836,-0.5225894378608548,0.553478411430919,0.5346527386929382,-0.7424018825682269,0.1322187275777876,-0.3952312791204537,0.5817934773771937,-0.5307220402449082,-0.015247852354438499,0.06061972959720553,0.06020347050961182,0.10654040257238968,-0.12491058653479743,-0.17940228085724114,0.12875948860576292,0.18726605285911604,0.19186160935770505,0.05043106615682954,-0.0004933759974954045,-0.05730176584434535,-2.5823608679461096e-06,1.5131472829684191e-15,2.233741018111351e-16
CRI,2006,0.1667114761480109,-0.5274905248290526,-0.15806960338691314,2.291628125201729,-2.096943530871572,-0.6462982669719228,0.5081068222383107,0.43823307651279725,-0.06345138295048126,0.5366033593621793,-0.4320376731401886,0.5202344492955905,-0.6785677594728033,-0.012422608820101422,-0.056443535936862424,-0.02071091809693514,0.13692953149057308,-0.07368413763424783,-0.11977642899953306,0.05179539404276115,0.17164355076705695,0.12836754368539094,0.043373517225917015,-0.05761432550735177,-0.02603815414698379,9.500217058961102e-08,-1.0366694181434447e-14,-1.622594838872162e-16
CRI,2007,-0.03927627645147475,-0.19758620677131256,-0.10034019239325473,3.0404985080621034,-1.78258402887456,-0.9334641211690584,0.2142786275629447,0.4700998707943569,0.1770965119145642,0.28326080109086266,-0.42429537128904027,0.3097715077849142,-0.754326503831447,-0.14497555460936506,-0.19852044354348555,-0.08684336733997965,0.10535304950347077,-0.08579632523363066,-0.07273781243020348,0.06086832557109061,0.16767938030161347,0.06545714520830136,0.04291458905434814,-0.07830485997117892,-0.05058350702021574,1.6048117094569435e-08,8.098253011248198e-15,-7.762976701518841e-17
CRI,2008,0.2518236994373803,-0.27753447006494336,-0.293968928009423,2.475596127320984,-1.8090727966785247,-1.3029601429860254,0.08878948866777069,0.8015714106328657,-0.3996846948102574,-0.41624365902264215,-0.7959722070429307,0.38530278136128393,-0.6012320750283082,-0.40539117120318874,-0.24788884735940084,-0.04739986712422171,0.017416040861347983,-0.3065441728065415,-0.045589352570032056,-0.16630989958867243,0.002455822176578745,0.0101833248240316,0.03254946395089493,-0.12761790578350807,-0.02629070166451569,2.4442275553592944e-06,1.7217543885346513e-14,5.199645467796124e-16
CRI,2009,1.4115274629048167,-0.7116935987082659,-0.6882027724738219,0.1755981246341617,-2.3588427811039243,-0.08567596581129418,0.15223249686094947,0.3969278152316289,-0.5923319233956182,-1.0511474784098755,-0.3902441033217691,-0.050733493282317396,-0.23980129768424338,0.12335626102662901,0.03412429379519219,-0.3136211138393161,0.06397129627181394,0.20305577393403093,-0.07938029548895514,0.008508827082113778,-0.031252495460768685,0.044363716501130926,0.048748639226516365,-0.03783939541099045,-0.01500021565872532,-2.3541337697120083e-06,2.5082007409351135e-14,-6.312408532564994e-16
CRI,2010,1.3454901838880824,-0.8127536883916386,-0.8518541344430374,0.08471509012270538,-2.651058527446317,-0.4680490162964194,-0.11711617841682227,0.4669461352586233,0.8460592788449111,0.21245255988523667,-0.5125656765293992,-0.13391837127089135,-0.16000867896530427,-0.06577021131961047,0.012395665192688218,-0.21889310412485907,-0.05391103836055978,-0.033456302401605756,0.1285437627053503,-0.02658395827172015,0.03800589708722436,-0.04566279975735927,0.00877063389905914,-0.030917234408731637,0.044730117435398474,1.845813329250623e-07,-1.2399435783028295e-14,-1.4824838510318865e-15
CRI,2011,1.8013009696083955,-0.992462725420723,-0.9179138994528729,0.5212412269203769,-2.6403784020008136,-0.5639796935733176,-0.13307234458054762,-0.2667742074026872,0.31120414076690345,0.058717064956591944,-0.49630863839576717,0.43645983861677495,-0.12980065044772496,-0.05453723432088524,0.3091603017414443,-0.15016027112143285,-0.08369320427011251,-0.20879601360443287,0.12289690198405392,0.029582541863346377,0.03142246088034359,-0.01820519835131121,0.04228291108014035,-0.07090937446129938,0.05753413435511561,-2.1788045578650334e-06,1.0064461291574366e-14,1.2222297956219667e-15
CRI,2012,1.794627470169594,-0.5344082822657452,-1.4023692513285426,0.5198719811707375,-2.637324756144523,-0.5817370764428921,-0.11759895800096927,-0.04986543650661453,0.6423515702061581,-0.03041485622550566,-0.48156550852962193,0.4167174379771516,-0.010826126337464314,-0.10570541106142589,0.46513849576993516,-0.3197749773281775,-0.2816244319966336,-0.16781129110890744,0.07659639873790357,0.04989469600684916,-0.05889377614431449,-0.06509896382506775,0.06935075391004397,-0.12565009786253611,0.012793418365633044,-1.983769877903702e-06,-3.080149351483476e-14,9.58840721440824e-16
CRI,2013,2.0483181283687935,-0.39721212490273183,-1.7460977457979394,0.19940811114430484,-2.8497364137825376,-0.5450368789936711,-0.17176152040416717,0.18596675629491974,0.22977881296576902,-0.2370046357028463,-0.756355082570152,0.02938026948060563,-0.24062117053874912,-0.19124661948089547,0.30804878549228415,-0.2521096863919736,-0.4834637452836707,-0.07209210494272351,0.04972977141480027,-0.08541893958512278,-0.03290536451330516,-0.03565055904334928,0.03120646752818441,-0.10387598223414145,0.04191990311627703,2.7626504658297625e-07,-1.4526670479176614e-14,1.0522269948662262e-15
CRI,2014,2.0013876145334932,-0.45820451018574276,-1.7679037676256382,0.13186473404555865,-2.798609167789548,-0.6232427929456459,-0.25922505485993574,0.05493499824251034,0.3994480285959894,-0.009280812414671859,-0.6432883442847359,0.23140564336134395,-0.2730335891522413,-0.10352548672015434,0.37302283894717775,-0.4351040765080552,-0.37032307311582163,-0.04682538184917932,0.1430338871497854,0.036438804924521215,-0.056907389476894193,0.03724206387879602,0.05816015971254925,-0.05348045540392671,-0.021680616692333274,-2.0350179919348954e-06,3.345546186495494e-14,2.036928071271824e-16
CRI,2015,2.139171015526579,-0.5447174898442445,-1.568310701103259,-0.06306016596485052,-2.6491406083589326,-0.3587471112497125,-0.39843340297917956,0.025382654229023385,0.7434573911409539,-0.0894577937240962,-0.414739959639637,0.13814248399811574,-0.5347176651117016,0.18221259392600425,0.29094742042776733,-0.5288288228886093,-0.2725531371301297,0.04684404005431676,0.27485306566875656,0.15182489852992515,-0.0780448312934938,0.026992872322401478,0.0921121589973739,-0.014647736458540884,0.004599094711980214,1.0650714354202111e-07,6.210304589714662e-15,-2.814083511087039e-16
CRI,2016,2.162608038982127,-0.7103499353988013,-1.161307981914757,-0.022620035474411795,-2.5156498678064776,-0.036279173155717354,-0.26154610500260517,0.052757224339074434,1.0074755235690775,-0.04708683536570754,-0.5575127852518736,0.09122051328392347,-0.6533118085326017,0.14107434337206234,0.03832179833829397,-0.5289152702590979,-0.2822693699242007,0.12853029107651406,0.3270970321047723,0.06268350116128801,0.022460370978241256,-0.022999078869369454,0.04901860972177434,-0.0009490812253918184,0.05195247565029213,1.93503234656299e-07,-3.0256680078596055e-14,1.179125290825614e-16
CRI,2017,2.1967950386545114,-0.6309709914404563,-1.3206177944032211,-0.1969236937340085,-2.6801270554890095,-0.3126438248914719,-0.3393280494105372,0.22250054237489178,0.912237829000029,0.1102010699900052,-0.5970427315699457,0.17218091131510654,-0.7188958119114003,-0.0022007497431854924,-0.04420128283831165,-0.441730180444068,-0.32847504959207113,0.0063327705682104315,0.37623116148631564,-0.028731856472661764,0.05514163791376888,-0.033455826887873526,0.050721550486854956,0.03576839055372561,0.018907078684401866,2.311127977445049e-06,4.423557331816951e-15,-5.610729001922566e-16
CRI,2018,2.331004006125173,-0.5715037102727094,-1.389830071653362,-0.22998859719667242,-2.5489477735288837,-0.19602432616972063,-0.18252004424544452,-0.05161989147287158,0.48986918830884424,-0.08763574157505634,-0.3485412820733352,0.5238777226286329,-0.6070238523506605,0.1491023846405031,0.13512464907376598,-0.593237075875283,-0.32031045139665576,0.02608321083619975,0.34554407234223244,0.19765893974055937,0.02745143161552827,0.016258810767320008,0.06952632400930366,0.02116871869189207,-0.043614314443579376,2.080983454662139e-06,7.775956043913728e-15,8.738771673576347e-16
CRI,2019,2.8550158664666596,-0.5324664667352434,-1.6863893361237956,-0.6921635264829454,-2.5509106323297366,0.18892714669545163,0.10797804050342673,-0.3470639906605818,0.47508895480297664,0.19430806653446345,-0.19096744486298187,0.7947748054291942,-0.3160044737772899,0.345813746813573,0.49745147529529077,-0.5810962768833303,-0.38279635904299714,0.06702687880847676,0.2545082889040908,0.3051913068665118,0.07300247171434755,0.11338323150138101,0.08614490975708289,0.014562592280912558,0.0030967880271929554,2.1900877352298814e-06,2.597137200367028e-14,-7.714797833887818e-16
CRI,2020,3.980594964778841,-1.8949061853680012,-1.5261902611681128,-2.254315516301797,-2.6850228165155516,0.8492604237729924,0.09207565275153838,-1.4855078886527606,-0.8068362259082262,-0.6614555442162997,-0.11853553490677418,1.4009919001152487,0.25939256261042765,0.5266961188340349,0.6931917498917429,-0.3400281473872143,-0.4023983535354177,0.12386192911143645,0.017573722593912596,0.4794038856349913,0.12577192314791116,0.21399500841411642,0.030181742583613367,0.09990157693420128,0.03857430809229678,-1.970593159287783e-06,2.0000487984149882e-14,2.3789788332656853e-17
CRI,2021,2.9875771554293857,-1.6224117096777773,-1.0849996135566817,0.3442254084247382,-2.120013856764739,0.1440612947006475,0.4079753091853693,-1.8272514197846064,0.7569869006469823,1.3505585426449707,-0.0021046702498695793,1.926750786493125,0.3088324400289597,0.09761811602310685,0.6699488928029115,-0.4206612793851563,-0.5564494446250219,-0.07555461207870198,0.12658816846754087,0.2108360809671389,0.19883905462358561,0.15198499444581515,-0.02914974054174958,0.010370448921091558,0.07943113314022604,3.428624842031662e-07,1.1525566508591324e-14,-1.127758539262991e-15
CRI,2022,2.491297682636761,-0.6368823968458048,-0.8757188536070298,1.3020687704854248,-1.98632353887719,-0.19367949774183352,0.8138173155316961,-1.0418652810596651,-0.2645798459467176,0.8102396689659118,-0.16667072359049737,1.4239912952946556,-0.40317510608123297,0.09229688022012941,-0.08285637964043564,-0.45990203673854363,-0.3867129081955747,-0.1288631782442836,0.2685642344051036,0.18946164211773386,0.14901350514965145,0.08846075636181062,0.011912641435813515,0.0037311631343665418,0.059951069742579494,8.639274468781701e-08,-1.0449242251649995e-14,-1.0133910921215232e-15
CRI,2023,2.379413166238361,-0.39130202952692816,-0.5115420343042953,1.0025772436843599,-2.1071416457293934,-0.035138454068400535,0.2483850862411454,-0.5142009473407242,0.5085702889322188,0.29271874556419986,-0.20542843649519638,0.4880506812388428,-1.2512212726102434,0.4469613203768146,-0.7575408843710802,-0.29805821590205184,-0.3537220800087251,0.031573619454900434,0.41325230987546024,0.18640873048758963,0.05556860495040578,-0.10303325057356176,0.048368734990674095,0.09342312494311988,0.04372644958186286,9.82556369381997e-08,-2.5279235152725396e-14,-1.1138564181242909e-15
CRI,2024,2.4202028726828466,0.0635953776435314,-0.8365855739261416,0.880604606253785,-2.2623084930077426,0.08648376924175705,0.20880158652969238,-0.09321125250532916,0.7079657386568233,0.08307069937991773,-0.3309805057539965,0.1266830918950819,-1.442735726130283,0.31684980780931254,-0.8542470251712514,-0.2839622259245072,-0.5303338307084756,0.09475134409843983,0.3560119419656859,0.02007781206621422,0.0300998968990515,-0.22077890005260276,0.02070478331366767,0.05786541802197186,0.07376800377484492,2.2169257309729522e-07,-2.949027913616121e-14,-2.312883295182859e-15
DNK,1991,3.207928322135465,2.0629214092459827,-0.32366349069099737,-0.5011559254232729,1.9440616392636292,0.7382257156721042,-0.5509192347478371,0.43798005056801553,-0.23591719981569567,0.5195041666851896,1.1585300783884123,0.28612869635564725,0.5645341522293282,0.020124656157486414,0.5914977387451013,-0.08142831342401759,-0.22291781910761924,0.10827699269850576,-0.14276060742822755,0.27097370442960855,0.18534829419988785,-0.1222857826113314,0.008830108488264115,0.07414794480583006,-0.09374503981913829,1.661684204489366e-06,2.964927185197548e-14,-1.1035958521258474e-15
DNK,1992,3.2730057652145548,2.1594279004744945,-0.2633990033712338,-0.5673756425527063,1.9861526285512736,0.9216353240606853,-0.4222675962404613,0.46039317112027783,0.012064960622235592,0.5880171288061685,1.1443977500938947,0.08157598439846761,0.6451041433478197,0.08609894495500671,0.7115631165564728,-0.1144342902052399,-0.07459576521748011,0.04996208188274813,-0.0037126751848994407,0.16442252289616613,0.11018903529514183,-0.07659362647844976,0.030012957028719846,0.04205903807594358,-0.07191050585728888,-1.92779720913095e-06,2.5569944090571695e-14,-8.617493596804286e-16
DNK,1993,3.785304970021376,1.9742993013721377,-0.33161594428014335,-1.1450205553233213,1.8841096838699238,1.1435698157720007,-0.5924983918564406,0.20638910938427488,-0.4912138738372678,0.6252986162919015,0.9913012256816514,0.06060213443491849,0.6522117450180532,0.15075124698412098,0.9034736964962659,-0.02447545942046437,-0.12322217214799037,0.12608948343365323,-0.02538119647194357,0.12800633270438586,0.06380761582280009,-0.1384707465433398,0.05858465474042377,0.005260093789189024,-0.056778605431489,-6.744211747911919e-08,1.382983630472162e-14,-1.6693792475743904e-16
DNK,1994,3.1974969888927816,2.129068760293178,-0.13441168888225663,-0.4864111869556461,1.666140273462868,0.3422379887517708,-0.8151400419109918,0.3822479996704866,0.23321204344498866,1.726937128398532,0.771405181304318,-0.3526275740351668,0.41796445294895596,-0.020722552724355164,0.6680629103910449,-0.0023787846520901225,-0.039376655649759056,0.04855119110314722,0.12156639080373881,0.023846923786616018,0.18441406124797521,-0.024339099569975903,0.04216544293727684,0.01724210765193629,-0.03178824068161388,-1.2843174919302974e-07,4.292234870310673e-15,-4.4282560563909363e-16
DNK,1995,3.004911747255114,2.2470648567453186,-0.03201196128985971,-0.520643996282112,1.826672517906116,0.3522308674420476,-0.8599152483981061,0.6984114341084463,0.010828538596351252,0.964099230571017,0.8660509223845726,-0.3154214101283443,0.34340717855448705,-0.11162979872636383,0.747691731740688,0.0741259196745274,-0.09223161866622649,0.08838857278902647,0.0030923209915671578,0.0915523796803123,0.33072955316965036,0.0662509673168916,-0.008293065025860483,0.05896478132853804,-0.04799099494813129,-1.4470374916246747e-07,-1.804185952284117e-14,-5.762850382452255e-16
DNK,1996,3.011206314751801,2.332680924767372,0.10141577193447045,-0.3919447749475641,2.079348011028284,0.6682253639285602,-0.5536355194560013,0.8920116613206958,0.34130783583356245,0.5364398612579552,0.8212470028780807,-0.21387764140579651,0.4572370539565228,-0.030433741177300626,0.7224103086516137,0.10045088784710621,-0.08137840171748272,0.04844600602761545,-0.05652051219561478,0.08394245485788089,0.3320518766046618,0.05124300424780201,0.02954656297700533,0.05159958097500242,-0.023184653355649006,1.941286943579767e-08,-2.4287839559565802e-14,1.8863264599416814e-15
DNK,1997,2.7070319049242157,2.6391799814508006,0.05680639678496002,0.36753306226918225,2.1275213127366235,0.4072030581459147,-0.638795958141297,0.9446949126443314,0.2150344623378824,0.41830977230148425,0.7167342816623288,-0.32246470277598566,0.2092377541923674,-0.1437827945938475,0.3268715772582314,0.10157227655498888,-0.16113060895746398,0.02103034418172962,-0.044968751422342065,0.07365297953579035,0.3300700802874363,0.001752531929684046,0.038472040771584066,0.03322330430044138,-0.05292282103973403,-3.69649155971135e-08,-3.543511420716338e-14,-1.2103912737719605e-16
DNK,1998,2.7052149457966346,2.6948323919492423,0.03690748636404524,0.9214027289340829,2.0939262918742134,0.09230018651583789,-0.8763670081881845,0.649912252932392,-0.3298754822315361,0.3314563959432015,0.6191635321958068,-0.4279332708569239,0.019644307088242552,-0.21163996991468198,0.2415739937865774,0.18234798422344137,-0.14215863180486601,-0.07246500390878745,-0.01197636716443994,0.05232616502750803,0.3615415919323129,0.06774601868918093,0.042132863489050806,0.049808112330330716,0.02586303675717234,1.5185458098487294e-08,-2.609081346840839e-14,-1.7304354023332997e-15
DNK,1999,2.546158455554431,3.087907687671245,0.06698440299854158,2.0190467329889126,1.6699242780113808,-0.09358682927701815,-0.8148224614100111,-0.1312898190879586,-1.391901642567585,1.1769378007041957,0.6142344705913951,-1.1035494024700432,-0.3115089634059162,-0.14429232910111325,0.27645770424215993,0.018180294555204733,0.04566308591114654,0.038375495523838246,0.12506590142305343,0.1088834301141691,0.24250165440758978,-0.01293881591994896,0.0662812910901808,0.022929857257884493,-0.030454143452675615,-3.745161848597601e-07,-4.903241162602719e-15,-2.664094436878426e-16
DNK,2000,1.9792763014201784,3.528224806929843,-0.21539217971846603,3.81001448032943,0.24921524781969376,-1.1073997797884152,-1.5257546626555454,-1.6057486852243466,-3.594202511050821,2.8424431010127496,-0.06847809299965736,-2.2811443976664263,-0.8765151415978574,-0.5333175492264314,0.29361827585440214,0.19542141076046776,0.15286583480790236,0.06840875136459021,0.2957574155466421,-0.03219231509836499,0.2312567744029412,-0.03808527675061767,0.039384496713080794,0.025943765161288643,-0.015506757768223016,9.293467785431042e-07,1.4719223756839896e-14,-2.557969846912947e-15
DNK,2001,2.348347190044129,3.339605889760264,0.147517783307064,1.2692975083605333,1.6580559757000577,0.5414677630923777,-0.573714770328839,0.47623466902446665,-0.9178791034624075,0.2906610579621746,0.2854975189932793,-0.8336162372131738,-0.16490385623460377,-0.1703423375916073,-0.046009019829327126,-0.030248359518581014,0.033090564039835575,0.008074380367229092,0.09942063238124019,-0.01855604965097074,0.26251235386490623,-0.01435474860994921,0.10641783056837063,0.012325854848030579,0.03268743885560909,-1.7353134423659542e-06,-6.5935612851539395e-15,1.0874980845201716e-15
DNK,2002,2.5630558696366266,3.359416019409747,-0.09020538243708541,0.622886329081999,1.6994836419865584,0.7874142886643641,-0.40079364302246623,0.9295270009267627,-0.27962100284577124,-0.1524090511052334,0.19374370703377103,-0.5353920547591687,-0.006048548141891318,-0.3148112162285444,-0.08777661219719823,0.09165163556308095,-0.20579611553757635,-0.1779330315206994,0.01559941419236062,-0.14462610600490602,0.2591404493665603,-0.07855255788348128,0.08971799037572946,0.011643319570384371,0.002996710383664192,8.692338207168502e-08,7.330945627783622e-15,9.429943213392511e-16
DNK,2003,2.878465315309872,3.16062957585523,-0.04133694653470941,0.20115341744356297,1.8904064892579848,1.0670679621824828,-0.12690302830505576,0.8204673656784304,0.10227495021206866,-0.34187644633634157,0.17282260154385753,-0.3352199199256035,0.200985623387211,-0.23227812704249778,0.001257519158351793,-0.023605115634518916,-0.20464034363131406,-0.08801183927795575,0.0011260885707452622,-0.06733003234843739,0.1980075090772488,-0.023150150646849606,0.0917343421716858,-0.009954691810584103,-0.010252388880103777,9.824925219533199e-08,-6.354375518422406e-15,5.752360018563762e-16
DNK,2004,2.755973292284906,3.237601122781223,0.32128709008293915,0.6235680686443522,2.6909358761513165,1.3434712055724631,0.3178237853566337,1.1486693208530283,1.251864708397956,-0.8061368039142882,0.3890493465941979,0.3105948214793408,0.24436021361309893,-0.11671568278368663,-0.0430084830718927,0.053475814758581014,-0.16377810524925623,-0.23252650283753176,0.022119032353477716,-0.003331622545788485,0.14433769862698506,-0.012578058729839973,0.13336565313023263,-0.020138697277513672,-0.01893518096901998,1.8729717007282179e-06,-2.71028836004503e-14,-1.5560713091595202e-15
DNK,2005,2.431758868650987,3.701085912659832,0.572584369354144,2.514218781314957,2.2536769382422883,0.9888060377099942,0.26754702411481324,-0.04250854716910976,-0.5642489063331037,-0.07212601932437192,0.06505247310066632,-0.4057115301151243,-0.39540814684752346,-0.16096603717530097,-0.03752851005776119,-0.006001948468196415,0.059783819360468636,-0.18984000685066,0.16224335800650766,0.027386706243791054,0.12520804322580856,0.06758861580878454,0.11829830198353414,-0.08966349038375213,0.015044419692717002,-1.7292183425007012e-07,1.9121979027034707e-14,4.71422077402195e-16
DNK,2006,2.0115831910669453,3.870058116309361,0.7051527426383822,2.2293432017504697,2.5753197943010684,1.0843836364837283,0.4461384153469096,0.5143295342598916,0.4963843706419842,-0.5672967212506851,-0.08684521502961665,0.12144778056628559,-0.08051031324158643,-0.23913790833932463,-0.14066156647071953,-0.11836313212775075,-0.11408282577517645,-0.2321998709474168,0.006233633779076039,0.048205450128718505,0.13378779586548803,0.09999406652136719,0.0722672340235531,-0.06788260600075961,0.004641861130346948,1.628015522044112e-06,-1.650091047185626e-15,-3.4632689503240046e-16
DNK,2007,2.033100145276025,3.9477698138698862,0.6288747656678138,2.3035690648564824,2.2095556864247645,0.7641592535722452,0.04415566417599981,0.25344070116000883,-0.4829419763961379,-0.7905213683803018,-0.28659874615923026,-0.1150781805074942,-0.43342952487989744,-0.4559461739247529,-0.03442041815179011,0.05975539827532167,-0.014318917604225689,-0.29218487845995345,0.04514534910721522,-0.026612918944990526,0.11426649985460965,0.10142353057265806,0.07045636513069838,-0.03146512142464615,0.025887251993753246,1.5565952133163272e-06,3.179527741797336e-14,6.063078697607312e-15
DNK,2008,2.0703396476733413,4.007177409972563,0.673641436337126,0.9653250506388854,2.032173812280532,1.0039612495707089,0.268465152521087,0.7846845263527648,-0.10436724368787471,-1.1454896919430042,-0.4135041057273501,-0.04531098584381761,-0.2209675156952846,-0.432607325356127,0.01936933630423766,-0.021897913514158207,-0.062277877875389326,-0.3250195607908224,0.05090082853407959,-0.07241192265023391,0.051794176074989234,0.15912471598840264,0.03141256996615426,-0.025062764065679775,0.03901395701075785,-1.6905324686698394e-06,2.1197894535867645e-14,2.438708718989859e-15
DNK,2009,3.434911989147349,3.457402995511517,-0.46242168238377174,-1.5844258757857104,0.9311419697135893,1.1788653337560924,-0.5199576153664075,0.7634442641925551,-0.6346849477243349,-0.8057720794623716,-0.7538262694697063,-0.6372039042257406,0.03912385676472214,-0.4451622122152908,0.3806445638064365,0.09254052260699304,-0.1464721904955737,-0.1483560359231816,-0.024118547688714333,-0.28361382268971425,-0.03467608498307577,-0.022504069626576362,0.04037719617802643,-0.045409077496577896,0.028819821669247955,1.1017583421567272e-07,1.897869170517287e-14,-6.103259161238363e-16
DNK,2010,3.43834622316961,3.2686854652031503,-0.04141975645346037,-1.7001053630701615,1.3600832520126138,1.7169281852088842,0.42683599979504333,0.9851951127350494,1.295071760343177,-0.019841299769923618,-0.6814098534006146,0.16210685227324803,0.4254003370334859,-0.14851563594686998,0.3893755854129139,-0.011873428843239527,-0.0853349540203808,-0.1798221304468941,-0.04945594807337474,-0.2505585848648145,-0.14267906976782813,-0.11088149988581726,0.09528131268957914,-0.10801404968724598,0.03468198572541154,3.8023610485750484e-07,-2.892647336376377e-14,2.7009635211588096e-15
DNK,2011,3.2287436761915886,3.5546086008317372,-0.03661366211247632,-0.678994917123659,0.6799731084124754,1.0853391185386738,0.13322341240177712,-0.15029555336509376,-0.2462938895560307,0.8690596844302377,-1.01510617560512,-0.3607553610924687,0.030797540156475723,-0.28069352630121625,0.44809601201067245,0.1698908071253448,0.1229738458329789,-0.14851333738863126,0.0035986893807109263,-0.18149629765956934,-0.11382235209028471,0.05002546714794056,0.06608024182155256,-0.08567229191075314,0.0373708944282653,-1.6536156738601085e-06,1.2689891433753321e-14,-3.1425771416007573e-15
DNK,2012,3.4175250119590572,3.3530037788132954,0.051518032386546155,-2.3826729408219065,1.3979125564390318,1.8145857725671968,0.4006134690675264,1.0095183320779975,1.2556370252207376,-0.36482665702588335,-0.9808821053751503,0.5146331264515357,0.6161328722881195,-0.10349231575150283,0.22427143038551203,0.16597205863699901,-0.01531259397387351,-0.18267195853230636,-0.20882677314292813,-0.16822993258105046,-0.07984328639192968,0.06673621207095955,0.08034480932433997,-0.04919973235249392,0.049895460888171345,5.2545262570344e-07,2.6779274848781273e-14,-6.948557639625043e-15
DNK,2013,3.252011481673897,3.5185147756853463,0.28036865183910503,-0.8476571549334079,1.1029611253680425,1.6183123067169145,0.4014890941827366,0.15536510148981875,0.547954861436939,0.23288321338954654,-1.1074484959104718,-0.009899330638997329,0.09554625622542075,-0.07020170497486898,0.2672368507858702,0.10669431846273458,0.06794318530749827,-0.07197231668477119,-0.0146615072120566,-0.1367281414775398,-0.07851817506470846,0.09074484398692112,0.029186767728646725,-0.06696356233828142,0.09558703374964936,2.549288036757586e-07,-1.7840305313291446e-14,-7.406092892208042e-15
DNK,2014,3.1810486340363626,3.710572455576086,0.549800510723574,0.2501764304891239,1.3453271776539382,1.7543746501280406,0.6030671283211658,-0.05665889724192844,0.14230558999703372,0.12050248848135214,-1.249339803227042,-0.18884204944451444,-0.23743496736266373,0.023429950738612298,0.3094365389575556,0.13783296809956896,0.10914084677594686,0.03464582450830172,0.05917669822602706,-0.07755116542967226,-0.06808882999956453,0.08349815608885805,0.03775149792423334,-0.09143508277606488,0.08024215283470436,1.1507478395987696e-07,-3.550898014018067e-15,2.5919050176254558e-15
DNK,2015,2.9895541595932733,3.6628837485459846,0.39142990206665546,-0.5457656346210787,0.8855277466166127,1.5578545099327372,0.3026522113030001,0.4356573520263899,0.658131648302774,0.24963784319464213,-1.3109610465976145,-0.21049223971789413,-0.02992740948047057,0.08980334701516064,0.4294961029706805,-0.0963116455896858,-0.019081056037126592,0.008604928772504256,-0.012709027757747033,-0.11582262663783977,-0.02667886818458506,0.029286829673875997,-0.049046995918831306,-0.04848672691791673,0.055631161249898586,9.810751565983333e-08,-1.644596847805463e-14,-2.4075125250472574e-15
DNK,2016,2.796712600532959,3.6403129838937724,0.38274261737085713,0.29188516316088686,0.8041609836627821,1.271419446814613,0.2679006927551924,0.1629156843806803,0.5104061122596033,0.31174058618567035,-1.3549238632070373,-0.3974668493881243,-0.046553030287256866,0.03395356287136706,0.5196039389214295,-0.07462555865677474,-0.05312339207603214,0.03573909010840142,-0.016204000129008776,-0.07042532286885264,-0.0286596820850865,0.014636125609394058,-0.07791021211856433,-0.025242076463346832,0.07619010203773807,-1.6167331762957655e-06,5.824822284657321e-14,-8.075164319235021e-15
DNK,2017,2.708618223781012,3.749090105896647,0.5077424554886872,0.5639541115070701,1.1042847077158968,1.4701700370740043,0.640144782214805,0.2422429647344091,0.716196157714366,-0.05847051490447272,-1.3196223271932752,-0.1348375494236457,-0.021485818707029966,-0.0006704917677080295,0.2625265282959613,-0.07790991410128986,0.005334849284128803,0.027935792951440937,-0.018103041994831346,-0.04799988964756581,-0.07269147055789828,-0.010803400237461618,-0.04795334185008717,-0.017306136305728737,0.04324831824335144,4.504310571674376e-08,-4.626700668356105e-15,6.804108753711108e-15
DNK,2018,2.598436749656481,3.9621657818609384,0.27579935893979296,0.2779494056094767,0.8310328328466478,1.184981636244723,0.2618966926117912,0.15584808356782798,0.33884189359042916,-0.02510188281868531,-1.4365200449698177,-0.3033785312380421,-0.09477635699950945,-0.24844255022768408,0.03247349455112957,-0.05654603012889915,-0.023500380263340035,-0.04194392814963484,-0.025224364882264528,-0.1308899775278298,-0.057152217340273356,0.03937259003898053,-0.08773760914822973,0.00612166866268075,0.005440449923864024,-8.828555967159726e-08,-7.0393452984931845e-15,4.828407657846493e-15
DNK,2019,2.6505497906302975,4.18228858879967,0.6850317733139963,1.122827319303654,1.8106307019599932,1.9879295311999614,1.058077008265892,0.38514258443758337,0.7977625594358403,-0.8623422911794444,-1.2861716355299022,0.3228627632220566,-0.18836057849038365,-0.01344851913101058,-0.23296087430044918,0.04801847648394392,-0.018314177356943993,-0.07470183950917451,0.0019729845798619364,-0.03264531264520103,-0.026047607339672808,0.04825376736844986,-0.024941336760623614,-0.024697344747383502,-0.037218030782860206,-5.1337558353721406e-08,-4.335180189412818e-14,6.694574709927465e-15
DNK,2020,3.1343437784335437,4.001174297856131,0.07145222148659033,-0.45631683725048106,1.2072767146975791,1.5899433503322993,0.30832054272795456,0.30832516314764835,0.09824693970005093,-0.7700833842444618,-1.479285106174588,-0.20663268309764934,-0.006390230977160515,-0.11941078000678489,-0.14763926644974631,-0.04859239533369989,0.01050664812402594,0.1669248298931902,-0.11606609818188264,-0.012767255704842637,-0.06582240225181156,0.09628783659269903,-0.030946956092909275,0.023470567000585193,-0.06552693698811116,-6.816134275975085e-08,-8.737914908852147e-15,-6.930632260366412e-15
DNK,2021,2.2723761679974754,4.302996043527498,0.7204893050876207,1.9566855966345311,1.3782649619879819,1.1096987845137947,0.8583336479319346,-0.347854203977401,0.6375945371116923,0.6551304246062634,-1.5549647712511299,-0.16876961635967794,-0.3671009758543329,-0.17455536737931712,0.09474637057011968,-0.3894602263366711,0.055956399144490084,0.19821183773344003,0.11360869425207966,0.018713558065130535,-0.22220319198668345,0.05646181215959838,-0.033648274775142456,-0.05211615285912128,-0.06462480915723398,-3.4015412100604205e-07,-2.3002439241179135e-14,3.388059578439019e-15
DNK,2022,1.7536060426072635,4.7655203747515,0.6987238698277567,1.4860460916069334,0.36360793557808413,1.2697905158085658,1.1366091486745789,-0.19778466879464207,-1.2177062350870351,0.08996070881901738,-1.8149713384746924,-0.4084837307551019,-0.5809306556831464,-0.30197313442453877,0.1576636379830826,-0.6445056209962925,0.07615154454009986,0.14436852996624142,0.06183863894296973,0.0014304869803552346,-0.21114252337882053,0.02625907041552316,-0.11292231652776703,-0.0005947609575205563,-0.01007794326482521,1.051706718911612e-06,3.514540440797793e-14,1.127278794317358e-15
DNK,2023,1.8255860272963698,4.704369111953262,0.8799380781343419,0.8179400101031434,0.9674400768272889,1.8010261392967788,1.1054289589960284,-0.004708619552842032,-0.15225704820537894,-0.5851415073585315,-1.5719674630610498,-0.040031529350883985,0.03528900073032528,0.033318230127409004,0.11022955611064833,-0.3526588519038679,-0.02005823692399335,0.055148008763323306,-0.0985379570549554,0.11405271319080028,-0.21508238531628343,0.08434765422594899,-0.11457927450489047,0.008844668419992404,-0.07230262326423631,-3.631007920181854e-07,1.619048736304067e-14,5.435579980322849e-15
DNK,2024,1.7304912714724188,5.003808120353912,0.8578363863235847,1.6747796307369338,0.9627724197384618,1.7368698228513029,1.1842045458631825,-0.6532664980825642,-0.05991040189931502,0.1462618035571871,-1.5345939001823106,-0.1104858408662534,-0.006690196875573922,0.110952329216291,-0.004394556584963846,-0.3537455294926379,-0.020836593131930377,0.11824179813916251,-0.08650673483765146,0.20509719002021143,-0.2408080107880037,0.10023473496495557,-0.07017375941906845,-0.024684850834557015,-0.16153003099528215,9.728247988333392e-07,-1.9126282672032824e-14,1.878017124333256e-15
MAR,1991,-1.7916670968029385,-5.911905512223983,0.46476580598579076,0.7017343515248238,1.387830168968726,2.255132153324173,-0.029570760831145085,0.04556508448681081,0.14886120052409746,0.603843944060073,0.8062896053260653,0.22316499742094933,0.14408763012211823,-1.0091266504250924,0.6235410380697934,-0.22432490982581318,0.0020351701849131505,-0.012302464682540244,0.1364722114979536,0.09636378366658886,-0.24422985821222806,-0.15436580826525634,0.024636723290722907,0.03286005521098661,0.004578293353941906,-2.0748410486615195e-07,-2.0588843175778418e-14,-6.07647766986664e-16
MAR,1992,-0.9769229926897017,-5.5581234648052344,0.28212036740532276,-0.41682884776054296,1.146251926920704,2.569440184242661,-0.4853963716958319,-0.05660795416175193,-1.4119746154362394,-0.9024665828460564,0.7197473976339178,-0.07928045584502427,-0.14885951000354414,-0.8575800180630015,0.43829739291664027,-0.26060512871476776,-0.30140611258346345,-0.30560872708600906,0.1470945705728678,0.03408840475260199,-0.16945277185245247,-0.05641710140693057,-0.07388597290582631,0.025337172975175206,-0.03390276948003261,1.899913694519958e-07,-1.378951667734643e-14,1.3910951104550792e-15
MAR,1993,-0.8415472185663627,-5.485212105975651,0.3085978042292391,-0.26277646302584906,1.1694553466402215,2.3539270716429,-0.5200077747522116,-0.22267080490690092,-1.1831938370552393,-0.6661059913125594,0.591483389066084,-0.044124229947402345,-0.08139026091389162,-0.7947279843410359,0.4393976678073867,-0.2985949531191092,-0.48949925860800014,-0.30450864120866933,0.11160307516066434,0.030602574258189682,-0.17299517933030664,-0.06752675017435157,-0.07495862198033273,0.015951823338500686,-0.06182673482626648,-4.6316170663671215e-07,-8.051304104640565e-16,-5.279986166547206e-16
MAR,1994,-1.4773138474906968,-5.787982029598644,0.20840030272338686,0.4629039684333931,0.981847024461745,1.7915639329150654,-0.26901103581479985,-0.24923413006838233,0.9278465769422491,1.4187998848947148,0.8131094642497595,0.25906626687308326,0.1625426401609259,-0.8777567450921914,0.5463536684634434,-0.12532742303833602,0.08176536554071769,0.051817857316634144,0.12959023330201336,0.08212072083363321,-0.26127354633741073,-0.20805893867621744,0.07055607416641192,0.0050189622133280255,-0.042388649784897044,-1.1415868103977073e-07,1.2452943646962288e-14,-1.0796349811512278e-15
MAR,1995,-0.5486561100794103,-5.437911678554882,0.06385336187719694,-0.8952126298120129,0.8716827397231156,2.4172912546480596,-0.5012871466394245,-0.008860385167295247,-1.8351884240111265,-1.5577826876640986,0.6736241661922354,0.15993808426653208,-0.29763174549556853,-0.7867962179576872,0.22669658752134644,-0.04209670390997015,-0.3452132732864719,-0.3837990535474997,0.14415350394578938,0.026325398921750013,-0.14625099266831212,-0.08309299180280795,-0.056411644783623614,0.04564395929206046,-0.07650516716700698,-1.1040767160045729e-06,2.9081030630312925e-14,3.0767058259633976e-16
MAR,1996,-1.7698029619470763,-5.674585104209815,0.5784507401406837,1.7183991264446175,1.3093454502954622,2.356854425452161,0.3593536374443396,-0.3946358813205741,1.3645628715227331,1.1926549924923187,1.1257302138979095,0.4292562955912569,-0.20241397867204677,-0.494868598766954,0.42560805743773394,-0.033926972384505656,0.37286792825049203,0.12417105213043664,0.31863372189654154,0.27283179058535695,-0.2805196974688461,-0.23853549325367288,0.13133793413765057,0.012418524563601815,-0.02906416629677765,4.223974558401035e-07,-4.6584096553456386e-15,-5.768363825252392e-16
MAR,1997,-0.8246079037665656,-5.089442855946209,0.731056028269932,0.9745144285950886,1.1644447163681577,2.69133941290795,-0.14257948103024604,-0.7934553260604235,-1.5047859145170284,-1.1476078115742494,1.1441942978421644,0.08938719478325727,-0.6194687730300117,-0.2607157502410706,0.177200372866851,0.06889304023550416,0.04860768150314324,-0.07234312940776905,0.20335163478293203,0.07560882920556941,-0.19891694571227184,-0.14007564264086947,0.029546726063840147,-0.02157603654632327,-0.06694073304303458,-1.04826786386111e-06,3.570814266577905e-14,8.94363368295125e-16
MAR,1998,-1.0563789892758526,-5.291064833894603,0.7022049965881162,1.4964089190733754,1.4664584412214297,2.376724697935812,0.34418624752052207,-0.4296526532312331,0.5496209936657719,0.14878315383771015,1.1454958311834074,0.22097113496145407,-0.4273147626293625,-0.30674919137717216,0.3000751350089958,-0.12240413135463275,0.34052119511735723,-0.30261622806293287,-0.27880175592439754,0.02195681308274193,-0.1346493739269836,-0.1561632349051453,0.10021307796476803,-0.013659019076767684,0.04732952736895951,7.712357074058151e-07,5.951404353894507e-15,-2.2635514828856165e-15
MAR,1999,-0.7353106743825404,-5.116784933587767,0.7442545386815678,1.7999118257204614,1.6631002349156412,2.7656840156237243,0.18970137810710602,-0.8788383618497684,-0.6588871348434115,-0.9771759542235932,0.7959048516531806,0.18764198252780287,-0.7043121208969367,-0.22566217737375158,0.21573097629018304,-0.17353161596307273,0.03754758462690842,-0.4665541898227391,-0.183326980974462,0.12277240342551964,-0.13523639875311708,-0.10880946182622385,0.08061769517602507,0.018139229399348086,0.021504190609712367,-2.1450565645237507e-08,-1.0977234650155796e-14,-6.068415587133274e-17
MAR,2000,-0.601532788238212,-4.913054314009154,0.2908014758084552,-0.1136067967083148,0.9590967157503468,2.0923865498265553,-0.37307624690865077,-0.48001285263532506,-0.1453481642985633,-0.2888607317457092,0.43395204095734,0.02339164081248431,-0.18936331969427733,-0.315609728312775,0.22997920305999126,-0.33800971984874534,-0.3272407584205264,-0.5374460875346314,-0.2959779370902512,-0.043810719267434926,-0.15141121441427938,-0.021137904498763217,-0.04428576781122103,-0.005012928757365492,-0.022486867217991004,-5.508344595304295e-08,-1.0663694183788354e-14,8.711244762633745e-16
MAR,2001,-0.9479321721051802,-4.555665820995,-0.027571141550984078,0.14032213958520567,-0.0191156922579987,1.7221580243676726,-0.5979773866964408,-1.0901234314071624,-0.053869765229278506,1.7649246287639142,0.21042208638508114,-0.9960329290617682,-0.3359047134973677,-0.2834243664412253,0.3168597494467934,-0.6997365242644493,0.01804383272960914,-0.06357798079600499,-0.24699482943741427,-0.054656018089835876,-0.15800052171675932,0.04837692739597847,-0.06102862968614958,-0.052364110568403975,0.005655101083239142,3.4876414880532125e-07,1.0013428709281462e-14,-3.98116037466088e-15
MAR,2002,-0.6503688011900892,-4.521364816987877,-0.022985336097647514,-1.139220474580869,0.5155372269676655,2.126459355231004,-0.3809600807998003,-0.15621745674633486,0.2394474586217897,0.47065165142295495,0.1579170892940141,-0.617649540605312,-0.053310956790827646,-0.23554031775381706,0.06415234898324744,-0.6364238591780719,0.04798957100076756,-0.1291989822003737,-0.32530249434425373,-0.11226060276364785,-0.03933975090802362,0.2275502149190091,-0.03174886332162591,0.02386967984214704,0.0249676338716197,3.262950338611194e-08,2.024380405117994e-15,-5.232700989768716e-16
MAR,2003,-0.7977834359049644,-4.578275281718277,-0.06254192402925829,-0.3755212488023135,0.18175167194647826,1.7874024195841387,-0.501009270161091,-0.7729360425795724,0.18909781080596946,1.127915792165308,0.21213355505590833,-0.7879160587207208,-0.10599336938767495,-0.22184248379817878,0.10067351806231219,-0.5044849130269995,0.1886207038989168,-0.05697901428066269,-0.2752181944797443,-0.07997609782744074,-0.06699563331642144,0.2036338163485225,-0.03098162817097829,0.008976303431881532,0.014144568274824867,-6.211368092045666e-08,-8.66556383758628e-15,-1.3813623264870213e-15
MAR,2004,-0.9313662432835721,-4.387768429463017,-0.05780449266190823,-0.5845775977452673,0.5859111843805783,1.9388152881953604,-0.5032444554705201,-0.1967577177844243,0.44103553105229326,0.31362436011155437,-0.006118610359824035,-0.6080498163354155,-0.11912803848988998,-0.25712455178505994,-0.11280959694571036,-0.45254700217830257,-0.03820077049593965,-0.23618628980804976,-0.20448457109056717,-0.03707731472412868,-0.0951566856901944,0.1911561526406859,-0.05955666328072531,0.027395072340600374,0.006348728636684525,-1.0109922687470413e-07,2.959945167028739e-14,-9.291846646595785e-16
MAR,2005,-0.7383000717252958,-4.0949448582952055,-0.17347460299952916,-1.472864129758677,0.27069068312619426,1.6639601024978747,-1.0350159611207124,-0.2723531438780053,0.06482660335183303,0.5377448109943931,-0.42852602564971054,-0.792393321497372,-0.013162448201971553,-0.2704776213743616,0.06893119821110327,-0.5729257920642058,-0.146284806452262,-0.23716467034161479,-0.20093744130781796,-0.034138037177806384,-0.09553864941718167,0.2377552126732785,-0.079153704304384,0.01825914614321203,-0.011327964393750573,-6.451163659720266e-07,-2.670429507639036e-14,-1.2427909431526034e-15
MAR,2006,-1.2967222360601809,-3.7945478012882803,0.36584372889269784,0.4041743861460465,0.7920012103051137,1.4805631509546067,-0.45810002378773673,-0.17969112683164168,0.5394446720057157,0.9483236688080181,-0.37968191166704796,-0.643141558942538,-0.3076749546977639,-0.2906462144598162,-0.10111741571885141,-0.5770648074902535,0.15947157686424876,-0.04439756572466222,-0.17555966926479055,0.0017798461706975063,-0.11946674594459955,0.057219643753988705,0.014135351830522905,-0.042824916541581264,0.029872291122615476,1.225606115285375e-08,2.987967105861171e-14,-8.633712913385988e-16
MAR,2007,-1.02318561459636,-3.419335273695651,0.6522098794452765,0.6943323701392728,1.1920190410562095,1.4536459478184725,-0.7328184882321948,-0.29807440834683824,-0.26205199617877023,-0.22124735425737546,-0.7160763042190307,-0.3799166540568059,-0.5533744318436871,-0.3111298332582344,-0.20944778706353873,-0.6607493923558992,-0.13307990137533265,-0.23395509277039409,-0.16408710546720837,0.005728414374569455,-0.06870493388746524,0.07461429065599154,-0.03587031217942723,-0.07902994139657152,0.02900720192894153,-5.192299842201048e-07,1.0763839866503687e-14,-4.6454694010284626e-17
MAR,2008,-1.3684108704982394,-3.4515354538749885,0.862150494288956,1.021356047886406,1.6183058746653574,0.900880130674444,-0.8764073397688139,-0.20435725160110108,0.15444069663749468,-0.16714616564796025,-0.9120313214960252,0.17255747102693397,-0.10284548196701115,-0.5043927573977107,-0.17848236286289562,-0.21227111386505887,-0.0845213297406057,-0.4071295826847452,-0.2563508029613241,0.06501351426700215,-0.02628429336661014,0.10641385186731639,-0.013489628532484128,-0.07000668316674392,0.0157880198420833,5.455424630825826e-07,-1.7712813719115055e-14,1.6899973728383944e-15
MAR,2009,-0.867283411607687,-3.6895015874161863,0.30486013486559,0.0873178141984558,1.0955008266111614,0.8679361297305828,-1.2934638690801767,0.1038041161853933,0.31850748220054653,-0.38645916350902204,-0.6824613748654067,-0.3233239840982859,-0.28684046111034983,-0.5356193523769306,-0.19986528275454538,-0.09429987721890197,0.18091310684226422,-0.20845893311634411,-0.22129646844897324,0.04964528857519974,0.07463295861651577,0.02556726272831118,0.05222173152095553,0.03545327747064816,0.04684954014829719,2.720028476438188e-07,-4.5635098537919973e-14,6.364427173703731e-16
MAR,2010,-0.9345739969402939,-3.5705722164361484,0.2745205417974594,-0.9943982431434997,0.5810552717617421,0.860984358470207,-1.4033789065594526,0.2109224206791584,0.48020742961919594,-0.16707288306531226,-0.738531114361548,-0.3348217468806254,-0.029413554902789536,-0.4902328720091862,-0.24281352981372706,-0.09232391044663871,0.18358493662764505,-0.21879028926973176,-0.23964583006967796,0.06503269503709028,0.07809074331706761,0.01276371132266194,0.016675492146895083,0.048076695566306754,0.037187678442676245,7.248571049355859e-07,-2.9466468333635844e-14,-1.911718058135347e-15
MAR,2011,-1.0237845638841,-3.5414400842065206,0.16477718352515375,-1.5062667806318506,0.1713426084325848,0.08600122380517375,-1.9893043574809548,0.1407145927836773,0.7192599838742875,0.5059941839402123,-1.0316376447729132,-0.10832998790698607,0.2024341012143816,-0.6830937886839753,-0.10591169906878822,0.1305782857922668,0.14323719165004373,-0.2891915384179227,-0.15924263174277947,0.024069071796885777,0.17685551400556065,0.1239252585131758,-0.02834863466653591,0.08655168155092254,0.017615823148611164,-6.370906772210617e-07,-2.6475996881620275e-14,3.7609869622541324e-17
MAR,2012,-0.764495975540789,-3.495536264457742,0.12089336049268695,-1.7914153552378247,0.11069170597450816,-0.09649655073039379,-2.252633510351331,0.1923054090223763,0.2507073830341496,0.12321620729932346,-1.3277560194249054,-0.11828853581211794,0.1412785498008486,-0.795708068255591,-0.19104161615810272,0.25428426975449914,-0.007263644478598628,-0.3704704595987077,-0.19700092860313748,0.006232856404100881,0.20905712093290982,0.06877925193832012,-0.030167854105513606,0.09889827378451682,0.020510399521124587,7.555946441992445e-07,2.12251889299833e-14,2.25520366723278e-15
MAR,2013,-0.7796428615703034,-3.471019508618989,0.34053917635979125,-0.9670285831792663,0.2874020527899893,0.219754498607188,-1.6811569299039952,0.06431658677570518,0.31192995239481947,0.19140742259443919,-1.0648697144106585,-0.2118480538799323,-0.011869560733842929,-0.6360715238645005,-0.3132346300884455,0.3402952499852025,0.25587602910025425,-0.2562480770490858,-0.24108551660110328,0.14154539133699992,0.17080877677913436,-0.10118256321481217,0.02591185912183011,0.019842580036720615,0.05133654499856514,4.112261214686654e-07,2.801060408603023e-14,1.3831045852028316e-15
MAR,2014,-0.1438394624848491,-3.229580371244706,0.46772969469685743,-1.170691982682566,0.08874408489473617,0.33552518556945177,-1.5890369272169669,-0.14034398840182163,0.12066467401856543,-0.00014175784651347854,-0.9949185720578644,-0.14894819608870846,-0.2079379229861603,-0.3918543878162836,-0.27880754702677996,0.19058670099103417,-0.09699699895132417,-0.1713964309482963,0.4215451019559736,0.1153995317305111,0.1358088717867051,-0.09130691362529213,-0.04244687023358118,-0.03466931125979536,-0.004813954752831854,-1.2238801344133086e-07,1.9180026023000876e-14,7.51895914429241e-16
MAR,2015,-0.2869204778651112,-3.3219418981237867,0.5372324161040641,-1.008887762400433,-0.05713823093008116,0.6003352571807816,-1.0702960112431115,-0.1764905872655189,0.3962988027022137,0.37790894591332663,-0.7781438696295222,-0.45461409105612743,-0.1272978160657516,-0.21737035754172399,-0.451940470600154,0.06879348774279676,0.20934990375083734,0.11169755724584798,0.2525039262599159,0.2418181235359485,0.1672624996755673,-0.13331845344118382,0.01828803850706344,0.00463319344648035,0.04162051927338861,-3.3435628788764327e-07,6.267755601679418e-15,8.925632588851031e-16
MAR,2016,-0.07978725417245545,-3.2736412579584675,0.7051075496391471,-1.369093039141247,0.10056180875195321,0.49959965063338424,-1.3114042695366859,-0.06269077421725952,-0.08340194088680418,-0.64222265308091,-1.114042803238927,-0.24103678312364782,-0.0929519139561867,-0.26114924590320293,-0.5681728364190942,-0.01236367850724956,-0.04137724080807786,0.0576164344077092,0.16463609265978893,0.20369654140693852,0.23308798599012762,-0.04686749179653884,-0.05378253355558685,0.01745189343391545,0.050585319525702575,5.571979671325501e-07,-1.8272638498175692e-14,-9.008453250915302e-16
MAR,2017,-0.3346678069394061,-3.255353763299573,1.0660367721999426,-0.5968244605548882,0.18770964101960927,0.437456940530975,-1.0794490672501167,-0.26191653204018844,0.6472904394464835,0.0834090551179635,-1.1159921947268587,-0.085036516610744,-0.15741497715653752,-0.16138275622456855,-0.562642853665053,0.03518599318034653,0.1345484248034933,0.15909132945965915,0.20263465095356956,0.1883918170132742,0.20153515995740684,-0.0890917023570162,-0.014617115647759716,-0.007660359816849273,0.08663449961085215,2.5751260429661575e-07,1.0975504720490475e-14,1.0010683440488957e-15
MAR,2018,-0.20701711261926437,-3.172536267375257,0.9227683248670213,-0.7750998625426158,0.055690734838383715,0.23874515479949285,-1.1882949984931426,-0.26459366593321304,0.18312801127210532,-0.19130514594396758,-1.1547348380235558,0.04050859097396285,-0.21157134357721327,-0.29631867323691957,-0.6892991472716146,0.22501729938359522,0.21148922244776308,0.06847708326262453,0.158289944787212,0.12719668209384738,0.24343995392305176,-0.0916526266882537,0.011605908663150998,0.021375116504249458,0.02672989905009237,-6.283995500509138e-07,2.4983940263668533e-14,1.338826671996805e-15
MAR,2019,-0.05796892941184212,-3.048619772309696,0.9357440530553085,-1.0738257922032866,0.03382157354924996,0.49182103163384044,-1.0483589527320751,-0.19246986008835953,0.5317903907149331,-0.3806826570941394,-0.9927865457933792,0.04909272608398539,-0.2001772685119926,-0.1498913685174856,-0.8102695265484199,0.10300592859545407,0.18095913129840302,0.1267778160490609,0.13485629058657192,0.1389917469091009,0.2721608334560816,-0.11783840604813596,0.005253334602978717,0.02474444306461382,-0.0290506188502576,1.8514545708085128e-07,2.364937612173112e-14,3.084557663285361e-15
MAR,2020,0.888735770779329,-3.321955273427269,0.6037948667375701,-3.3752414212665784,-0.14047829651640792,1.1811845542634392,-1.5018001662827192,-0.16998961131388607,-1.29368139435785,-1.3170745689205379,-1.0329685254776917,-0.5862566997883284,0.05134503042029896,-0.15743513622058278,-0.703217985393321,0.3166591914902134,0.11800243524564019,0.2287745336754961,0.017811389889560707,0.06445802556211622,0.2610273097804498,-0.06552666638338814,-0.024110455282885315,-0.015676037677417338,0.005147695247621494,1.9206825410021484e-07,-3.3963483050713216e-14,7.391451923556639e-16
MAR,2021,-0.21134288719450497,-3.3908192350651367,0.9636415487790808,-1.6520380157264063,-0.17162516413524778,0.22643390225507107,-1.0506122448711281,-0.4226822648485078,1.3567804537031716,1.1018998885822884,-0.936080533331528,0.00665570399724933,0.3579390293423955,-0.27747619132632223,-0.5433643754174631,0.12200259397077941,0.33956433316381873,0.2074083676983417,0.07102200094885329,0.06618126396527794,0.1816270910906454,-0.14283265358447897,-0.020984584405763677,-0.07012062972962232,-0.04977180039155202,-2.2790110639646405e-07,1.9861525988881927e-14,2.53427059752609e-15
MAR,2022,-0.07208137513455454,-2.579784411588256,1.3001598422436313,-2.0672790441393474,-0.21408586077340544,0.14032871446791453,-0.9169104941526701,-0.004593750398781654,-0.07981174384884826,0.07169559285497658,-1.6324169019920722,0.4525550798662207,-0.038619782235493054,-0.19424373367075992,-0.9250120708295166,0.2727525682028241,0.25751054895383924,-0.18769784845991094,0.1432145036687182,-0.07663492785229178,0.23169441040442731,0.05423505158022135,-0.06367824604587342,-0.08632359195290873,-0.07126770396931821,-2.3366376284897054e-09,-4.492472101259982e-14,-7.480750169590219e-15
MAR,2023,-0.12086666856147185,-2.6251980223794917,1.3654410502678342,-1.675555360398045,-0.0689748520964636,0.5244601877631877,-0.44984857776657566,0.13191181005547448,0.4997695613079042,0.1991267696889943,-1.3431843284090297,0.25886031754591876,-0.148800331911681,-0.03451760705960622,-0.9630876858145633,0.22519431503071075,0.4989576101354743,0.056141042992417525,0.15663973170373305,-0.0011043609846634562,0.2433952980392748,-0.011360482904047498,-0.005441679873732302,-0.06498155555773377,-0.03694384831891428,1.195442669708343e-07,2.4892163406570694e-14,-7.07050003481508e-16
MAR,2024,-0.10682554585975629,-2.515754167435337,1.499366750895586,-1.4370831159473465,0.09009049498367494,0.5736340091599961,-0.8196057951138989,-0.30443515084674533,0.624842555822294,0.05931715349601726,-1.3109475064979708,0.18306371675388952,-0.17747470788279227,0.06937803587459242,-0.9754607179633457,0.2575505499138017,0.39914140729319875,0.12264805293548313,0.003269948502165687,0.049140660733312844,0.2635538311890184,-0.0033933955761587674,-0.01267579597528507,-0.05093808497801673,-0.03930354911830263,-1.76127349201576e-07,3.0951746790557585e-15,9.726588821468752e-16
MYS,1991,-4.700723719482601,-0.046893421672188705,3.4625537627571483,2.5540171271002365,0.24556577810895344,-1.145735845607706,-2.0399065501071356,0.5437803590746388,-0.9289471260553134,0.4160354971903187,-0.2532697431795656,0.9752731907007984,0.3955113187920064,-0.1931634609058476,0.6256467561004586,0.6520688855424251,-0.21770610571255378,0.26972655533695317,-0.15685684777390418,-0.05684269572057583,0.07069990616756215,-0.024311607646060048,-0.050458091292723155,0.028116142827067588,0.08021943815046655,3.210428891663125e-07,2.900866306546459e-14,9.954583841357023e-15
MYS,1992,-4.434985028125528,0.1567419740621706,3.348078566218903,2.322104058187904,0.25790988158271827,-0.8649268976443046,-1.762152597523309,0.309681095854559,-1.0935062077242497,0.5514854266361466,-0.2499832631054042,0.3240993430237941,0.4972681108140406,-0.09130619009718761,0.5143192896307908,0.20086716680268876,0.027347806242768634,0.6733350028795801,-0.05557719370735432,0.013236630229592612,-0.04674556610434639,-0.003089625554738838,0.062979300695559,0.026475620146152592,0.05254182855950388,-4.7363049050317576e-07,-1.4611671414807067e-14,-9.244351677515764e-15
MYS,1993,-4.517601328615209,0.2335628666377905,3.64741135007399,2.874819479717076,0.5529888559743326,-0.8742695660412059,-1.6042942765491552,0.09943987762893812,-0.701843069269204,0.13760051054696834,-0.3439159183394198,1.0239555542821146,0.39693921736043214,-0.12031044821057268,0.40581613433126446,-0.14132961728206195,-0.12663798347680297,0.7156968927192777,-0.022055218184519537,0.07962352211830627,-0.07708538628036735,-0.05152455531789263,0.058155067187577104,-0.01061598623692,0.03610796367350226,-4.122616856547498e-07,-4.258307533093969e-14,9.866895108962722e-17
MYS,1994,-4.956594061178484,0.7220617494529923,4.035035943781299,3.1266780058339987,0.890747383171485,-0.7071228178136267,-1.5158905356329477,0.21378554350316226,-0.6474259601588407,-0.4868132195262025,-0.6277696890086342,1.7943953214390342,0.362451489856185,-0.2939942486459915,0.20990414534692642,-0.11268111891466644,-0.059256018682916196,0.456448183749071,-0.04589649656204419,-0.07592457087520788,-0.07893540903581789,-0.022787112732498643,0.09100426513859666,-0.02393618903139116,0.030126961986229866,3.89722775637289e-07,2.4858830818375278e-14,-1.409387771953974e-15
MYS,1995,-5.408087519358475,0.8529098350746167,3.975084860118705,2.418075747303304,0.6713529099098657,-1.3833994119085808,-2.0108750568920217,0.4148896506919957,-0.2339183083367084,-0.6119551825031933,-0.8877626839461078,2.2580657094566625,0.5899988642799534,-0.5996893534310297,0.11345501504460155,-0.12906057327675333,-0.5227468768606489,0.37510556774935416,-0.2770868189572146,-0.02047122957689441,-0.06103979723011884,-0.0419945989135138,0.004535032980626428,0.04809273939293162,0.0037743207404317505,5.548378611019034e-07,3.766846708204762e-16,-2.08114197467251e-16
MYS,1996,-5.333814725194599,1.1650521043062412,4.013286156708938,2.4122091060210265,0.5626195662298049,-1.0129691157599863,-1.5500932134735763,0.38141348530895064,-0.16275401534461387,-0.4505572844019594,-0.6425667254209964,1.369014086262635,0.6430292161124559,-0.3108144678746239,0.010792022140358706,-0.4327285026670417,-0.6384859276648966,0.5128507470286122,-0.11190221353707527,0.07424077345121059,-0.1601552542626427,-0.09630407901792296,-0.01895639277915289,0.02636135693472185,-0.01690395352418187,-3.389781766707656e-07,-1.466316040696018e-14,-1.0559720541616987e-15
MYS,1997,-5.272418122447066,1.3715504615798162,4.245309674503893,2.7334946696274995,0.7567158814345155,-1.0452039800280792,-1.638784589995962,0.24276690367063053,-0.7231075843690212,-1.221054320865297,-0.4869047510715474,1.620505646283478,0.541212680696843,-0.2443355700044713,-0.11356310241231904,-0.33700301289777135,-0.6241260635608528,0.42414336189332635,-0.05392983225917715,0.03810019797691856,-0.10567245522384719,-0.06180765184985832,-0.015035556996426815,0.035180284243839996,-0.03366396140395459,1.935366622082955e-07,-4.105386128438617e-15,3.566791098397114e-15
MYS,1998,-4.33246873291741,2.443959775043356,3.5732349610475747,-1.5052165975069893,-1.2165903441961003,2.5056882635742084,-0.1571196058117952,0.9467811714311783,-3.0894996383071605,-1.64327501751876,0.13835125827490694,0.5830329661478323,-0.06755389957465775,0.5717276170978468,-0.5328008995914438,-0.4066975111026935,0.28210785985237385,0.5984250701599101,0.1498330420901336,-0.18176882304429762,0.043697956176336206,-0.09432683675609924,0.12271177730369466,0.05481032887497943,-0.011699405511243538,7.505483736153165e-08,1.4323517301492052e-14,-9.033480471341116e-15
MYS,1999,-4.8660884495457335,2.7678642499567294,3.70356614894806,-1.3451350758233052,-2.0415653802957667,1.9618463764314682,0.0026360253619784803,0.3408615967800406,-0.8647914233510087,1.5565055139846016,0.4517847396876238,0.3526327794756494,0.2466010693436621,0.8263812149733681,-0.2778487292424096,-0.5414181768419468,0.19614024277259492,0.0754540323272918,0.35945760658141074,-0.3265730549838471,-0.067287750971333,-0.0870013744138234,0.0349106491516175,-0.011874573558247066,-0.04046448667088841,-2.0008787545979024e-07,-2.6465843116838476e-14,6.130026439314644e-15
MYS,2000,-5.170244487337147,2.6559765528971395,3.436529811897244,-2.2069668642089466,-2.2735515777824298,0.6425515185729938,-0.9283322033316421,0.4473419152338574,0.07082124535570247,1.7678259957776135,0.2529169729266852,0.6440138294724942,0.7640753053602086,0.4791459505302359,-0.26071349850680886,-0.4316713528708193,-0.2406709756036559,-0.4123319593691705,0.11919685003076314,-0.3138819801882052,-0.05779745781625984,0.004858176696985128,-0.08299125135278479,0.08473108496427145,-0.06990285135474952,9.329673434052442e-07,-5.718887689525009e-14,-3.602089892272608e-15
MYS,2001,-4.024009178492719,2.4571348193926483,3.3124353073744115,-2.5610640171624097,-1.3994750278338077,1.354813466697724,-0.7919265639850684,0.9737734063779673,-0.768483491481428,-0.3679773225293401,0.31945116052303435,0.7773913989950447,0.528473692820727,0.6480778595728096,-0.14848931418051403,-0.22274736664141867,-0.2671951201789751,-0.39231450010476865,0.22583536997469428,-0.27228642155699345,0.055076001120200516,0.04093245560842429,-0.031508216744900314,0.0714080824080745,-0.0482292258667781,-8.046707972097174e-08,-4.084702895473654e-15,2.398847712086404e-16
MYS,2002,-4.157959870072631,2.3544207024773827,3.154562320305269,-1.614513574446958,-1.7114089596138047,0.9429067336726148,-0.6289868949746739,0.64098942759042,-0.3088960761443186,0.7538449440434289,0.28410205602825567,0.634129998163291,0.3683906830328485,0.5134665507968506,0.04476239123855955,-0.02041510235931661,-0.09815508156067593,-0.38088613250413206,0.25227969162219444,-0.28987011822963715,0.07441407441273239,-0.020049397375511036,4.9420910772706145e-05,0.06430694354369168,-0.015955328311370944,-4.967549075856143e-07,1.5352485265448002e-15,5.865982449340669e-15
MYS,2003,-4.179943534940961,2.558399121890046,3.091646409608144,-2.2916043027597466,-1.9478028878889964,1.3246103233257112,-0.3767261523985128,0.4668028588350008,-0.04724991355781266,1.075944245318863,0.4124394846511954,-0.07193669529515104,0.7418953551859353,0.6934270552365177,-0.0027856864405461086,-0.2022920693950271,0.18492676121376583,-0.20482968606319482,0.2375180944889154,-0.26940298947438973,-0.08229327532845128,0.007612616038459435,0.011862461891543767,-0.0013935364709649763,-0.035233257880415966,-1.305471234818918e-07,4.526596872938473e-14,2.919496050517443e-15
MYS,2004,-4.601299090903191,2.874330010018229,3.277102840982541,-1.7014075239167288,-2.0986596582971346,1.5891521858049944,0.09146304429085964,0.14176806306918446,-0.08054603262188723,1.223681905102312,0.2875153760215623,0.2738792035682986,0.6522101226241525,0.5537911072147758,-0.15765914674661632,0.19057654011389108,0.07340398653020982,-0.5238822647606057,0.13720163504013813,-0.29505328675518727,0.018158901141943913,0.04718089053033825,-0.036982582528358135,0.016606238634845064,-0.011061594744994145,-5.203855222549899e-07,1.4725908315378795e-14,-1.571745174538584e-14
MYS,2005,-4.396547656298908,2.8594857230853474,3.3036665835534973,-1.5422228682054746,-1.774659185928845,1.7678423753298134,0.564881078703297,0.16287324585008928,-0.21458291479545272,0.7211384373308629,0.2453781627845631,0.146489649534485,0.42584678832625006,0.5503489590488567,-0.23258111778285942,-0.1321061877138995,-0.07972597628745037,-0.39810754957786576,-0.13348495352726714,-0.06374205429385683,0.034015834010905105,0.02086593623436421,-0.023889647711467937,0.0432801591380475,0.038777336353103334,6.049403201748217e-07,1.532734427305726e-14,9.928042843748024e-15
MYS,2006,-4.480402521743998,3.1178174666046647,3.3058806683900808,-1.4242955086009634,-1.8582089036957492,1.6813687943756612,0.6832753657246337,-0.15465787987285973,-0.5412907175044017,1.1144325751736852,0.2314147248823765,-0.3167967917660684,0.3072431736324115,0.5359490800895947,-0.22201916511416203,-0.171501111885751,0.13043733220626128,-0.25604068781263356,-0.05395053288094102,0.03199603843797622,-0.06792766340667022,0.07904013487543804,-0.007407860141443618,-0.008008199185224477,0.026791482401818553,-4.473763291400717e-08,2.565856533824963e-14,9.84995738408028e-15
MYS,2007,-4.262690910039634,2.961843442929801,2.944734203541202,-1.295052647817281,-1.8060553189166926,1.6503997304782299,0.660866188904834,-0.2727644016622683,-0.1651598969783058,1.1003545704262214,0.049050947234633706,-0.46449470836444784,0.26371392194797333,0.2574865539140058,-0.10324331676360668,-0.01583415547600382,0.19566815191690373,0.009613078576287999,-0.09275260232918096,0.048478248622758714,-0.05090026080648075,0.0808547116984223,0.02149439817515302,-0.02206697099697747,0.03838074529064962,1.0166052195030083e-07,-3.126980735493014e-14,1.031503747326309e-14
MYS,2008,-3.8377860844545495,2.825746041267922,2.759759644173447,-1.8408101693750651,-1.6270517156248376,1.703671265518624,1.2583736964321182,-0.00013864356253708257,-0.16420210500336688,0.8418150762502189,0.4407502494520094,-0.8429297783598416,0.2967989327706234,0.25917618763139033,-0.11662856648950404,0.11035956707251315,0.18579028261265101,0.0980828232513273,-0.10956208705821638,0.2171986041027549,-0.061830835489142644,0.11777160532061216,0.04625191821728629,0.023733590450079188,0.04896214604393373,-3.123736556740193e-07,1.2745919118782772e-14,-2.9346420852829793e-15
MYS,2009,-2.6367021229940217,2.6537108193690595,1.963234223902309,-3.427710503950882,-1.5730124258026605,2.162188618033639,0.3630732485752288,0.6026852098517151,-0.2693575910410213,-0.47162669418551373,0.09013946963934413,-0.906914480607927,0.3739080012015501,0.3242113425306221,-0.12626304343201625,-0.13670095469790944,-0.03187630950657291,0.36492222192799045,-0.11940184488380433,0.008782975040901546,0.07144580472940944,0.02575594464827142,0.05927370322281986,-0.01996757980260048,0.012411591691807866,2.874700961500084e-07,3.31087644311996e-14,-9.342921170609325e-15
MYS,2010,-3.243118032379973,2.394859921323096,1.9585676711213709,-1.4835649322288218,-1.678179558226118,0.6322490412484694,0.38805238853938495,-0.1634859914055925,0.613250743224128,1.0295734576471016,0.2372454180950567,-0.6930266003647088,0.051686256770977365,-0.249592965985685,0.009399598250719102,0.14874771378781254,0.06385667044933166,0.253309635701103,0.021213871725269895,0.07310547060804372,-0.0398759349119263,0.014584278932372265,0.07729608386941225,0.016068376339484564,0.01771102450469043,1.992596457647681e-07,-2.952891513060069e-14,-4.4665439259203375e-15
MYS,2011,-3.1837854635646963,2.5802171626310786,1.9607380740220357,-1.340008108577989,-1.4293118036986037,0.650967041221303,0.6802738425931337,-0.29413005211482474,0.010032204542874954,0.7306256902164283,0.4002585354712535,-0.8785297297883882,-0.22854580070380295,-0.4206820258992285,-0.10651089720628178,0.3255638460265592,0.28112252128415166,0.52520039691338,-0.05770798860380928,0.16742378871938543,-0.0624347926918512,0.07686194237802432,0.12910493679041224,-0.005631228305628543,0.024495602395251153,2.2512518934236081e-07,-3.687990487959741e-14,-1.4454064416978864e-15
MYS,2012,-2.9906380729579913,2.4274155166504228,1.6919879621555276,-1.318369991983402,-0.846807059894304,0.14324158960207317,0.18242102021640852,-0.08365128324529239,0.647661670042482,0.005816418895879166,0.18390084677641239,-0.488273529742416,0.10233726816747382,-0.6537694532839341,-0.001361308939982846,0.42971599473581845,-0.09053305902654026,0.17985486314558335,0.018519651087230974,0.14128688975340453,-0.08665095862524716,0.10819795348997362,0.11258653084436712,0.03525186974157973,-0.005593687616500986,5.669791168400823e-07,5.929317602475226e-14,-7.699173415799403e-15
MYS,2013,-2.859894795354947,2.3670098248596707,1.489817232925652,-1.2390786935866311,-0.8733516964358456,-0.23845149046366818,0.02029069934500959,-0.140603584852037,0.40009525451879674,-0.1921500572611748,0.2657181634053482,-0.4547460145532633,0.07294578444163569,-0.7390659163342806,0.11828137863078445,0.34577697254756035,-0.26549008324411977,0.19672587527758473,-0.005241134400162871,0.21416026546164812,-0.05006573427683217,0.09665031440217751,0.05489952594708825,0.025489803361027113,0.0046729955325026775,1.7278007099213158e-07,-2.104494574255029e-14,2.0554382167631693e-15
MYS,2014,-2.917467226600983,2.424168716427844,1.4756202014640667,-0.7499130751127279,-0.7297347610061858,-0.17179623588370233,0.4433157051374621,-0.09462413378597809,0.6644400147432534,-0.15800810264497875,0.4882147763212553,-0.4620477070120986,0.0019552489599145703,-0.7172171612424152,0.16475485228999717,0.2295098207232286,-0.34197611889661345,0.21767303501430926,0.03597374563036702,0.2941328022061545,-0.03909707243079238,0.0514947964829701,0.03397854830375389,0.005795062816213965,0.03085069758681053,1.4794627084655458e-07,-3.3548499710940265e-14,-6.085558884646542e-15
MYS,2015,-2.548792958633661,2.189888876516688,1.2324060000516899,-0.5934238814365117,-0.8513491606121848,-0.21228460172162766,0.15799414715221433,0.022830785979467468,0.5560384329346549,-0.4083525963959766,0.5060550016103645,-0.40021970144715363,-0.05130441970817497,-0.5977186111070619,0.21158879367723338,0.08084707734791316,-0.36190466321404985,0.17323759240037254,0.13087555478311594,0.19501923622794562,0.04727065309804943,-0.07406513236873827,0.006806020685991542,-0.03413545875112473,0.02887369267237025,4.2636687316654093e-07,-2.5508985823774828e-14,4.403452453928033e-15
MYS,2016,-2.362087753948389,1.999113238011325,1.1063328533297594,-0.3930533479391212,-1.1376011930780252,-0.3551739391202068,0.09274375304187832,-0.1174098787622154,0.24969938800864466,-0.44191939926365,0.560375289203272,-0.43666184443061906,-0.1491273952664065,-0.5839352395606524,0.2826926634473707,0.0746747344488081,-0.3113230946629864,0.24965135581957473,0.10958407827818752,0.16354515471604417,0.10985937248825618,-0.1438169713334899,-0.02540131349197146,-0.0523706206552108,0.05707530862717109,-4.756414812632856e-07,9.562645847450133e-15,2.8591648147651613e-15
MYS,2017,-2.6218131028292095,2.136430594514785,1.2942123419799167,-0.543450356071324,-0.9952263704102694,-0.3360131827104424,0.5460043922856359,-0.029829220055660598,0.7154428559506083,-0.40725978033477384,0.6177192705180358,-0.15831124213765946,-0.1245045603315422,-0.6836155305589776,0.26397234988755996,0.10510171366975582,-0.2693264883839339,0.1615778571672828,0.07777370907963985,0.21441070905656381,0.029584921415517555,-0.1068545446700345,-0.01959928678121676,-0.044133879458220344,0.06485148090623538,4.834946271527878e-07,2.588075073200951e-14,-1.2916790767035977e-15
MYS,2018,-2.362672636285829,2.350340149709513,1.1922070125628335,-0.8026818459302139,-0.9630900586642405,-0.26183542460450415,0.5087787852474395,-0.19273560139660215,0.8997371870369458,-0.7368227064615774,0.6961579121880136,-0.2405473107718419,-0.3473340234905192,-0.800186071001772,0.2899074212878801,0.29790349527317056,-0.4684242691751892,0.06364841979273506,0.13282543834040736,0.1806275843678637,0.030507516178675503,-0.036648654389065595,-0.05865275857915017,-0.025690668658043925,0.04055864628142802,-2.0603275583552763e-07,8.936599180433477e-15,-5.627968817010436e-15
MYS,2019,-2.0311117233729448,2.4049827486703332,1.1650926308527463,-0.5857437507804432,-0.7619091534002764,-0.12035074992368312,0.6334164874313397,-0.1994306360368668,0.7716220990531478,-0.7431724580819032,0.9277181813870208,-0.4093662555967582,-0.5346497349008267,-0.5891420500685852,0.21834454759719865,0.21652108745933532,-0.3542660588290038,0.13251968262307126,0.27416325632449656,0.21041669671024973,0.028150919415464527,-0.07913051006199735,-0.017461133345939434,-0.0676018534835127,0.003242671179102392,2.2219794887465976e-07,3.141740672473628e-14,2.374549401415637e-15
MYS,2020,-1.0177513521333104,2.192484151022327,0.33069391880576693,-2.6484967102574672,-1.2701671904826837,0.6446668072915609,0.28793423839842397,-0.10990828428210515,-0.49374404755116,-2.1043110362265196,0.8543475726440909,-0.6330935521980908,-0.5437921332565542,-0.7218454020398055,-0.08372170223091549,0.4966329821028934,-0.24001458479124607,0.2721281638063329,0.10862083871724612,0.12097146447123143,0.11965767527785208,-0.07589755696005357,-0.03779867301028301,-0.07033565776088484,-0.022849418158810374,-2.746099793888736e-07,4.7346659858301365e-15,-5.543902711442085e-15
MYS,2021,-2.1225276898670393,2.3308746733009094,0.44154962246537366,-2.160613621483974,-1.7828501803331702,-0.19305033917305855,0.5945196450089913,-0.9155979017317529,0.08103667723572267,0.35509012842253634,1.0017264968040467,-0.6198392158570809,-0.45914720807523235,-1.5903859246239391,0.0016540496422955218,0.6824913805339605,-0.18691631451795165,0.12864566492037946,0.09916940456670895,-0.10824953077838095,0.008366876765054928,-0.00870623689214122,-0.09434345580346248,-0.06076097178961535,0.01629576398834878,-3.1133241062981874e-07,1.1057547143871907e-14,8.369482599618228e-15
MYS,2022,-2.666176762361625,2.8567921423253257,0.9203233868023598,-1.5503879190429721,-1.3852187899878614,-0.4631971803063757,1.2981220546522034,-0.9353994116194936,1.4091668012317153,0.8762566310325834,0.9534339115886491,-0.0978625843833359,-0.59862167536266,-1.5799239657320068,0.08885295142265681,1.0020306377146158,-0.192284812111787,-0.20138572768625712,0.14577176782308693,0.01974246272748799,-0.11508268445544936,0.1617377305918906,-0.052865511236677466,-0.02647593509172046,-0.051323045375469376,-1.265017978107554e-07,5.4121656795871604e-15,8.81164009210235e-15
MYS,2023,-1.8502378597219018,2.687656002252085,0.6595842468833684,-1.7894020814941447,-1.1467412758470368,-0.3046314361513656,1.014252201448806,-0.4675729039185848,0.8854438409024528,-0.5605773122143629,0.8265238284953139,-0.13482022259104623,-0.6710391889017642,-1.2128478363862443,0.015989297069142518,0.9473716104302454,-0.2608474062685176,-0.20069671662861613,0.20026213565160084,0.08552519870107521,-0.020742972248277525,0.1002255664892049,-0.05081401231751476,-0.04064282443780879,-0.09059875372040226,-1.9472197961064155e-07,-3.0094062260981133e-14,-8.493332777804777e-15
MYS,2024,-2.1118040730349725,2.8239226822458616,0.7961554948152129,-1.2243130908707116,-1.1702020178682655,-0.5175531232755388,1.030335067755728,-0.8878369818014267,0.8394974546288296,-0.2305765405244257,0.6593328810866235,-0.11185221998784971,-0.8567869192001183,-1.3459911286127593,0.04962502984653413,0.8835055751645017,-0.26931342571597155,-0.037223319968927665,0.15105540526774688,0.14052439263643896,-0.06237102435307631,0.09849705438743231,-0.03754111981887583,-0.020580044015314873,-0.08672974298308302,-6.743446708298488e-07,-1.6145923880954766e-14,-7.838613334299895e-17
PRT,1995,1.8424367977211886,0.36641619897171496,0.5566358262274749,-1.0550584139120973,1.1894822076414875,-0.6348110072098375,-0.898597668346143,0.8400039215649365,0.5781885586758698,0.4430659045069572,1.3792170519955036,-0.10381670883779136,0.2354906194095657,0.4699895283793742,-0.561473307173569,-0.5454935867163222,0.061928982388780925,0.5098157703330127,-0.14896509679446004,0.2295262127678945,-0.06900650935593729,-0.07942109620221408,-0.11047820464755874,-0.2440048216915695,0.12245906362026096,1.323409707329548e-07,6.049030858636706e-15,1.3631318069194842e-15
PRT,1996,1.893818930366677,0.24247472936230263,0.42030792437038256,-0.8087660135281972,1.2179891186960952,-0.9055838521894515,-1.2519004699000826,0.651925001073516,0.3633205785288658,0.170643051622957,1.2638786531997206,0.07846059138552303,0.30958035220380276,0.27716838446131054,-0.4255484571749684,-0.17178370252898795,-0.017833595848365403,0.2487384577703016,-0.1630207645344105,0.12843488639315553,0.015198066529668198,-0.005651617260074211,-0.09486137697263197,-0.1450443873248185,0.1341192329791779,2.1914890986938767e-07,-1.3150330016338606e-14,1.0272456788482844e-15
PRT,1997,1.6165039328935726,0.4417801096348343,0.41272019607324956,-0.2819867179254804,1.269891629625018,-1.2784828817772085,-1.5526192559374186,0.5814684491699875,0.40324734583141275,0.12094727202659182,1.0328363039488064,0.015086541702897117,0.3063945705232497,0.18401401908857212,-0.3670106723157805,-0.29509392468798645,-0.10463709106436724,0.14622660176549931,-0.061065610969369355,0.09328001306491698,-0.05620736151386724,0.007407645492927636,-0.0960439157450732,-0.11310003974309446,0.11262569646275059,8.694450696308644e-08,-1.3144782860104502e-14,5.496704623650456e-16
PRT,1998,1.089481750506342,0.8785744685679305,0.3531375676028148,-0.31535159917541244,1.1122588651720413,-2.2337563483191127,-2.2525693593308818,0.6894127135373499,0.026977876199039057,0.4525036542756422,1.3143376262941464,-0.39704199992033656,0.012376469376975148,0.2803074259354221,-0.40116862919435076,-0.6655553302790423,0.2594571578483998,0.16815282952134514,0.09284299473567978,0.21968322055635067,-0.18650153744728704,0.1409335557702922,-0.041170815815021376,-0.05610518160149692,0.03893783588164183,-1.2512685930932965e-06,7.51068294580244e-15,1.2055214312065293e-15
PRT,1999,1.2888049089493505,0.8684394144196619,0.4937334544968772,-0.2820147570939996,1.7429507532878687,-1.8593794301917326,-1.9712634685727117,1.2867197296524218,0.706507318180315,-0.5777899951534616,1.2786909674437659,0.1808287691149422,0.08001016706403595,0.2544915814397375,-0.4139971316194931,-0.44532085484101774,0.1132873052936145,-0.020920828378346364,0.027801828646939322,0.14491672984845955,-0.15942571533003178,0.04114820048596389,-0.02061455623598734,-0.05347690904377456,0.05588640938963301,-9.78710022130685e-07,2.591244051599732e-14,3.1758460360484356e-16
PRT,2000,1.1104317348773955,1.095650895873907,0.28779734617810915,0.2814878774609094,1.058983872068664,-2.656283674734151,-2.555385646042059,0.8455810600793603,-0.32022393129293675,0.08894709555015218,0.9525615309060211,-0.2646276566584274,-0.2725189072752196,0.07869884622318259,-0.19822310645132313,-0.3589467427763837,0.18982239052684718,-0.0474126731892287,0.16245526617732786,0.07916055844014046,-0.11038470936094653,0.11719354971643668,-0.03670352803685355,-0.002422649683273787,0.07163248383265741,6.75026163170182e-07,4.28065501506751e-15,-2.1904031428251885e-16
PRT,2001,1.3859570476712229,1.122893506155335,-0.06531521535849638,-0.4822559976082475,0.902501637675557,-2.5467150114284114,-2.469064316809626,1.1420153724840287,-0.38983331006145183,-0.16246917392378676,0.8341449462648325,-0.3319650578586648,-0.13162509981315235,0.09238323191451256,-0.15112460358933363,-0.3376191751691716,0.149514985921612,-0.06272639311686098,0.12501422533343928,0.09202135554917251,-0.09489658962901916,0.17620395818514137,-0.02779949355064656,0.03069763106689408,0.04259905321496442,-2.4813396909311696e-07,4.212891864966085e-14,1.7572375440981943e-15
PRT,2002,1.8177145826082104,1.1779181057643848,0.05548077516695522,-0.8283416204308974,1.528400213009768,-1.6929848925609263,-1.8472949844637943,1.4750741789267534,0.2388369283201827,-0.93583273924085,1.1290991911180532,0.10921350569859258,-0.06469220653465406,0.32799563260142217,-0.3225254319181473,-0.39016048495468386,0.15233037010489595,-0.07089017743491118,0.11320653361294243,0.16037754285834485,-0.1104313202235642,0.12066727421298219,0.03562591011166652,0.0023772035507629028,0.007138455152579538,7.507408140136473e-07,1.7133281003982512e-14,-1.427341880092282e-17
PRT,2003,2.2828974885226603,1.1540169604408677,-0.4618044997123133,-1.1696742782282927,0.5209442207736064,-1.9280329426727345,-2.1880261487590826,0.42196961028682095,-1.1002872775626669,0.03372261894965793,0.9880767701643909,-0.49571962074572923,-0.20261778093372215,0.21562790122785713,-0.18288754032737134,-0.3802048814267643,0.3625046914702501,0.010157565553011831,0.1902504412149767,0.14133008215486656,-0.14824101887230742,0.16485213681510918,0.04050444678892304,0.009985653325873091,0.01433019775035754,-3.409433207807204e-07,-1.8855340131288512e-14,-3.361015915523751e-16
PRT,2004,2.4324137231724983,1.0687721347035122,-0.44864509114725243,-1.6207667952650566,0.9178499670871103,-1.6548235389613881,-1.8907954907519935,0.9149425627339022,0.4456255085528817,-0.1334406404182589,0.8540994760332647,0.18504921283941128,0.12338532552050128,0.15419713120416276,-0.3308229885973999,-0.2152896735894252,0.1851004315323108,-0.1368030250654124,0.10542625895146739,0.05945047089285535,-0.1356206246997119,0.10890375245526518,0.039346114386068734,-0.007720547990637327,-0.005226370668911781,-6.661858578977053e-08,7.360977973371491e-15,1.9696207089928985e-15
PRT,2005,2.804343162038406,0.9410520952423259,-0.6339680900578175,-1.7118113462995652,0.8677008396694951,-1.726576520477698,-1.9487658707223559,0.6267995046488236,0.18639593832321114,-0.2323206341725008,0.7364586166629945,0.450631411746094,0.17898040013965436,0.09219608349535491,-0.17610387596366656,-0.04765511826502429,0.18621467893333687,-0.258258695325852,0.031273541526560526,0.06171367141525782,-0.12981056315397166,0.1285718866932616,0.059473770254407705,0.011858959303451702,0.0027838838000316403,2.999201193900493e-08,-4.514561437593402e-14,2.2464252520396033e-17
PRT,2006,2.6515166033738735,1.1421411935281194,-0.5053098778203323,-0.3383211079272522,0.6390721285067891,-2.04303554900607,-1.8799007507468537,-0.06905889381683428,-0.6910943354708843,0.31269748740428016,0.623923867325631,0.34941660250609247,-0.24010104001007584,0.00632114090128248,-0.11484758229868056,0.10657584959553454,0.3141209681718637,-0.3550798505599127,0.11957177841537404,0.08857160131289858,-0.08652370801188379,0.12772096457762064,0.08707122052576755,0.042905773938857195,0.0049357301098542986,-1.0249520045449582e-06,-4.3368859586519805e-14,-2.5750784997360708e-17
PRT,2007,2.7000551237381685,1.1113043694578026,-0.19404231283676637,-0.3356937338113132,1.2285521761361866,-1.5479111785365447,-1.3999270809040145,0.18374118859878402,0.14387766519779752,-0.19535007452054415,0.7786050504865006,0.9300473093038444,-0.1295625178615123,0.12091900311785986,-0.08369894540550941,0.043018910021433404,0.20369473596572446,-0.3862063423149431,0.13040033829938164,0.13666327948327417,-0.07706741380475605,0.15179578732246315,0.08035961027059085,0.031032919400749766,0.02534117415494533,3.5557558097406266e-09,-1.1635022234530042e-14,-9.02154189625816e-17
PRT,2008,2.877577893276817,1.2213460444631354,-0.515138377539785,-0.6575088026760131,1.0214386230297678,-1.7213461095076381,-1.7002140631198472,0.3312707586389502,-0.21008678270361208,-0.49016283782205605,0.4483761358495066,0.9136315373924134,-0.2694568276843496,-0.17353023768239748,-0.17140626885104465,0.2600971284272768,0.05943050413433668,-0.4371570835403249,0.11610646169535646,0.016227179286353546,-0.038612556272387855,0.12603526345936147,0.05074513442507195,0.045654800074534145,0.011039701316698257,9.237985049255718e-07,2.450656447985544e-14,3.232363676314762e-16
PRT,2009,3.78604798055574,0.864629799245463,-1.3684764021855502,-3.3079207827870443,0.01717384531732671,-1.5695061772105585,-2.484472743218103,0.3386182777992444,-0.29362789547597534,-0.25146926788354573,0.30443306628301975,0.36701501147207327,0.1680770428089871,-0.0880408319493688,0.043392297432833814,0.2473868328002946,-0.043246113944164104,-0.1971453410695251,0.056205445018367,-0.05884615197352364,-0.11773772280293952,0.03810975734874293,0.04351330403811305,0.08720451611538836,-0.015927165545833066,1.268380308696587e-07,1.334601253159875e-14,-1.5722276200212398e-15
PRT,2010,3.696831999447695,0.7339898748719137,-1.423954457234553,-3.464010813344162,-0.3644713715518425,-2.0249643059399327,-2.38718175358885,-0.07751245623938208,0.1958473975262142,1.1605718472048507,0.08145922038424276,0.5754263576614498,0.5902693768347371,-0.15764251491618794,0.291409898376282,0.23261823072120208,0.030467247068729816,-0.3001061272269244,-0.039637137825797475,-0.04341031073053755,-0.1639183192086804,0.07652127727728177,0.021501034855313683,0.06564290560742807,-0.022274728008767238,1.5097285619055906e-07,3.5615857835425885e-15,1.2800116435994478e-15
PRT,2011,4.207834057842127,0.917339429022652,-0.8698209965205541,-2.378240685842758,0.11249881369475008,-1.0355573739445234,-1.1881712966660802,-0.646883845082272,-0.8951943910778661,0.5116599587573496,0.07685446589670164,0.9254976605107117,0.09023612880663957,0.22482912866425087,0.012104448400904444,0.39740179883736415,0.1577043997362914,-0.25893758423362184,-0.10177941782395672,0.24767751882626624,-0.21836468786869143,-0.06011024296409074,0.10623025150044058,0.01112585693950967,-0.08271104754982327,6.814614359152502e-08,2.0748043580030673e-14,-1.493759140407198e-16
PRT,2012,4.720160446604058,0.8403035178329189,-0.8300993771038117,-1.8158858178612451,-0.10735042543462717,-0.11733489974581635,-0.621616146850237,-1.7525491007274256,-2.085639744925552,0.7473125963813406,0.08090928952361869,0.8771925330259674,-0.10587134893074712,0.4074211877236713,-0.08117403500563415,0.4321445702841382,0.2165020276597999,-0.1641451258366331,-0.11435683033907798,0.27876607759777555,-0.2722181767531596,-0.1631264039566759,0.13760121041145942,-0.08439074294561562,-0.07393202533342666,2.7697777124047716e-08,-3.778746142653713e-14,1.39665432427393e-16
PRT,2013,4.868542360447288,0.93333555466357,-0.6198705860628426,-1.441503837157635,0.10206724048389766,0.46436607884825704,-0.1906749821512905,-2.1422413619817346,-1.3660808807159055,1.2795399282850743,-0.0500226436734608,1.0070994161216624,-0.02275597951053074,0.5785433666657854,-0.1093310900714683,0.43743997562049,0.1965741105096511,-0.03055868105492236,-0.08902513851535102,0.26355024099730445,-0.28039611771160367,-0.13582747150298669,0.1294263031327196,-0.14695802334187671,-0.07165960633931225,7.49712526941251e-08,-2.0926587760976687e-14,2.527707445230452e-16
PRT,2014,4.589855421029151,1.2745603997230965,-0.8046180300306429,-2.023824417717776,-0.12411373483303287,0.056885950675178064,-0.5762664403998323,-1.5007360013151556,-0.6195195448655867,1.571333377714509,-0.17593408592154108,0.7577117098886413,0.005776931618333129,0.43768153841129565,-0.30032748946688864,0.5065672720277477,0.11888655538047674,-0.051118089211666606,-0.17285364878416037,0.2078989746748881,-0.15605488666923298,-0.11286898877908176,0.052911646446827616,-0.0756050836545841,-0.07795005159096581,1.241134361129341e-07,-9.97077216790862e-15,-3.062987184532917e-16
PRT,2015,4.266487107147785,1.3685675264267478,-0.2646958556192193,-1.2944726819012384,0.697678591960623,0.5844249707032316,0.09232820603289237,-0.6765772360461225,0.34135918041906,0.5541247174749925,0.0850435516870652,1.2374370869491504,-0.004854378677030708,0.6308344198784803,-0.5266034835891634,0.43269430917585905,0.06424128875502631,-0.13541961791000268,-0.18445875611735513,0.23842362113422458,-0.0858724796389308,-0.21295406438039213,0.034302974729536,-0.06067621751616223,-0.03917804371388938,-7.33880146342784e-07,1.2238459122851175e-14,-2.0732877760536572e-16
PRT,2016,3.9534136907635644,1.629896600794514,-0.09146862773720948,0.012925271085949422,0.5849007946330593,0.508416456510361,0.23254246888282484,-0.8745022772720038,-0.12225833766159504,0.5980334266990949,0.08986518822239717,0.7821975095083534,-0.4499221711903645,0.5932588660992528,-0.5945566522135763,0.33220049949331043,0.18623673183632614,-0.09457675936882445,-0.04402393303414797,0.2097788633857884,-0.08387401539257604,-0.272450371629611,-0.010836703693812467,-0.061748930471524584,-0.027346352234411016,1.01988203672051e-06,1.809916714906649e-14,1.3387483407358345e-15
PRT,2017,3.476613191184681,2.1036095844490497,-0.242145422180687,-0.07410885594802588,0.2637775428161472,0.020704607820006285,-0.07096302074147441,-0.6307393298257176,-0.042016289958716806,1.041344616671126,-0.15748032829344152,0.3679008271377115,-0.5166433217588207,0.42471304741284815,-0.6429146470578705,0.152511929723552,0.21832549739341944,0.0035961091786895897,-0.05858303017558291,0.20176924437131663,-0.04053883185546773,-0.17529009420144478,-0.06121655264855196,-0.0027361703161504643,-0.04337174032308635,-1.0487774981134674e-07,2.831078151832382e-14,-1.4116516113407e-15
PRT,2018,3.140743478197593,2.4200598521815526,0.02871930103230139,0.735313451207849,0.7627445284946182,0.21207744305434217,0.1462981895953081,-0.20048780250595824,0.2113567416152442,0.2567227932745527,-0.09871677060722092,0.4593083700621885,-0.8030539516899383,0.34673096470904435,-0.82531003265457,0.19999474406113557,0.1905881766376498,-0.07792046155563243,0.020533026695325893,0.14306315265616454,0.012382227612866732,-0.17396088865163173,-0.08567705397557059,0.028810890905118267,-0.010910621518233778,-1.1410244169031869e-07,3.3644206420888395e-14,-9.295900933237796e-16
PRT,2019,3.0401683334204312,2.528641951221073,0.03396420281650796,1.0440696139508348,0.5937830929772236,0.13940183044107687,0.04390825266687655,-0.23679564921264581,0.05804740560894622,0.17499434307305203,-0.26887977481874553,0.28055845329308954,-0.9283213364585995,0.36692973953054864,-0.6474184716720085,0.1516535062566231,0.25630038532070754,-0.006073033243436879,0.04457577367122016,0.11787178550432656,0.0192756295024802,-0.14750894106536322,-0.1128541631110354,0.05212780283568942,-0.0007927370759579495,-1.1154608151416711e-06,-1.938387787308581e-14,-1.3212125768150094e-15
PRT,2020,3.859395065470837,2.208630251435383,-0.6881824755206126,-2.33952460408171,0.18124779067212043,0.23761901056430404,-1.0335485762005763,0.5724333747938806,-1.1131414355533735,-1.3603278022066414,-0.44733427090836797,-0.31210144017710956,-0.5148584893035891,0.2266583670475826,-0.649781286249547,0.39229448699449043,0.12132772149182877,0.13220353526314746,-0.19763398339353994,0.047281768073026045,0.02163687539571218,-0.10143139850484104,-0.18705673758984864,0.11169551711966541,-0.0014606152906632378,-1.0316409269174286e-06,1.5998504539886637e-14,3.195339973712409e-16
PRT,2021,2.7451579198230327,2.216387131953253,0.21267012389915158,-0.07539468601372781,0.3862874339158001,-0.48012411849917586,-0.4918743751091826,0.18426578546573238,0.8081912374845951,0.8089623368975781,-0.6813650271802352,0.07225909244726715,-0.4399589305790535,0.28927445935102236,0.17813987309482304,0.15765626453858628,0.2420140462602244,0.016995510070075586,-0.06869579646844357,0.038908880999424945,-0.169487150367555,-0.148189078425513,-0.27979409825639157,0.10194683733108365,0.047049540186535926,7.43345784522625e-07,1.2694842710249589e-14,-2.696475575522555e-15
PRT,2022,2.2847200992734185,2.527222424558611,0.4611788021047508,1.0429330679221307,0.4390740865414529,-0.8623073565613573,0.08179388360265546,0.2643376374682876,0.41336090362153605,0.9737460279112868,-0.8940932572146433,0.6142530937499371,-0.6803476047989405,0.08868229271644756,0.18565241160438858,0.007020988555027973,0.42210929016858584,-0.2838017900143586,0.1060237580176908,-0.03276287870303372,-0.21282604355932216,-0.135277347796128,-0.23320385772938323,0.13949657315640046,0.027289803501947138,-4.060050532286745e-07,-1.9553395882878585e-14,5.930320535344176e-15
PRT,2023,2.3686801226446,2.5406212537264676,0.7895721390569576,1.2138480811030048,0.4740015558360766,-0.12913150802023005,0.2721194074291376,0.3437471585554817,0.030828294101533527,-0.2696318143630698,-0.6824339699869467,0.3323323982371056,-0.9436297920291312,0.5840383966265641,0.9051465304131351,-0.021682538342095922,0.5137675956931796,-0.05741092497826263,0.07545717878993803,0.22826065694675182,-0.23717940769433216,-0.2014078385952379,-0.25083493170475274,0.2202928860601059,0.04457994022600693,-4.75493207982134e-07,-1.8364948550784766e-14,-5.790499566765141e-15
PRT,2024,2.603315345893391,2.6412071271138253,0.5277083735891682,0.9027422986990864,0.36950824609325983,0.05407901853927054,0.18187986882626375,0.11422881940997726,-0.0464771440607932,-0.2260080432647357,-0.6787331105440275,0.05686370656320212,-0.9019033863347985,0.5541064382264892,0.6198905091366399,-0.07843826398775575,0.4428065840978212,0.09614444491974149,0.02469076964919095,0.2461751512855413,-0.21783078484304733,-0.1945195926229355,-0.2793258263624925,0.21857670535577708,0.015968905417591665,-5.188811408581322e-07,-1.507069850029774e-14,-3.844799900477705e-15
TUR,2000,-0.6945911071158714,-4.044161250720006,-0.06299856524944698,-1.0452521065979183,2.270219791535606,-2.0705180463335573,3.018578577435075,3.720099490690362,-1.0854254398649261,1.9145375577888117,-0.10154225587074933,-0.3222954275787777,-0.4274260665181684,0.40736514984839584,-0.37413374747168865,0.10256895681262157,-0.8636878267759835,-0.19794998605960104,0.1342008698622527,-0.05122628562232907,-0.1413714861449776,0.1320370540045592,-0.05808206515855205,-0.008272274859039837,0.005749978005052634,-4.1103033126330483e-07,8.770880056210192e-15,-7.783705581303151e-16
TUR,2001,0.36636030601895403,-3.729197728043307,-0.42573089917631063,-2.6902934307531274,1.8231590945494138,-0.6664686837779268,3.215667095116037,3.5580961054568467,-3.771487240953223,0.8897009626579283,-0.10656248125804473,-0.6058153557486555,-1.3459726571285415,0.8393960724674695,-0.4204038478842194,0.3407141822729102,-1.3501086297992073,-0.06184389739232085,-0.12940799547257303,0.19998181467191511,0.013324298610525866,0.09890973198461551,-0.07395517371418685,0.0311290620795749,0.03758733772661873,-5.083069454246244e-07,-1.359512652402154e-14,-1.5139575847165352e-15
TUR,2002,0.010303374974436359,-4.141761331317562,-0.22027632461508953,-2.188374100343924,1.5910493705318913,-1.2235801472189896,2.683485461189768,2.598949575289932,-0.907130431294294,2.3966790976019476,-0.03165798066673879,-0.003415424774906748,-0.5493361586955946,0.756557418046315,-0.008156095409079038,0.17053822821990086,-0.9326329640840746,0.08382601770148228,-0.2340590965464759,0.0881161867213452,-0.1472682760574441,-0.08833934686464563,0.016999106947063105,-0.027009209681698402,0.050977990387259496,-2.974302983115529e-08,4.56742937797572e-14,-3.244659053078908e-17
TUR,2003,0.14226091900239704,-3.93442435722933,0.1983520871432886,-1.0475921342884014,1.807743914172549,-0.3579093826147265,1.285649753924848,1.0927577200992975,-0.10719848184519196,1.2132424007098026,0.1493257676151948,0.02955739683360217,-1.1051017559163523,0.9672362217293835,-0.04145290161276005,0.632569024062109,-0.9324666335884174,0.16669905141524113,-0.22790664212527337,-0.060422560110832906,0.00039314476938251874,-0.007537219547653633,-0.027052830991808136,-0.007425125807140408,0.056223280938275826,5.579142707026622e-07,-2.7282881167972667e-14,1.5492073411532e-16
TUR,2004,-0.08744052632999885,-3.794590084114924,1.188214286867138,0.02147579617417456,2.0014671022506065,-0.5296632614884611,0.4450332073872874,-0.14129522318168322,1.1446228291952012,0.9628053983133514,0.11532135504355939,0.20531907988394707,-0.937893872652643,0.9394144876474687,-0.10700994486084196,0.3435984128794879,-0.6715215369205894,0.45592063920671877,-0.20309592193879183,-0.15029430584682965,-0.004564834995841395,-0.04132506714427269,-0.007201307710865844,-0.01812740745365206,0.005722617438936069,8.760343642678697e-07,-2.842341181640011e-14,1.9736252706702243e-15
TUR,2005,-0.0315236864480778,-3.5492169969054235,1.4597300380234113,0.6794002190280755,2.0897225332367806,-0.8133687864054417,0.39249326848278854,-0.608015068037122,0.8696181252385352,0.4354129706398017,0.12656864782788618,-0.00400114878814669,-0.7474409323194993,0.786863696094489,-0.15632391658504363,0.2007904185888101,-0.08549520224493767,0.407343022786888,0.04172921588787804,-0.3966186564591493,-0.09756720796303099,0.01239512621530919,0.07430137999663614,-0.044543648960493475,-0.022054232362731404,1.9903747865532652e-07,-5.6580553037493876e-15,7.146388186610241e-16
TUR,2006,0.04780427045554616,-3.2498979784888156,1.6003504208182078,0.837038024457673,2.180865920410368,-1.2445029538498233,0.19079097002683254,-0.7979522445638845,0.14895914530571455,0.12467987639589874,-0.12583090231000246,-0.1389383243405183,-0.7216919503023155,0.5885199456017417,-0.21608225262825556,0.23545658042686457,-0.17963061631341654,0.3589130894956742,0.05978678280684691,-0.35445587008941526,-0.031353050372554196,0.053876709893780586,0.04130600694963203,-0.03112623150775457,-0.0035136815979880773,1.32565295198376e-07,1.835758169264641e-14,1.0731486973167775e-15
TUR,2007,0.5254390784342687,-3.0137810287003677,1.1282730578155273,0.05603930863139045,2.1210071439997105,-1.3084116415156486,0.17330938404503804,-1.163634154771261,0.06933518084681892,-0.04269892086250238,0.02730015963954377,-0.12186403616110987,-0.7028950576509093,0.29149281967035773,-1.2246379808198018,0.1882678658194361,-0.26133841571903943,0.38756150375851894,0.18159872609240502,-0.33598345786384587,-0.08582172158731695,0.08379287672643332,0.08526689191838657,-0.04280262296643565,-0.11222550615236479,-2.5036395052427555e-07,2.2384208340171724e-14,9.463455864552339e-16
TUR,2008,0.4517797390550147,-3.019450480634541,1.3828717482193853,-0.8192831056371291,1.6338897817957136,-1.087860895163406,0.27693236751153627,-0.7235683297223077,-0.5710663264212236,-0.8848354918024026,-0.14874026190892622,-0.2813909887397843,-0.8756928716906449,0.3924806045680796,0.13710065112647837,0.34921383873034884,-0.10088154539476064,0.24017990849990017,0.1819250368593761,-0.30838420440822967,-0.13377457751079624,0.09088682612088939,0.02128345604588308,0.021614643916672574,-0.01508183819638199,-2.681703546306004e-07,-2.0334964273636593e-14,1.0144993410165007e-15
TUR,2009,1.5489417142881374,-3.2314678875717187,0.7337811184135071,-2.62359810398424,0.9899731054054768,0.04838977417313733,0.0783908493113312,-0.8509529382959645,-1.2365461371485384,-1.2732087239096805,-0.06779431923946863,-0.2742500372560697,-0.7642210244222329,0.8699995182982229,0.6309284430402063,0.47584177878164496,0.06014389646018896,0.4023227079406682,0.03358749296530173,-0.4665104721220045,-0.08193424244864658,-0.020316985167686655,0.08800558438106576,-0.05778843258409112,-0.050443943007191384,1.5760101611671594e-07,-1.9231065093685602e-14,2.568256485573175e-15
TUR,2010,0.32653449767424675,-3.2569207832139897,1.0528190164549618,-0.7441586494329671,1.526903530158388,-1.2432455175465569,0.31518717867958324,-0.6575246916844051,1.163430693316538,0.4359068523513999,-0.025589551762543714,0.101087628076914,-0.45469852113260406,0.6984780980227251,0.8850459796571384,0.45545968847592255,0.2728911997183662,0.20229702314255205,0.11762402238151144,-0.40686279971699146,-0.11099174856601195,0.058405403535938503,0.08344482351778372,-0.026524246133590192,-0.00012399181648482045,6.068508261341223e-07,1.5655626007647834e-14,-1.1137108089556659e-15
TUR,2011,-0.4758741335100963,-2.802206825032593,1.2845995052533914,0.4820507236293774,1.9117077075013096,-1.7582951115372636,0.09434595815685665,-0.8573188267504847,1.5671074977393211,0.20613222434949158,-0.08040430802067912,0.16062380967616577,-0.498364258410471,0.4071959127997384,0.658442637226342,0.518479324101205,0.1100461215481126,-0.03167596132458844,0.21489071409921287,-0.41350300411456403,-0.04966543467375587,0.14251523981888536,0.0021082876064287834,0.024954343897664835,-0.01042501928198209,3.973678765293181e-07,-9.51881653827576e-15,-6.34365663661864e-17
TUR,2012,-0.03434698888222907,-2.3297169476666824,1.0127460658157537,-0.7322081873478747,1.6811001062764883,-1.2984323344565842,0.39584453765061534,-0.6737813154777907,0.5806115705458151,-0.5350648862991748,-0.21538024008082557,-0.39485911171246946,-0.5847698006001368,0.38391831376274943,0.28892174898229944,0.34858277632620255,0.13288574311244034,0.17059103490297414,0.20149689479579144,-0.26552664435424633,-0.007780176839827766,0.1756968855175628,0.017391771243243894,0.04208828622018847,0.0016570379747561528,-1.1145847123981872e-08,-1.2902340616706369e-14,5.416565695540864e-16
TUR,2013,-0.16400888300492286,-2.2709982558014685,1.20927368128582,-0.3037449937016502,1.823001474051296,-1.6166914883698293,0.4646264054927357,-1.0804817956629278,1.3038192731445764,-0.15166041465711924,-0.19652915717730549,-0.19251122181481298,-0.27216661977035617,0.48281469582279796,0.49061983749814375,0.23581717330764304,0.056144630015584125,0.09602839588743434,0.15107001693312064,-0.06819837065109942,0.039487395606794255,0.18972942994682254,-0.008192876858908836,0.036947221714846115,-0.015025361853831846,-1.3749613647223155e-08,4.783048618916194e-16,-4.2391924315707896e-16
TUR,2014,-0.04288389627915784,-2.168085163390098,1.2814604560713077,-0.6493470405579524,1.6992583310376392,-1.3426194858513365,0.6562104698982455,-1.0659270155056895,0.5644732447687405,-0.8372450650807162,-0.2847057245485268,-0.36780819552025873,-0.32502668656475514,0.538962833627508,0.4323060319406734,0.1473392258120965,0.09471108974036963,0.1897369484470525,0.16416913314056808,-0.039104899181288344,0.0009326215489244649,0.15615241502818125,-0.012298964596861372,0.042474086047765404,-0.026137061473401193,-6.190178283451217e-07,-2.246277983202089e-14,-3.344861347737794e-16
TUR,2015,-0.005704301213412892,-2.1679314357278234,1.2137496526480989,-0.24219466725846994,1.6911475237579716,-1.2773316561954224,0.6291520060193897,-1.3428798444113932,0.631723325269683,-0.5864542764687989,-0.35136185891993765,-0.4276255471196614,-0.10592210425676896,0.6250229347607512,0.5443509861967822,0.018667766101201643,0.11341256675248362,0.36765994316036327,0.08287586092924724,0.011080358147124724,0.12137299312334349,0.06014377740013652,0.009181888500285049,0.0270630513443862,-0.0184276468366323,6.99423605527455e-07,5.030741440356736e-14,4.720372464077365e-16
TUR,2016,0.3623380235572759,-2.17390489640005,0.9651969510445076,-1.031816617754246,1.5241873953964633,-1.2300375449368346,0.5055131126138551,-1.3363246794942252,0.3748214722109345,-0.9525107996085702,-0.3851769909188653,-0.4909704385894298,0.19950981369916557,0.6050526232386941,0.6900979411126074,0.009646464884651547,0.07664666455465785,0.3293817667130824,0.04661715276150969,-0.013809207861360182,0.22111002814665676,0.07363766749922947,-0.0295509319977499,0.02639692543712005,-0.031969344737350205,2.5047523655637413e-08,1.30348919207846e-14,4.695757080131625e-16
TUR,2017,-0.01704948602250846,-2.120436248756523,0.9567566689652025,-0.8166286980948102,1.4540794335242861,-1.7883848511633007,0.8474473890549729,-1.348423403198284,1.134159154092067,-0.2456779118103948,-0.4845862621180556,-0.03252375696758792,0.457543523259875,0.4521431101543058,0.744374513857812,-0.004126323152987897,0.05127442206078729,0.1558951796112306,0.0729175444246353,0.009207851200910057,0.18857573252519158,0.09473764996364639,-0.048821700372325604,0.025603900748330338,-0.05692733282538532,-1.1393263497724108e-08,4.816170967893601e-14,-4.2454546466037846e-16
TUR,2018,0.12649564227855772,-1.7614603017207917,0.9028767122269764,-1.7327350738099982,1.2090480481628718,-1.716848490523241,1.1473178342560397,-1.0945979891313131,0.11694970698765507,-0.6211554619771573,-0.7147818775255249,-0.23069079371179407,0.4845678502550891,0.393172879950679,0.7419164457242341,-0.14221156255685122,0.07821407774037052,0.24994060544561866,0.06996902927183528,0.06556597078105651,0.16675113454753618,0.055375461822088176,-0.006186219444062481,0.06670398528079113,-0.06781320401860472,2.58987452619166e-07,-3.8029940071481616e-14,-6.88698938656459e-16
TUR,2019,0.8776088346948904,-1.9759661883525859,0.7236172663407102,-2.71155389485609,0.6872712014193691,-0.8928769703211032,1.5091241249197227,-1.4768926993472073,-0.1938322368608636,-0.4643331079285435,-0.7051889986581563,-0.11298026966125548,0.4301894188256106,0.578133303899309,1.152173026833165,-0.12234192249255685,0.2712554378394775,0.4131297837891133,0.04716138601849364,0.08330108735033127,0.15363017351817668,-0.060029969300366526,0.03244367635967807,-0.0017263801996170594,-0.04760558772875332,-2.1080776724597487e-07,2.992193572274345e-14,7.859394312091038e-16
TUR,2020,0.8315854527299739,-2.428681176025564,0.8558946117382651,-2.499506729694677,0.9579151536862,-1.463419155251134,0.6495468439338764,-1.4267094910094569,0.08928951255375302,-0.643735277013874,-0.5594768890179699,0.11089286869469778,0.42149648286502645,0.09620755120097091,0.32390777884274075,0.28820632574234867,0.1671215715456071,0.16824681703025135,-0.017969942039805908,-0.12741155874762497,0.17193040989254688,-0.20834321317093668,-0.003152888351064016,-0.014643266049090475,0.02217155375909968,-1.1683700945468563e-07,-2.891573038412919e-14,-2.745905056569647e-16
TUR,2021,-0.2840305444829822,-1.9505177286322686,1.3692410114862565,-1.2763157232839257,1.2044643991185116,-2.011176510067155,2.0432000064873503,-1.6925068621362775,1.444337708390243,1.0215304148910633,-0.31553242012746174,0.1855190493256897,0.7495369360735387,-0.18612774587845046,0.39338257951105576,-0.24429924508287548,-0.024237876939968407,0.05921071804657094,0.14713798850484636,-0.01003784667420865,0.10070132730773251,-0.08561581370167531,-0.12154563744673631,-0.011241311535146858,0.008577643924593929,-1.7904043418700075e-08,2.5869755242172208e-14,-1.1609479773049108e-15
TUR,2022,-0.6325587407554414,-2.066870616009516,1.1777914375621488,-1.2516591388662341,1.6883098363835745,-4.319994037912021,5.542767725532021,1.0044276370054341,-1.658162252110069,0.17174023200224897,-1.3298584888161813,0.8921037461056073,1.6734948001879082,-1.2981850516256819,0.013119071289473311,-0.46037310318927827,0.6285618042386591,-0.6597372229713221,0.20191005916699362,0.19002932598086025,-0.14879922873320478,-0.07013686814769295,0.049913331625493815,0.01772661647040643,0.040772106117900345,-3.4215110238509633e-07,-2.0168105385407665e-14,-4.905244416885181e-16
TUR,2023,0.0016987307777586176,-1.6868876559356676,0.41458805977861335,-2.655111203875609,1.6177494710937357,-4.00344859100982,3.727232017277987,0.37326501046709687,-0.6158571615656419,0.29221413643997923,-1.2071734104539888,0.10946903318050145,1.481694044966171,-1.3314170152588949,-0.4019613656145654,-0.708220423142477,0.24004707752697188,0.10946238309489477,0.019918877176138036,0.1875830224700976,0.05642515653761682,-0.016771693183959963,0.040387930987295685,0.07451954970476628,-0.005005731699934262,-4.4204939087860015e-07,-1.5055172493510918e-14,-3.715349068053949e-16
TUR,2024,0.5291889239935931,-1.5032586319169188,0.1439090674292577,-2.526684310625992,1.8826697172956721,-3.818585276610569,4.433284244650718,0.6715060016625426,-0.9976379351713646,0.10918917857021833,-1.1180020359062905,-0.22804524286803124,1.0942175244653403,-1.3106115650050536,-0.5582452730591221,-1.0398494224923756,0.31202527806196473,0.2729612511898471,0.24795759731928224,0.22844506772378007,0.021068547850146797,-0.03366419780824181,0.10464287207950902,0.0376824410508578,-0.019625366969539326,-2.212097707021054e-07,9.704321410870447e-15,1.964401374325162e-15
URY,1999,3.3493871391153713,-1.2810957191357812,-1.0217082768684114,-0.5499758689342811,-0.5540075233605802,0.7480732259232808,0.23011932036872143,0.254269059497649,-0.1364539995693294,-0.9321619292346653,1.33992885900459,0.20517558090974972,0.37862160435735415,-0.1863673275343461,0.009343655687546712,-0.1481895059238124,0.08314993564104846,0.03273215871421254,0.5615454994843425,-0.3497794644719176,0.08655427192923718,0.08515347738561378,-0.24863000048373135,-0.05711563455387936,0.03155847754509587,-6.007349985785342e-07,-1.3870806311333166e-15,4.156378800239035e-16
URY,2000,3.7420417667936112,-1.478389499142498,-1.0505823330108217,-0.6155435214127728,-0.6748107471382745,0.8955559522155168,0.3136432930438589,-0.22704992797612905,-0.3123385050169917,-0.8920381638009007,1.3370956569264154,0.7425197799903768,0.3864856880737328,-0.1287955632708653,0.1705332543942035,-0.10469339451555017,0.17225754457403322,0.026779706670085758,0.5175141054726282,-0.2911694030764131,0.0591511077702364,0.022633096587398486,-0.19966515024198858,-0.07973868110564147,0.0071863171921006785,3.036781974201087e-06,-3.81024813087769e-14,-2.8535035221697143e-16
URY,2001,4.345751686135925,-1.7087561829442266,-1.2951949275379346,-0.8221203903165306,-0.660548959465823,1.179726911661797,0.47480158441986814,-0.8986667239645514,-0.864525620067164,-1.0082897687424432,1.3486793832181942,1.2061923928399993,0.6584868402598866,0.02000301057200398,0.4564790389661271,-0.011042221000293655,0.11032821435020639,0.005057268179814147,0.43434086682253303,-0.1966651279416903,0.13487259703396481,0.23777608178702314,-0.19981522753679162,-0.05639975018711102,0.0013097075420895625,-4.054124809022193e-06,-1.4549922280444832e-14,2.3641978097438285e-15
URY,2002,4.541706245338497,-1.9928384563185615,-1.1743008536785797,-1.281450446598937,-0.6634087743676903,1.89753502403713,1.6816184245430421,-0.7167814839949643,-2.0991714076743433,-1.1217494237350332,1.1898257346155638,1.1962458554240438,0.8175163269050678,0.05665298534381643,0.19394760450634646,-0.019038345457357633,0.25386620996683024,0.3044678900524583,0.1485015080014639,-0.018978398113553643,0.10316272766394119,0.09616986185825294,-0.14903228403096097,-0.10719369577641102,0.04775148442642842,3.437697261308511e-06,1.200511789772568e-14,2.7986007296411034e-15
URY,2003,3.650706168361551,-2.2309769467923,-0.8752323350630454,0.3301119799026995,-0.4216745445152029,1.123879341389703,2.1043015648746515,-0.8202331860202027,-1.3737351796543398,0.5830968982157204,1.007689100975955,1.7645445587265958,1.031210652660913,-0.19071846618556415,0.1350510087973016,0.5564280185838637,0.25531910844579747,0.09113965789403952,-0.15176149033834382,0.055747969005220104,0.1731964887975462,-0.03497454466779989,-0.022201535274066403,0.0032531832533849647,0.12472396627606781,4.059696340635628e-06,-8.318725001260329e-15,6.185127667672776e-16
URY,2004,2.557119698798395,-1.470748692764555,-0.7351797183164079,1.167817956794182,-0.1886072983855381,1.4117108795436164,1.4147913518797692,-0.6366915166981671,0.022529757918169184,0.7296377158235251,0.9467668447361433,1.4449300535975085,0.576978409287598,-0.14651633709232845,-0.30138087263844693,0.535763484782695,0.3398792999757591,0.30822760703052965,-0.33120598421694,-0.012491925059528302,0.23617264514456177,-0.01365694541890751,-0.0013352412690453954,0.018097626112023427,0.097349351409843,-3.041539613519472e-06,-1.1354480960149216e-14,1.4407991071851171e-15
URY,2005,2.3497657751253045,-1.0831548839876115,-0.5955960575127136,1.8455034824031862,-0.32048332193028006,0.9876666501330951,0.9389052038714847,-1.0730884933549945,0.3290939913972472,1.0800100547147804,0.829636717695468,0.9102598236987087,0.5121620680566273,-0.019566815359021137,-0.3175335691851914,0.2828254604429319,0.08901710716325997,0.26423018785553926,-0.2472582339635881,0.042910701889829046,0.1641820933114137,-0.03111392619808529,-0.08999917013537703,-0.00435078680490493,0.09649072462094822,-3.2061637591024332e-06,2.3159416853375433e-14,-1.4358468721505607e-15
URY,2006,2.1981862825048646,-0.7123887000837815,-1.0802452812776084,1.9371905506063951,-0.5611004388888334,0.47330752300798706,0.45467752080070556,-1.0029816881811815,-0.8183585828097891,0.7671111194219383,0.6112692162229649,0.6439154208184821,0.29162553457332147,-0.2930031510162582,-0.2793412063685682,0.312656702517504,0.08987921949789522,0.29533264222481664,-0.36077865510482154,-0.041935950230612404,0.18721964394207558,0.09946949979508346,-0.10921339705349413,-0.015639031509753522,0.0032008229226475086,3.369186508945868e-06,3.5129083329969027e-15,-5.9250472105557685e-16
URY,2007,1.9064282921329105,-0.38326177576671316,-1.0843231337969423,2.08338059890763,-0.2642567736167182,0.4035206272598594,0.7698233422661429,-0.45973366756065315,-0.011424909539321017,0.8187099226805833,0.767731937494315,0.5568496201821543,0.4600556429211255,-0.18141849566014565,-0.272775775523284,0.07495490419046931,0.06761203505065128,0.27945918948683907,-0.26205894293819065,0.024285993629753005,0.12784408626299348,0.14785744641204954,-0.09834382015467653,-0.038638368871722284,-0.0487373062361733,-1.0658494154589853e-07,-2.3839536146515253e-14,-1.1716909060922157e-15
URY,2008,1.5228095831621271,-0.2301540412778994,-1.4516956173208224,1.9034568904608944,-0.6665571499717734,-0.44174154675486654,-0.01212030132412062,-0.19650752133865595,0.1050743733659218,0.9111169175018726,0.39344069190228287,0.5828175054610373,0.4278531602155482,-0.6283603783253775,-0.31553150336872976,0.17118147478273504,0.11451614262732977,0.20799606054876993,-0.2308504559281345,-0.17440935568059007,0.08053121822683385,0.11532967741030305,-0.07675211105237265,-0.006409378297374368,-0.024879723442476628,2.361844635530853e-08,2.1050367022433437e-14,-5.0171327815759e-16
URY,2009,1.9715691373552964,-0.022413779462743318,-1.5605761883224378,1.3370383713129683,-0.575887450090841,0.3157467754431072,0.42001532368302075,0.07493244652791547,0.08359433472919357,0.2743222186864328,0.6591517656396486,-0.00917483034643232,0.45524531050694916,-0.24932696135119006,-0.34034024837583204,0.02345062777089161,-0.018182839537427796,0.2562542906423866,-0.08955210196640956,-0.056530911001600105,0.055065536069861726,0.1344800490764549,-0.06594659634828726,0.03241560107341732,-0.0629770645865054,2.820168622486312e-06,4.4050210337995816e-14,-1.1446444125609632e-15
URY,2010,1.7343086530849956,0.035377486429361185,-1.3395218002604323,1.9951835675433718,-0.3433115049398432,0.03787021778516651,0.4224396244199355,0.05964231771165262,0.6831723750508832,0.7534822816949678,0.6757025095453988,-0.0994846291374822,0.4231618176835059,-0.22448691118682107,-0.3370179823899368,-0.017683970473104625,-0.03914415084852872,0.10801679129626246,0.049783491350790327,-0.040501250344463044,-0.011113944331544712,0.09088289350355315,-0.04912534997009472,0.04625482882674943,-0.050199457862041504,-2.532812517579013e-07,-1.3310020112416726e-15,-3.525771459061669e-15
URY,2011,1.7121812768857918,0.3236375810788087,-1.7180988167647955,1.9844023181768597,-0.45260357248902594,0.06456296572100334,0.39659462040649407,0.4389846000568086,0.21966745668828885,0.2351168925629704,0.6513196694486771,-0.10146624697985641,0.2369535814867835,-0.5363978191169833,-0.4096886626075728,0.08040448054465561,0.10822785350080602,0.3003092656738261,-0.10636439044195406,-0.16190710834378516,0.024575064823938994,-0.013573964641167113,-0.011362284702702083,0.006650311790802839,-0.07409395727507546,-1.1393541741027925e-07,-1.7049431332559586e-14,-2.8260204217800727e-16
URY,2012,1.7092781256862766,0.4300327831341637,-1.9466763810729095,1.9206906849284942,-1.3087355047409233,-0.916198430774643,-0.5343740746147516,-0.33573544012277273,-1.1961188675568364,0.887132584295511,0.1223613831887927,-0.8153520148051849,0.19011925918611655,-0.8150223117036202,-0.30551808547934645,-0.07089978396970321,0.022836622954561507,0.500594607399619,-0.12184191562989463,-0.18675584486348543,-0.01057624405925489,-0.0008467569308028241,-0.10541069416698176,-0.019366274635106533,-0.05848784200855919,-3.2090891491380742e-06,-2.405490351199416e-14,2.39822688015336e-17
URY,2013,1.9010608017935071,0.16852885820195262,-1.4921567912685063,0.9586406307014903,-0.056297032120944515,-0.07446091611705369,0.2737006143769383,0.9199512607086763,0.8778499056324719,-0.31802917897629795,0.4852348367734369,0.08430625812537056,0.6911681837690601,-0.4417468341471214,-0.4139071686947763,-0.09462773183490189,-0.15517216664119493,0.32383849467012854,-0.16616042852710677,-0.03729306404738798,-0.020168082223601606,0.0033894578815622718,-0.0846507898371483,-0.0036465985119440154,-0.10113583473290104,-1.1628227328579244e-07,-7.738148274618972e-15,-7.557475667116992e-16
URY,2014,1.956785531135008,0.40434090031901826,-1.8504132191610578,1.1304254413016688,-0.8245113893210986,-0.4958534842101261,-0.08037644477173302,0.33715202392280913,-0.26503329419732174,0.21012409095983373,0.3535425141319046,-0.587769481326474,0.594584893772367,-0.5142905353439452,-0.255334210357953,-0.06423690140166415,-0.20089201155560332,0.26348806343679265,-0.11424900978288814,-0.024675179011349586,-0.016604530409203663,0.02246643547643716,-0.1236216299263987,0.013536694248955951,-0.11197231110978385,2.460779359223405e-06,3.519106853440194e-15,-1.6172384790803585e-15
URY,2015,2.3511043945436847,0.293687918428651,-1.6485964187586952,0.8367851907726064,-0.6731696345399514,0.2754557858966128,0.4249770850821666,0.3917676521602635,-0.4386060208583848,-0.5013394457843868,0.5092153882248545,-0.6003138152045029,0.5785253988756457,-0.22775170775182965,-0.3258880357514071,-0.043102251857144024,-0.25067655729915406,0.235916573603417,-0.08878487817197586,-0.026653904885700352,-0.07287723262915481,-0.03669230288008064,-0.1515614417270034,-0.041598752353078264,-0.06763492384285806,2.5284743885072413e-06,-3.344063895918429e-14,-1.2140871609703564e-15
URY,2016,2.947112812900031,0.19600068050945368,-1.6894891150456022,-0.045839594677464894,-0.2788297120601912,0.9165627528318399,0.9880633839022428,1.208703294249726,0.835101094124725,-0.5939753837174637,0.5049968879428057,0.28477667752350927,0.3048683089796534,-0.18038892740137666,-0.1860124970288102,-0.3579464753234071,-0.02779290586368754,0.33919536772206244,-0.07655682285651727,-0.246254274885005,-0.018822194005923925,-0.06421487718336025,0.05421760300483635,0.04573036695003956,0.014325851233492773,-2.62700796779452e-06,2.9426216791135614e-14,9.052928977762848e-16
URY,2017,3.161415683153419,0.314878277494463,-1.8731933808344108,0.6202042351344293,-0.8115413306986446,0.5229873862478872,0.4354133429265787,0.398429506487593,0.09443431687550857,0.0039874192492408535,0.3429043339665476,-0.2173587526686178,-0.19211253907612233,-0.22742139831532832,-0.12510061564373273,-0.3157267638246995,-0.051035476673364354,0.245359052518432,0.13498947176705572,-0.304986511285901,-0.010597363091496536,-0.04335502867639025,0.032189476226369966,0.07101409027540433,0.01853072128133117,1.6084751720743142e-08,-9.526113891714228e-16,-1.0841133520435015e-16
URY,2018,3.3857815564704423,0.23069360182936913,-1.8211979081864826,0.5114006086628016,-0.5558358107962275,0.8626299808818291,0.7409700796222012,0.5544791877364778,-0.03428899328721671,-0.38952557334770166,0.42890570468087713,0.09060647127369247,-0.13533019894744977,-0.23480752668735846,-0.24900039716488492,-0.018183753980989193,0.006914782886728391,0.1120987397210924,0.11484268700231927,-0.38316831030650833,0.05301792167816513,-0.02754898762575815,0.04797274675847207,0.05153932267423722,0.05515599571559225,1.5175121305265813e-07,9.29472874272428e-15,-1.0737568956395878e-15
URY,2019,3.424922179201716,0.20662135924504207,-1.9086598196101685,0.11365460288850505,-0.6949047607944063,1.000454294866158,0.8394205568848297,0.4708479028392056,0.14674676697660494,-0.043917028800040614,0.3843845946722231,0.12865119993646576,0.01438663740178707,-0.23639038443670454,-0.2947484256480807,-0.18229763451270042,0.13068911522424337,0.2843228593032898,0.06699819221903314,-0.39335297224539895,0.005805226153357603,-0.03988043338390511,0.06165070719865236,0.0361697473011714,0.04896948717510197,-2.7311899570706655e-06,-5.834325929149783e-15,1.158552914316679e-15
URY,2020,4.119296976269578,-0.26914211492737805,-2.130976864936703,-1.344259381993722,-0.8434807003451961,1.0553941385571308,0.5207178531777166,0.5185910930938141,-1.2766402212889327,-1.3028156945592535,0.025564638710594525,0.22774221908355025,0.09756519657495112,-0.24189093567115977,-0.39633055837646597,0.18350920009065014,0.21040079413317858,0.36452068048987635,-0.18439274161038513,-0.3114817500478413,0.009574808400860002,0.01751420774933297,0.09683815037235492,0.11878557098410353,0.10880709538438744,3.5919405636614355e-06,-4.6393286731765337e-14,1.705140497936855e-15
URY,2021,2.689313065198479,-0.023233841527518798,-1.944743570140958,1.2452010830997913,-0.9873750160025566,-0.09437587455583268,0.041083376722013974,-0.49698043279368764,-0.2784392203328098,1.5301635531414366,0.19024843090928212,0.0911640368084813,0.13466057160172254,-0.8653700863911794,-0.22019737739847553,-0.21344021179234537,0.09968277347227308,0.38137306185253983,0.026864644784909256,-0.6924037968782477,-0.07285746276122027,-0.1085125272906919,0.08678289120665572,0.15245269813827897,0.09647143496831129,3.467990515552631e-07,1.0207433260873766e-14,2.1206263897876471e-16
URY,2022,2.5521587704125444,0.4070972622901461,-2.1473633367308236,1.7590930831269023,-1.352397002428474,-0.7571050472417772,-0.2897471459494923,-0.6454549404976048,-1.1461503922950738,1.6512075900391585,-0.13516639380177142,-0.4361155031481617,-0.23483219324433144,-0.9789770818351461,-0.5120221049678935,-0.22512933746589622,0.07343575902085464,0.33779531488991826,0.06756200090095044,-0.6488018183302438,-0.10398478683267327,-0.09631038116076526,0.07416202718504433,0.14460409916654762,0.006706395802303003,1.6613822191677923e-08,2.4374059324798874e-14,-4.3611717574379e-16
URY,2023,3.4275087133275766,0.19928794371138986,-1.8743458701252909,-0.9573734210361188,0.3337728575758245,1.0740348613780353,0.7649723804175494,1.6079498163900263,1.9689379597799739,-1.6041912993746519,0.5597133192716428,1.3650258673623166,0.3605815261933972,-0.17354296972942881,-0.6537345659737097,-0.27569066850544477,-0.12423154010010548,0.1384631688097791,-0.13502651384312386,-0.3600218350638393,-0.10761396085640582,-0.07043088127317261,0.12722561569417912,0.11363959746582775,-0.09452752791487049,-2.3699356135118483e-06,2.3943467947958733e-14,4.7509417823885465e-16
URY,2024,3.267980400219475,0.37297831944385285,-1.8799242687517903,-0.5905223421173765,0.11069022619362166,1.0752365420755177,0.8252662686710728,1.3174930308951667,2.106798285419426,-0.8005071904484298,0.6354854937422882,1.0168802922947786,0.32705588235808447,-0.05216722474140762,-0.5114556590727093,-0.31348761285948323,-0.02037797299869727,0.26872553515904457,-0.12647129549474107,-0.30153994505522025,-0.12022954338968207,-0.06630875921538947,0.11247054068091443,0.09023800923412778,-0.09794273749341095,3.5949716692361505e-07,6.883110226611183e-15,-4.0994424826641267e-16
VNM,1998,-5.693842887727685,-1.0491360582893534,-5.179306554525243,1.897342906264235,0.26718449366223107,1.283016968601708,-0.17405718116589214,0.7959231891050527,-0.25897257388671674,-0.1574720697069618,-0.5644584505764176,-0.23139374360975742,0.11910002642318791,-0.21481951387476209,0.37281533382049803,0.8157416597646991,0.38606465106684995,0.22938967963202442,0.4469147252671346,0.11934943942239956,-0.17969907432549193,0.010700740652821108,0.12944365638731614,0.11484617167116772,0.0848770760591267,2.3380711688157783e-07,2.6371271329420644e-14,1.319603934052331e-15
VNM,1999,-5.830968478665456,-0.6975828397425788,-4.985220349077913,0.9278355865346537,0.07799528526215474,2.2999778826041135,0.1887718219918082,0.5512828739107203,-0.16084614084560295,0.0019934177616915878,-0.4085395244795367,-0.7166854499934109,0.24509951453955592,0.3785546059714372,0.03430230278841368,0.45513069117723215,0.4065542900010171,0.5133465383032394,0.33678950563993343,0.21336035861636013,-0.24657735026265706,0.13469130350178896,0.057470787400776276,0.03929158666549556,0.07956112877382022,-8.59516379291162e-09,-1.2236480181379916e-14,8.251967945535933e-15
VNM,2000,-6.161419201316726,-0.5440294006113772,-4.686701358569522,0.8274918806691702,0.24907319601950936,2.289416873553013,-0.30434858761411976,0.18956158654387484,0.5046360653518263,0.16186538225356498,-0.4972147391228448,-0.5482076811869467,0.397996000316282,0.5212389706045008,-0.2714230809859983,0.519591520742879,0.11898372627020948,0.4470203437335349,0.22685018779217817,0.24948407583301438,-0.2472656219513775,0.1526975160517383,0.004875280850187098,0.046232858140943446,0.05385698546682171,-5.414525666838207e-08,5.273970010574999e-15,-8.321510163252749e-15
VNM,2001,-6.04442372639142,-0.4280159482946006,-4.700600578406477,0.5137327462460286,0.4061429257068801,1.8481275935070511,-0.4307773508793984,0.07275027485762886,0.32960401548126306,0.026461898855971243,-0.37994860767986066,-0.3492794366939072,0.7514716096017023,0.5853781989816714,-0.19892206507795754,0.42208533480433724,-0.013594764998902852,0.339182891231957,0.18992130137518035,0.364916761943171,-0.1378874181115533,0.16093235688515325,0.031621869832629504,0.12650897571703898,-0.015831547289153765,1.3645942623995104e-07,-1.0053138957917854e-14,2.9569545937902092e-15
VNM,2002,-6.23263247616324,-0.3855843660002157,-4.562187223764743,0.7316829303512502,0.662962503658791,1.1172338305926162,-0.5083472926518349,0.41304312234137663,0.18539976889223012,-0.13931646714378063,-0.5990441879842155,-0.045298832198599426,0.8218206224083546,0.3612836990839158,-0.35164626456341813,0.5788684617439693,-0.07727608218892398,0.1891790489866457,0.1269219199593023,0.2391175883788903,-0.14683505464731852,0.14505105173120064,-0.0023279140352992877,0.053755227759272564,-0.025047624723804177,-1.954160674484305e-07,7.325873975446618e-15,7.430332457932966e-15
VNM,2003,-6.360347427890337,-0.2887884091284985,-4.315352076365001,0.4367825817755086,0.8522053805219177,0.5268647243139833,-1.0013970991527323,0.37722272701675,0.3072906052916198,-0.1269161830308235,-0.6989344321670602,0.33239451720526414,1.0587271236124818,0.30417443592718535,-0.35270564848730585,0.7076185206069471,-0.1616724170620333,0.1130996500207635,-0.007685759713545685,0.17193003263866932,-0.11349781887137973,0.18141838974574503,-0.037147438451434873,0.02243984900976485,-0.04923635050112055,-1.0535918540252461e-07,-9.594222776696484e-15,3.0554903773154277e-15
VNM,2004,-6.592619669754221,0.01506617345191533,-3.6931533437128925,1.1874196813807254,1.135323251147317,0.7347692316607709,-0.17002915919166528,0.3636662042734906,0.09468775685652728,-0.17120124297070005,-0.6117319939766728,0.5537202802530771,1.0112330885203356,0.3476657630201438,-0.5552384353109497,0.40503402017941936,-0.06811830709288066,0.046265067396343285,0.07756208096596919,0.23338317043810375,-0.08914609913540146,0.07959303388376963,-0.12234122134669827,-0.17605550472694234,-0.02663111310040817,2.9972905608178384e-08,-1.1296367575863926e-15,-5.967325670985548e-15
VNM,2005,-6.008419149104362,0.33030174926109984,-3.66881936907495,0.7216917677523983,0.9840246354921597,0.5578209973323235,-0.04531626460208798,0.4383806192180733,0.2085911310129046,0.03090569710582404,-0.4263090495240285,0.43800409845262567,0.7094917712725666,0.5085233530245661,-0.4528197491414506,-0.0011615250537087454,-0.1389126597590489,-0.007343989707981883,0.3661706851766332,-0.033662132602919795,-0.10161768856021018,0.043584825786723486,0.03462998973925157,-0.016626073061467656,-0.030322934698058246,8.68260476202868e-08,-2.2983718076983538e-14,-4.372455320288373e-15
VNM,2006,-6.206380197252334,0.6795586728685195,-3.1343247071073725,1.0422955577451092,1.0242368592852737,0.6377648602636175,0.046334602600082465,0.40115264740787143,-0.022829814049742186,-0.24725961670418548,-0.36837780510072715,0.5143938254610306,0.5123180899371519,0.7243824153552741,-0.03605152634133999,-0.004661632330325415,-0.10776953191408492,0.00104356877015348,0.31584617673334525,-0.13130301137501846,-0.06437542835738658,-0.009387791625071307,-0.009524324794247026,-0.0763482841697791,0.0022631844050277385,1.1153068881380542e-07,-1.7104625954105636e-14,-4.3442968439694706e-15
VNM,2007,-6.785483027837659,0.7356663436066726,-3.2632803470257286,1.1056302779677643,0.31849233835696844,-1.069060390042757,-1.299195651067585,0.1287504061762759,-0.9481623442369265,0.21342689229533734,-1.058976390874021,0.7983588614500623,0.4248631320688967,0.17141938240258212,0.6219012306213516,0.4014709475322801,-0.20421112718355458,-0.28553894469320246,0.15308498138768095,-0.30348370099823757,-0.012401536294781792,-0.03147636325641528,-0.15012226454035107,-0.11724894232509209,0.001395384284262009,-2.418101885301582e-07,3.7620396956990173e-14,-5.459340517233144e-15
VNM,2008,-6.735956183084677,0.589776660117977,-3.3475917851109642,1.5003699007708855,0.4533856466301107,-1.6197717319950207,-0.15234503096157861,0.8111249192026624,-2.003131103176998,0.25506428251214625,-0.9445004003037345,1.0372027653480882,0.24832318833491812,-0.19260487257423123,0.6886243631543135,0.7302068485768127,0.3601410116969093,-0.551990162607082,0.31915454193144466,-0.37968943247608095,0.011834595300625573,-0.11020809896098484,-0.006286330872617254,-0.1125740806540178,0.03529145784438391,-6.605342366550095e-07,1.4713094297461455e-14,-4.475275535438373e-15
VNM,2009,-6.199631348118475,0.7653104758870037,-3.8597262723508323,-0.4034687145346267,0.2323702422170009,-1.0701991447620327,-1.430059067463886,0.32884378402234904,-0.6454122008923743,0.15959772757358293,-0.5692062133071141,0.07375691657947538,0.5217195990080504,0.27003583735303816,0.4627160566312343,0.18622801871032046,-0.0426759637437806,0.16796640188722187,0.14888772808445447,-0.20255455126747388,0.07395903257254005,-0.13987745214002728,-0.05297261472135647,-0.09216763901202414,-0.06760312359766765,1.3732745312757685e-08,-4.119698158798597e-15,8.412201596921963e-15
VNM,2010,-5.74202388519568,0.6903485825556116,-3.777718980525539,0.4321479149128783,1.3125572177600393,-0.8477024719536016,-0.5064720037665404,0.29243097668896384,-0.12216081914535716,-0.20807539480108467,-0.37022374613642717,-0.43730419643751106,0.303500750550833,0.342253748814982,0.08313114744061002,-0.5919641910112271,-0.10571505947715665,-0.07922870231880888,-0.23088542830438308,0.03922563560145268,0.14683044020893585,-0.07943614106673139,0.04114214970967776,-0.033173445019531615,-0.005637742632195684,1.7763543369325051e-07,-1.8072804718136656e-14,-4.172301641958929e-15
VNM,2011,-6.025801254055763,0.918328561110054,-3.4894067122997687,0.5164427516509207,1.2864176602611492,-0.4115499471564241,0.9760182631526635,0.7074994248053112,-0.3726064153519809,-0.07901442592632132,-0.14124331107384444,-0.18895496027282668,0.27426143343552284,0.2934365948952028,-0.08928778992979111,-0.3723632801260877,0.22843855454886466,-0.38315335835106995,-0.11345210956325419,-0.0016017229422903166,0.13817939652688102,-0.10091466291079963,0.06873211202568313,-0.08029856251378356,0.022470065809253512,-1.5591656720331927e-08,1.4493831035345845e-14,-5.6199566095230655e-15
VNM,2012,-5.883651020341648,1.2336759892858828,-3.8674521320506257,-1.3922215655941903,0.29538079999393774,0.07979830535940534,0.2831482987096832,0.3049268723596076,0.07789175992876209,0.3517892426611624,0.08373083542966787,-1.0282776482869505,0.30389929975617874,0.5170641427829095,0.020329517073080255,-0.4616152634541805,0.10040751063125541,0.014746952521429645,-0.18180924344150634,-0.008168003152576604,0.15328067346992869,-0.08504822094299189,0.019321179785491537,0.004132407502097852,0.009371838558674288,4.391731960006662e-08,-7.193467670630673e-15,5.515849804400039e-15
VNM,2013,-5.8504928897214175,1.5165621199862993,-3.8867134360828612,-1.6253629798546465,0.24542051468823214,0.009817413586285201,0.0819032012014723,0.09772119368794312,0.20100150285817336,0.3533079536025412,0.045265264310834843,-0.746824508385928,0.13284557984535345,0.44512772239994153,0.1777419761430849,-0.3839389571019163,-0.054299801117552796,-0.13879383543444151,-0.15211381779631863,-0.08134003653156943,0.19171371308455168,-0.07603206426817807,-0.012794988036459832,-0.011803581553541137,-0.022262967088211415,7.009655835697712e-09,7.415601932871954e-15,9.394051233390257e-15
VNM,2014,-6.0011564587341395,1.7022048069401734,-3.630861736984888,-1.2688770400168112,0.32763024748162045,0.1363944974941588,0.19111816268124684,-0.16062411861376663,0.4683464871956881,0.2519488685627083,0.11412948930957643,-0.5746818147169109,-0.10666394852829793,0.43254868138572,0.2157503943702594,-0.43299042916869496,-0.0947755651995196,-0.12747522736522307,-0.14758862617675347,-0.03985349407144201,0.22009322094617473,-0.10701610302234975,-0.020368413627398992,0.0061529890088223675,-0.006107864929446502,6.185983433838932e-08,-3.424259141543275e-14,-1.1475274109360734e-15
VNM,2015,-5.967673964790469,1.83354706601604,-3.3851383970894675,-1.0655939550269389,0.4076120344835538,-0.4861658036999468,-0.5244770165014924,-0.548945310329023,0.4486065977148755,0.24125136167453418,-0.03380426727635018,0.004049920834713972,-0.2653129483721646,0.17660799754607792,0.4180305210406985,-0.20994479612975084,-0.14849429927481092,-0.2283868223038335,-0.2039372787925047,-0.1074134996499996,0.32965054037108954,-0.18759732671170815,0.006800891504451243,0.02975637913319533,-0.0195685185729866,2.6456417606495423e-07,9.828650661048176e-15,-4.172163063202939e-15
VNM,2016,-5.943193980158848,1.9705472116552925,-2.8783140985170537,-0.5666781489623657,0.6844892804735231,-0.5071061828650242,-0.0461712885915684,-0.6302636826757464,0.23296945487784806,-0.02264905447532632,0.23987527474879228,0.10093532721505676,-0.5052160916388996,0.26477702805102715,0.36895802496970376,-0.38976427780620865,-0.011189335686306801,-0.21259935526167106,-0.10555960028113909,-0.06772540355248126,0.2869364982838518,-0.2238955856707937,0.031118460537853686,0.02930515379490694,0.01544951597729644,2.998208045716999e-07,-3.559469924388112e-14,-2.6623880067767437e-15
VNM,2017,-6.285452182587547,2.4315169400658876,-2.3820696751485597,-0.29448520385065435,0.8807087855603236,-0.6821796426948391,0.20067807051526787,-0.9217351719051894,0.10900987306978857,-0.15755200832016011,0.22940429048664718,0.530331734979273,-0.6336911910219323,0.062232928737532035,0.332617146741031,-0.30007557304362065,-0.08294384280271817,-0.4166238492323882,-0.1246911353188439,-0.06565905081854813,0.26494471259117197,-0.18586791167874347,-0.002140637914493837,0.042983308734705176,-0.011882827599477591,-2.9639677417290174e-07,1.158517141678287e-14,7.05195441402475e-15
VNM,2018,-6.462273417880313,2.937509004624947,-2.076261702745376,-0.06410176990319717,1.0166420263488576,-0.5857380531858378,0.6267773488272657,-1.115989209451067,0.19810848473660267,-0.1620402321949513,0.4592749990349366,0.37766170606660016,-0.7521161571049215,0.042288721258016186,0.1030028995477866,-0.4266072441700137,-0.09220811143753581,-0.32921021425846897,-0.11667815569326827,-0.023082227381945597,0.26178842363978294,-0.1676088875252359,-0.040671010837943895,0.010554246502120494,-0.04100826053390605,6.050992869031668e-08,1.889944946617903e-14,-1.7711766941094939e-15
VNM,2019,-6.349417455185375,3.0484913898271593,-1.5655600836784356,-0.14191330593810875,1.2043667116586498,-0.6108177490733554,0.8425943782119931,-1.4832224948522612,0.1648043110534866,-0.2304261669570843,0.8128765573910928,0.39186655422749156,-0.8650292735379603,0.21927470438775207,-0.07848527283778167,-0.6394491354292233,0.06938331011315033,-0.13672000257314365,-0.10996741999226332,0.006537258321421931,0.13966551363414972,-0.12192007818009885,-0.022242015882891184,-0.024730453600627735,-0.05818671312997966,-1.0245714447238262e-07,-4.3479699095905776e-15,3.104915939594954e-16
VNM,2020,-5.9785265290532985,2.9173107161196326,-1.5943931820896204,-1.6295813113588873,0.7783439489803168,-0.7505334091318979,0.6138851923758339,-1.4830975841702372,-0.4636041017561468,-0.7252925248437577,0.7279372302206281,0.15938815705777315,-0.8343581012160612,0.2685323554760145,-0.2501309280307938,-0.4526955721791318,0.3432822032481008,0.11557453377555194,-0.3107542391940793,0.10546166383906103,0.04779796256496854,0.0207591461214195,-0.021843738187299223,0.05927713607472456,-0.054181566410537375,-3.599226208981611e-08,2.272193327695502e-14,7.652350029446373e-16
VNM,2021,-6.466374567266304,3.210383425365671,-0.9305537490556246,-1.4013228981721968,1.105814958920464,-1.2020054627405887,0.36021819679962885,-1.8225833446021742,-0.5853936732904477,-1.1736388428917177,0.8607440477469139,1.1531520238234636,-1.1704029310448067,-0.34792115763223325,-0.3598427746625372,0.03002382572004145,0.29743319943025054,-0.23629214643218122,-0.3905441612670058,-0.25703545137725914,-0.0017772991654283463,0.06699747623394632,-0.012969657688947747,0.005386654467657843,0.07250565098852829,1.119986106521144e-07,-2.5667577177379306e-15,-4.74953181453039e-15
VNM,2022,-6.918227549738893,3.3564749743804705,-0.9410952460005775,-0.20078082442301676,1.465207113586004,-1.1761938871421258,1.2075016724204286,-2.0898273901937863,0.5167530739708204,-0.4177155932933387,0.7631460372446413,0.9894765951830912,-1.2474992247058903,-0.4992800585688132,-0.39363655882371895,-0.025786767372708047,0.10026946785784077,-0.448567727399735,-0.10742879894604225,-0.015165940424459613,-0.0722468918689982,0.11494621361415015,0.003058025770459052,0.07672861523226691,0.03429546521429798,7.714983633028357e-08,-1.8867371715844343e-14,3.4226709924727525e-16
VNM,2023,-6.19151937111803,3.3490743551478945,-1.0082702621334585,-1.4786616021940584,1.0209083830827193,-1.05309799905831,1.1940570729422157,-1.9382695914293058,0.04696384247885694,-0.6207860007955177,1.2239925727534262,0.05919941155152053,-1.1034828146619924,-0.08257425462965558,-0.559355377325785,-0.6095728129507516,0.3350869844955648,0.29067188996507054,-0.22546150414481447,-0.10163876285343125,-0.13482914748800356,0.028340143052541605,0.0035036134505571446,0.007226782332919521,0.05736565712305789,5.886589529127602e-08,-8.789972456483258e-15,8.847103938101618e-15
VNM,2024,-6.440836997665579,3.6580059863336034,-0.6932847274747961,-1.5199535219595806,1.0950887915702698,-1.2086731078129882,1.5318487584800244,-2.20563506743237,0.40886406421076193,-0.22375093529186996,1.2843531648891955,0.2586889418842191,-1.3594888846864632,-0.3075338138636499,-0.52874827197794,-0.464023808874362,0.4609876238282779,0.2509478446452917,-0.19345428342775658,-0.09044481095616426,-0.24870260054961799,0.14194076564894112,-0.02934173256009008,-0.04189379813002567,0.07117171632073284,1.4152547636348373e-07,9.833777957286786e-15,-8.663457751749888e-15
