cible,mediane,moyenne,borne_basse_68,borne_haute_68,borne_basse_95,borne_haute_95,scenario,horizon,distribution,annee_projetee,horizon_teste_backtest,n_tirages
CROISSANCE_PIB,3.269381174218743,3.24265383322984,-0.03790908907910676,6.532052433660624,-3.2768826684166226,9.572429065300915,benchmark_pur,1,gaussienne,2025,True,10000
INFLATION_CPI,2.2671349880196274,2.2797517105214915,0.34600572742539565,4.209171366030646,-1.4673583794383673,6.088842119169318,benchmark_pur,1,gaussienne,2025,True,10000
SOBG,-1.367084535817408,-1.3795692915707694,-3.3330676139969886,0.5446925454992378,-5.212757845219994,2.486473813186641,benchmark_pur,1,gaussienne,2025,True,10000
DETTE_PUBLIQUE,42.57362280625749,42.570837431980884,37.79695258900232,47.382430219739625,33.10263133577258,51.99468755812243,benchmark_pur,1,gaussienne,2025,True,10000
BALANCE_COURANTE,4.769553452115831,4.829546463787657,1.9003072945569555,7.830856173385241,-0.8621564628612765,10.683539062131656,benchmark_pur,1,gaussienne,2025,True,10000
TACH,5.851906212979215,5.855665963258439,5.024851385654115,6.682752837132955,4.233951732424644,7.4942984799961945,benchmark_pur,1,gaussienne,2025,True,10000
FBCF,22.043926820183987,22.034780629483926,19.879724983805776,24.204550593225484,17.760127948597532,26.171446752371846,benchmark_pur,1,gaussienne,2025,True,10000
CROISSANCE_PIB,4.577606349569782,4.269242489263964,1.2267744425874674,5.34679509752217,-1.1780169330617825,14.836245598422662,benchmark_pur,1,bootstrap_empirique,2025,True,10000
INFLATION_CPI,2.744774892116349,2.1124988969055827,0.3226082792710201,3.5349031236045603,-2.918868931401163,4.173812801384914,benchmark_pur,1,bootstrap_empirique,2025,True,10000
SOBG,-0.5811428280007953,-0.7892617756525119,-1.955673506850951,1.8475671311172426,-4.995678425813821,2.2840921225306223,benchmark_pur,1,bootstrap_empirique,2025,True,10000
DETTE_PUBLIQUE,41.572295962404446,42.07574822318877,39.03099763512493,49.090128974386026,30.055294165588386,49.814324849723484,benchmark_pur,1,bootstrap_empirique,2025,True,10000
BALANCE_COURANTE,6.374551312878751,6.78130891066575,3.21529515716617,11.312781258922309,2.6791162424108403,11.592947365318334,benchmark_pur,1,bootstrap_empirique,2025,True,10000
TACH,6.104395225276555,6.100824774481431,5.334580561611935,6.687985104437221,3.8458187346674624,7.695250193076465,benchmark_pur,1,bootstrap_empirique,2025,True,10000
FBCF,21.027071196082215,20.899948960390446,18.810025451481994,23.034091885282976,15.950276097421622,24.070123860535357,benchmark_pur,1,bootstrap_empirique,2025,True,10000
CROISSANCE_PIB,3.2954331827826246,3.257635014669948,-1.3817815622776783,7.909547127450238,-5.9623819263449205,12.209288994638163,benchmark_pur,2,gaussienne,2026,True,10000
INFLATION_CPI,0.8517604813058444,0.8696032213806786,-1.8651265740983136,3.59821466571095,-4.429610687545621,6.256470537595709,benchmark_pur,2,gaussienne,2026,True,10000
SOBG,-1.1474950172309946,-1.165151128140314,-3.927814949788562,1.5561660594010571,-6.586098367844357,4.302259463326604,benchmark_pur,2,gaussienne,2026,True,10000
DETTE_PUBLIQUE,39.74835463580299,39.74441552172473,32.993122831577104,46.54903529878971,26.35435004912332,53.07175217988551,benchmark_pur,2,gaussienne,2026,True,10000
BALANCE_COURANTE,4.431263333790052,4.516106264543956,0.3735365039834011,8.760599160738915,-3.5331772073216037,12.79490199115375,benchmark_pur,2,gaussienne,2026,True,10000
TACH,6.880603145214582,6.885920235050598,5.710970991585287,8.055597709344703,4.5924699755119915,9.203296563966688,benchmark_pur,2,gaussienne,2026,True,10000
FBCF,20.56599421345913,20.55305954652705,17.505350624740306,23.62157765648014,14.507787750783002,26.40318888052447,benchmark_pur,2,gaussienne,2026,True,10000
CROISSANCE_PIB,4.59518231772071,4.286818457414891,1.2443504107383947,5.364371065673097,-1.1604409649108551,14.85382156657359,benchmark_pur,2,bootstrap_empirique,2026,True,10000
INFLATION_CPI,1.3322668470219412,0.6999908518111746,-1.0898997658233875,2.1223950785101526,-4.331376976495571,2.7613047562905058,benchmark_pur,2,bootstrap_empirique,2026,True,10000
SOBG,-0.36130671332634545,-0.5694256609780622,-1.7358373921765011,2.0674032457916924,-4.775842311139372,2.503928237205072,benchmark_pur,2,bootstrap_empirique,2026,True,10000
DETTE_PUBLIQUE,38.72759515210656,39.231047412890874,36.186296824827046,46.24542816408814,27.2105933552905,46.9696240394256,benchmark_pur,2,bootstrap_empirique,2026,True,10000
BALANCE_COURANTE,6.063381167245218,6.470138765032216,2.9041250115326367,11.001611113288774,2.367946096777307,11.281777219684802,benchmark_pur,2,bootstrap_empirique,2026,True,10000
TACH,7.129451977759059,7.125881526963935,6.359637314094439,7.713041856919725,4.870875487149966,8.720306945558969,benchmark_pur,2,bootstrap_empirique,2026,True,10000
FBCF,19.551430392399027,19.42430815670726,17.334384647798807,21.558451081599788,14.474635293738434,22.59448305685217,benchmark_pur,2,bootstrap_empirique,2026,True,10000
CROISSANCE_PIB,3.251401454535049,3.2051083419910538,-2.4769933168746765,8.90251384428313,-8.08706012066048,14.168600644429238,benchmark_pur,3,gaussienne,2027,True,10000
INFLATION_CPI,0.6910808959394663,0.7129337003376924,-2.636412591316975,4.054786572801589,-5.777251357026775,7.310471818739023,benchmark_pur,3,gaussienne,2027,True,10000
SOBG,-1.913299423741845,-1.934923655026758,-5.318482001969533,1.3979956138443161,-8.574200984938672,4.761259426664403,benchmark_pur,3,gaussienne,2027,True,10000
DETTE_PUBLIQUE,38.14898634944039,38.144161939675215,29.875550842153388,46.47808511340533,21.74474792450905,54.46674916106675,benchmark_pur,3,gaussienne,2027,True,10000
BALANCE_COURANTE,5.041969254339122,5.145880198653798,0.07228913002537578,10.344301104926606,-4.712438451890629,15.285292806117747,benchmark_pur,3,gaussienne,2027,True,10000
TACH,8.628131052537194,8.634643131044582,7.195630070965016,10.067199618868557,5.825751687882965,11.472837904968836,benchmark_pur,3,gaussienne,2027,True,10000
FBCF,19.688981453263402,19.673139786275172,15.940473914822473,23.431291604212433,12.269224158269438,26.838055685066013,benchmark_pur,3,gaussienne,2027,True,10000
CROISSANCE_PIB,4.544646694913077,4.236282834607258,1.1938147879307617,5.313835442865464,-1.2109765877184882,14.803285943765957,benchmark_pur,3,bootstrap_empirique,2027,True,10000
INFLATION_CPI,1.1737867750161155,0.5415107798053489,-1.2483798378292132,1.963915006504327,-4.489857048501396,2.60282468428468,benchmark_pur,3,bootstrap_empirique,2027,True,10000
SOBG,-1.126921900003718,-1.3350408476554347,-2.5014525788538737,1.3017880591143198,-5.541457497816745,1.7383130505276996,benchmark_pur,3,bootstrap_empirique,2027,True,10000
DETTE_PUBLIQUE,37.113315676744456,37.61676793752878,34.57201734946494,44.631148688726036,25.596313879928395,45.35534456406349,benchmark_pur,3,bootstrap_empirique,2027,True,10000
BALANCE_COURANTE,6.6948969747543,7.101654572541299,3.535640819041719,11.633126920797856,2.999461904286389,11.913293027193884,benchmark_pur,3,bootstrap_empirique,2027,True,10000
TACH,8.874186676916205,8.870616226121081,8.104372013251584,9.45777655607687,6.615610186307112,10.465041644716115,benchmark_pur,3,bootstrap_empirique,2027,True,10000
FBCF,18.676176194528303,18.549053958836534,16.459130449928082,20.683196883729064,13.59938109586771,21.719228858981445,benchmark_pur,3,bootstrap_empirique,2027,True,10000
CROISSANCE_PIB,3.3468168267033116,3.293362144725505,-3.267763699892388,9.872159345587072,-9.745710858567419,15.952912608867651,benchmark_pur,4,gaussienne,2028,True,10000
INFLATION_CPI,-2.7486203195367,-2.723386874532972,-6.590878840725163,1.1354524364853378,-10.21760705445269,4.894793942762679,benchmark_pur,4,gaussienne,2028,True,10000
SOBG,-2.0852260980556987,-2.110195609562422,-6.0171922544148595,1.738328064577593,-9.776572716860873,5.6218905999523985,benchmark_pur,4,gaussienne,2028,True,10000
DETTE_PUBLIQUE,39.29004785347216,39.284477104918935,29.736707418961835,48.907662680436424,20.348064912502327,58.13217735720204,benchmark_pur,4,gaussienne,2028,True,10000
BALANCE_COURANTE,3.9201808145809265,4.040166837924579,-1.8183115005368238,10.042786257119747,-7.343239015373288,15.748152034612575,benchmark_pur,4,gaussienne,2028,True,10000
TACH,9.014156821522066,9.021676322080515,7.360047166871866,10.675850069829545,5.7782478604129235,12.298941355556025,benchmark_pur,4,gaussienne,2028,True,10000
FBCF,16.70486362195965,16.68657124055952,12.376459949203223,21.026111168042636,8.137265878786735,24.95990348633536,benchmark_pur,4,gaussienne,2028,True,10000
CROISSANCE_PIB,4.634579030334175,4.326215170028356,1.2837471233518594,5.4037677782865625,-1.1210442522973905,14.893218279187053,benchmark_pur,4,bootstrap_empirique,2028,True,10000
INFLATION_CPI,-2.2640601649224608,-2.8963361601332274,-4.686226777767789,-1.4739319334342493,-7.927703988439973,-0.8350222556538962,benchmark_pur,4,bootstrap_empirique,2028,True,10000
SOBG,-1.29868905461892,-1.5068080022706367,-2.6732197334690757,1.1300209044991179,-5.713224652431947,1.5665458959124976,benchmark_pur,4,bootstrap_empirique,2028,True,10000
DETTE_PUBLIQUE,38.24180646695649,38.74525872774081,35.70050813967698,45.75963947893807,26.72480467014043,46.48383535427553,benchmark_pur,4,bootstrap_empirique,2028,True,10000
BALANCE_COURANTE,5.590652081228653,5.997409679015653,2.431395925516072,10.52888202727221,1.8952170107607422,10.809048133668236,benchmark_pur,4,bootstrap_empirique,2028,True,10000
TACH,9.257857662490569,9.254287211695445,8.488042998825948,9.841447541651235,6.999281171881476,10.848712630290478,benchmark_pur,4,bootstrap_empirique,2028,True,10000
FBCF,15.693540899843363,15.566418664151596,13.476495155243143,17.700561589044124,10.61674580118277,18.736593564296506,benchmark_pur,4,bootstrap_empirique,2028,True,10000
CROISSANCE_PIB,3.305654984646055,3.2458908333370506,-4.089670865411116,10.601209708992952,-11.332235966135604,17.399698534542484,benchmark_pur,5,gaussienne,2029,True,10000
INFLATION_CPI,1.117517769318251,1.1457296184856696,-3.1782578509343624,5.460043125328367,-7.233063261839939,9.663114704664666,benchmark_pur,5,gaussienne,2029,True,10000
SOBG,-1.4832687369727706,-1.5111854995197684,-5.879340542396594,2.7915947746773906,-10.082455676053536,7.13354968666214,benchmark_pur,5,gaussienne,2029,True,10000
DETTE_PUBLIQUE,17.821309823870948,17.815081537645675,7.1403505119897215,28.57413009112194,-3.3564709184540114,38.88745102946814,benchmark_pur,5,gaussienne,2029,True,10000
BALANCE_COURANTE,5.713823257219508,5.84797170949265,-0.7020061952622106,12.55910424168301,-6.87906294222887,18.937897099170456,benchmark_pur,5,gaussienne,2029,True,10000
TACH,6.349988326519922,6.358395383722692,4.500637511501647,8.207817857003905,2.7321321234995364,10.022489081289876,benchmark_pur,5,gaussienne,2029,True,10000
FBCF,16.49093663815865,16.47048513401813,11.65163421498709,21.32223826848151,6.912071159354439,25.72035178501602,benchmark_pur,5,gaussienne,2029,True,10000
CROISSANCE_PIB,4.5885865359293,4.280222675623482,1.237754628946985,5.357775283881688,-1.1670367467022649,14.847225784782179,benchmark_pur,5,bootstrap_empirique,2029,True,10000
INFLATION_CPI,1.6037115734759517,0.9714355782651852,-0.818455039369377,2.393839804964163,-4.059932250041561,3.0327494827445163,benchmark_pur,5,bootstrap_empirique,2029,True,10000
SOBG,-0.6965911538602056,-0.9047101015119224,-2.0711218327103613,1.7321188052578322,-5.111126751673233,2.168643796671212,benchmark_pur,5,bootstrap_empirique,2029,True,10000
DETTE_PUBLIQUE,16.76199341615359,17.265445676937908,14.220695088874077,24.27982642813517,5.244991619337529,25.004022303472627,benchmark_pur,5,bootstrap_empirique,2029,True,10000
BALANCE_COURANTE,7.3997506983744845,7.806508296161483,4.240494542661903,12.337980644418042,3.704315627906573,12.618146750814066,benchmark_pur,5,bootstrap_empirique,2029,True,10000
TACH,6.591614561656904,6.58804411086178,5.821799897992284,7.17520444081757,4.333038071047811,8.182469529456814,benchmark_pur,5,bootstrap_empirique,2029,True,10000
FBCF,15.480920057023784,15.353797821332016,13.263874312423564,17.487940746224545,10.404124958363191,18.523972721476927,benchmark_pur,5,bootstrap_empirique,2029,True,10000
CROISSANCE_PIB,3.2599663793543243,3.194498031750141,-4.8412071970004344,11.251846163430692,-12.775039756733403,18.69921753683125,benchmark_pur,6,gaussienne,2030,False,10000
INFLATION_CPI,3.15776822282583,3.188672755181688,-1.548018195560375,7.9147664108756155,-5.989834975254346,12.519000640498321,benchmark_pur,6,gaussienne,2030,False,10000
SOBG,-1.0508315805194086,-1.0814128616784247,-5.866486965005588,3.632046770653669,-10.470768905996085,8.388420068582482,benchmark_pur,6,gaussienne,2030,False,10000
DETTE_PUBLIQUE,27.61551561003774,27.608692864317376,15.915110908213332,39.39464004438194,4.416419149097972,50.69231708582706,benchmark_pur,6,gaussienne,2030,False,10000
BALANCE_COURANTE,3.1038920649801125,3.2508443317089215,-3.9242969674803962,10.60252168028376,-10.690923606086637,17.590139155681186,benchmark_pur,6,gaussienne,2030,False,10000
TACH,7.414259513724467,7.423468983468853,5.388397197472321,9.449409797415084,3.4510966093159596,11.437282525408973,benchmark_pur,6,gaussienne,2030,False,10000
FBCF,17.586766607994093,17.56436310768875,12.285576408473148,22.879192378072723,7.093645211896923,27.69708434502136,benchmark_pur,6,gaussienne,2030,False,10000
CROISSANCE_PIB,4.538530687090109,4.2301668267842905,1.1876987801077936,5.307719435042497,-1.2170925955414562,14.79716993594299,benchmark_pur,6,bootstrap_empirique,2030,False,10000
INFLATION_CPI,3.6454389590651837,3.0131629638544175,1.223272346219855,4.435567190553395,-2.0182048644523283,5.074476868333749,benchmark_pur,6,bootstrap_empirique,2030,False,10000
SOBG,-0.2640269398278554,-0.47214588747957226,-1.638557618678011,2.1646830192901825,-4.678562537640882,2.6012080107035622,benchmark_pur,6,bootstrap_empirique,2030,False,10000
DETTE_PUBLIQUE,26.546186617807862,27.04963887859218,24.00488829052835,34.06401962978944,15.029184820991802,34.7882155051269,benchmark_pur,6,bootstrap_empirique,2030,False,10000
BALANCE_COURANTE,4.803792955998139,5.210550553785136,1.6445368002855576,9.742022902041697,1.1083578855302276,10.02218900843772,benchmark_pur,6,bootstrap_empirique,2030,False,10000
TACH,7.654010161822836,7.650439711027712,6.884195498158215,8.237600040983502,5.395433671213743,9.244865129622745,benchmark_pur,6,bootstrap_empirique,2030,False,10000
FBCF,16.57793086856811,16.450808632876342,14.36088512396789,18.58495155776887,11.501135769907517,19.620983533021253,benchmark_pur,6,bootstrap_empirique,2030,False,10000
CROISSANCE_PIB,4.595479228524681,4.52476533106202,-4.154788321666765,13.22769599076579,-12.724306915702554,21.271776450058237,benchmark_pur,7,gaussienne,2031,False,10000
INFLATION_CPI,3.311335264785056,3.3447159748856996,-1.771494995156687,8.449480558042838,-6.569205458328966,13.422621917529247,benchmark_pur,7,gaussienne,2031,False,10000
SOBG,-2.241946514589798,-2.274978073492569,-7.443448821214207,2.81614020476696,-12.416641714867794,7.953610539551572,benchmark_pur,7,gaussienne,2031,False,10000
DETTE_PUBLIQUE,24.118035603440944,24.11066619579681,11.48015411361492,36.84094412231843,-0.9398524966760882,49.043830022312015,benchmark_pur,7,gaussienne,2031,False,10000
BALANCE_COURANTE,1.9478796155430675,2.1066062048285175,-5.643432167585363,10.047325303907227,-12.952224275543067,17.594814796859556,benchmark_pur,7,gaussienne,2031,False,10000
TACH,8.054336647734814,8.064284011965343,5.866155254017131,10.252550192883158,3.773631459564723,12.399698141477336,benchmark_pur,7,gaussienne,2031,False,10000
FBCF,19.391731123045204,19.367532577009268,13.665791277039148,25.108204303287053,8.057864642208319,30.312122395076443,benchmark_pur,7,gaussienne,2031,False,10000
CROISSANCE_PIB,5.870027441338961,5.561663581033143,2.519195534356646,6.639216189291349,0.11440415870739606,16.128666690191842,benchmark_pur,7,bootstrap_empirique,2031,False,10000
INFLATION_CPI,3.800364180243877,3.16808818503311,1.378197567398548,4.590492411732088,-1.8632796432736352,5.229402089512441,benchmark_pur,7,bootstrap_empirique,2031,False,10000
SOBG,-1.455025032395767,-1.6631439800474836,-2.8295557112459226,0.9736849267222709,-5.8695606302087935,1.4102099181356507,benchmark_pur,7,bootstrap_empirique,2031,False,10000
DETTE_PUBLIQUE,23.039499089492896,23.542951350277214,20.498200762213383,30.557332101474476,11.522497292676835,31.281527976811933,benchmark_pur,7,bootstrap_empirique,2031,False,10000
BALANCE_COURANTE,3.6606304198807744,4.067388017667773,0.5013742641681935,8.598860365924331,-0.03480465058713644,8.879026472320358,benchmark_pur,7,bootstrap_empirique,2031,False,10000
TACH,8.292362515545857,8.288792064750734,7.522547851881237,8.875952394706523,6.033786024936765,9.883217483345767,benchmark_pur,7,bootstrap_empirique,2031,False,10000
FBCF,18.38398127964004,18.25685904394827,16.16693553503982,20.3910019688408,13.307186180979446,21.427033944093182,benchmark_pur,7,bootstrap_empirique,2031,False,10000
CROISSANCE_PIB,3.5087016450321293,3.4331053088067756,-5.845727845088477,12.736929534367357,-15.006928573222963,21.336413268743204,benchmark_pur,8,gaussienne,2032,False,10000
INFLATION_CPI,2.675618021244435,2.711303501394103,-2.758156089563881,8.168526390054646,-7.887124316458497,13.485038133824162,benchmark_pur,8,gaussienne,2032,False,10000
SOBG,-1.3322571941960009,-1.3675694160146392,-6.892897059311136,4.075064959068103,-12.209463895422726,9.567251766919197,benchmark_pur,8,gaussienne,2032,False,10000
DETTE_PUBLIQUE,21.513843166813558,21.505964938657034,8.003379558361793,35.115204492787,-5.274166006545778,48.16063825497859,benchmark_pur,8,gaussienne,2032,False,10000
BALANCE_COURANTE,3.6098322864896986,3.7795181479975066,-4.505621373123603,12.268503940387422,-12.319048795733613,20.337109601217097,benchmark_pur,8,gaussienne,2032,False,10000
TACH,9.865401163840165,9.876035343512196,7.526136856581575,12.215390292100405,5.289134824434983,14.510788001344379,benchmark_pur,8,gaussienne,2032,False,10000
FBCF,18.829361931581865,18.803492597717703,12.70807475414421,24.940528817623886,6.712949006229608,30.50375126571255,benchmark_pur,8,gaussienne,2032,False,10000
CROISSANCE_PIB,4.779511767837084,4.4711479075312655,1.4286798608547686,5.548700515789472,-0.9761115147944812,15.038151016689962,benchmark_pur,8,bootstrap_empirique,2032,False,10000
INFLATION_CPI,3.1659110990974253,2.5336351038866587,0.7437444862520965,3.9560393305856367,-2.4977327244200866,4.59494900836599,benchmark_pur,8,bootstrap_empirique,2032,False,10000
SOBG,-0.5452269585831488,-0.7533459062348654,-1.9197576374333045,1.883483000534889,-4.959762556396175,2.320007991948269,benchmark_pur,8,bootstrap_empirique,2032,False,10000
DETTE_PUBLIQUE,20.426736500611117,20.93018876139544,17.885438173331604,27.944569512592697,8.909734703795056,28.668765387930154,benchmark_pur,8,bootstrap_empirique,2032,False,10000
BALANCE_COURANTE,5.334543498521915,5.741301096308915,2.1752873428093347,10.272773444565473,1.639108428054005,10.552939550961499,benchmark_pur,8,bootstrap_empirique,2032,False,10000
TACH,10.101821645302941,10.098251194507817,9.33200698163832,10.685411524463607,7.843245154693848,11.69267661310285,benchmark_pur,8,bootstrap_empirique,2032,False,10000
FBCF,17.822622815548918,17.69550057985715,15.605577070948698,19.82964350474968,12.745827716888325,20.86567548000206,benchmark_pur,8,bootstrap_empirique,2032,False,10000
CROISSANCE_PIB,2.5667256662689693,2.4865436433022654,-7.355145123624588,12.354739444594617,-17.072065861637128,21.475869339515498,benchmark_pur,9,gaussienne,2033,False,10000
INFLATION_CPI,10.38870082919041,10.426550996696003,4.625313047407712,16.214809963223466,-0.8147792731835831,21.853822222639476,benchmark_pur,9,gaussienne,2033,False,10000
SOBG,-1.7521383121731628,-1.7895925794332384,-7.650087546711886,3.9831929317767827,-13.289158240380909,9.808536734838995,benchmark_pur,9,gaussienne,2033,False,10000
DETTE_PUBLIQUE,15.410487922086022,15.402131799256201,1.080477270320545,29.836910162532426,-13.002486489368726,43.67368217768084,benchmark_pur,9,gaussienne,2033,False,10000
BALANCE_COURANTE,4.80827096500153,4.988250000017014,-3.7994675076750895,13.992179128809797,-12.086858779929788,22.550227795049004,benchmark_pur,9,gaussienne,2033,False,10000
TACH,5.037430894580378,5.048710145418049,2.5562664126050754,7.529970767041594,0.18356745291665724,9.964607695631315,benchmark_pur,9,gaussienne,2033,False,10000
FBCF,17.176271728238937,17.148833156138746,10.68366621910429,23.658143047363414,4.324875113479567,29.558831524802482,benchmark_pur,9,gaussienne,2033,False,10000
CROISSANCE_PIB,3.834024898179661,3.5256610378738427,0.4831929911973458,4.603213646132049,-1.921598384451904,14.09266414703254,benchmark_pur,9,bootstrap_empirique,2033,False,10000
INFLATION_CPI,10.880181234322167,10.2479052391114,8.458014621476838,11.670309465810378,5.216537410804655,12.309219143590731,benchmark_pur,9,bootstrap_empirique,2033,False,10000
SOBG,-0.9650059331162089,-1.1731248807679255,-2.3395366119663645,1.463704026001829,-5.379541530929235,1.9002290174152088,benchmark_pur,9,bootstrap_empirique,2033,False,10000
DETTE_PUBLIQUE,14.315331992907733,14.818784253692051,11.77403366562822,21.833165004889313,2.7983301960916727,22.55736088022677,benchmark_pur,9,bootstrap_empirique,2033,False,10000
BALANCE_COURANTE,6.544215637534068,6.950973235321067,3.384959481821487,11.482445583577626,2.8487805670661572,11.762611689973651,benchmark_pur,9,bootstrap_empirique,2033,False,10000
TACH,5.272343564220041,5.268773113424917,4.50252890055542,5.855933443380707,3.013767073610948,6.8631985320199504,benchmark_pur,9,bootstrap_empirique,2033,False,10000
FBCF,16.17048190810814,16.043359672416372,13.95343616350792,18.1775025973089,11.093686809447547,19.213534572561283,benchmark_pur,9,bootstrap_empirique,2033,False,10000
CROISSANCE_PIB,3.3962454527951618,3.311726179470252,-7.062324662524024,13.713717889001655,-17.304858454338664,23.328232989735735,benchmark_pur,10,gaussienne,2034,False,10000
INFLATION_CPI,2.708264600801007,2.748162180513194,-3.366879542271935,8.849522854219567,-9.101240347158408,14.793563685341864,benchmark_pur,10,gaussienne,2034,False,10000
SOBG,-1.9935295650862848,-2.0330098292977987,-8.210513933482638,4.052040390383249,-14.154616359715888,10.192491914124561,benchmark_pur,10,gaussienne,2034,False,10000
DETTE_PUBLIQUE,19.93599806442048,19.92718993757036,4.830840546402854,35.14278232012713,-10.013906682339238,49.72802066424275,benchmark_pur,10,gaussienne,2034,False,10000
BALANCE_COURANTE,4.181692734992607,4.371407295568646,-4.8916602905797895,13.86238194147554,-13.627337717688267,22.88335731210292,benchmark_pur,10,gaussienne,2034,False,10000
TACH,4.639904836720143,4.651794211035947,2.0245278325355627,7.26727255530783,-0.4765164723069149,9.833605211941242,benchmark_pur,10,gaussienne,2034,False,10000
FBCF,19.232719119862654,19.203796325336203,12.388912000588446,26.065211409380485,5.686157647590281,32.28508319332002,benchmark_pur,10,gaussienne,2034,False,10000
CROISSANCE_PIB,4.660224001535007,4.3518601412291895,1.3093920945526918,5.429412749487395,-1.095399281096558,14.918863250387886,benchmark_pur,10,bootstrap_empirique,2034,False,10000
INFLATION_CPI,3.2008680079945244,2.568592012783758,0.7787013951491957,3.990996239482736,-2.4627758155229875,4.629905917263089,benchmark_pur,10,bootstrap_empirique,2034,False,10000
SOBG,-1.206300576357885,-1.4144195240096016,-2.5808312552080404,1.222409382760153,-5.620836174170911,1.6589343741735327,benchmark_pur,10,bootstrap_empirique,2034,False,10000
DETTE_PUBLIQUE,18.833228953031036,19.336681213815353,16.291930625751522,26.351061965012615,7.316227156214975,27.075257840350073,benchmark_pur,10,bootstrap_empirique,2034,False,10000
BALANCE_COURANTE,5.928262278635382,6.335019876422381,2.769006122922801,10.86649222467894,2.232827208167471,11.146658331074965,benchmark_pur,10,bootstrap_empirique,2034,False,10000
TACH,4.873391382479406,4.869820931684282,4.103576718814786,5.456981261640072,2.6148148918703136,6.464246350279316,benchmark_pur,10,bootstrap_empirique,2034,False,10000
FBCF,18.22782716612,18.100704930428236,16.01078142151978,20.234847855320762,13.151032067459408,21.270879830573143,benchmark_pur,10,bootstrap_empirique,2034,False,10000
CROISSANCE_PIB,4.620180034896088,4.593452693907185,1.3128897715982384,7.882851294337969,-1.9260838077392777,10.923227925978258,convergence_faible,1,gaussienne,2025,True,10000
INFLATION_CPI,2.0179089300268465,2.0305256525287105,0.09677966943261469,3.9599453080378653,-1.7165844374311483,5.839616061176537,convergence_faible,1,gaussienne,2025,True,10000
SOBG,-3.3476338534051022,-3.360118609158463,-5.313616931584683,-1.4358567720884565,-7.193307162807689,0.5059244955989466,convergence_faible,1,gaussienne,2025,True,10000
DETTE_PUBLIQUE,60.87094786495321,60.868162490676596,56.09427764769806,65.67975527843535,51.3999563944683,70.29201261681814,convergence_faible,1,gaussienne,2025,True,10000
BALANCE_COURANTE,-0.4075015623671123,-0.34750855069528613,-3.2767477199259876,2.653801158902298,-6.039211477344219,5.506484047648712,convergence_faible,1,gaussienne,2025,True,10000
TACH,8.428533591821353,8.432293342100575,7.601478764496251,9.259380215975092,6.81057911126678,10.070925858838331,convergence_faible,1,gaussienne,2025,True,10000
FBCF,25.746237358060597,25.73709116736054,23.582035521682386,27.906861131102094,21.46243848647414,29.873757290248452,convergence_faible,1,gaussienne,2025,True,10000
CROISSANCE_PIB,5.928405210247128,5.620041349941309,2.5775733032648125,6.697593958199516,0.17278192761556266,16.187044459100008,convergence_faible,1,bootstrap_empirique,2025,True,10000
INFLATION_CPI,2.495548834123568,1.8632728389128013,0.07338222127823912,3.2856770656117793,-3.168094989393944,3.9245867433921324,convergence_faible,1,bootstrap_empirique,2025,True,10000
SOBG,-2.5616921455884896,-2.7698110932402065,-3.9362228244386452,-0.13298218647045168,-6.976227743401516,0.30354280494292807,convergence_faible,1,bootstrap_empirique,2025,True,10000
DETTE_PUBLIQUE,59.86962102110017,60.37307328188449,57.32832269382066,67.38745403308175,48.35261922428411,68.11164990841921,convergence_faible,1,bootstrap_empirique,2025,True,10000
BALANCE_COURANTE,1.1974962983958082,1.6042538961828072,-1.9617598573167727,6.135726244439366,-2.4979387720721027,6.415892350835391,convergence_faible,1,bootstrap_empirique,2025,True,10000
TACH,8.681022604118692,8.677452153323568,7.911207940454071,9.264612483279357,6.422446113509599,10.271877571918601,convergence_faible,1,bootstrap_empirique,2025,True,10000
FBCF,24.729381733958824,24.602259498267056,22.512335989358604,26.736402423159586,19.65258663529823,27.772434398411967,convergence_faible,1,bootstrap_empirique,2025,True,10000
CROISSANCE_PIB,3.4778461717805627,3.4400480036678855,-1.1993685732797403,8.091960116448176,-5.779968937346983,12.3917019836361,convergence_faible,2,gaussienne,2026,True,10000
INFLATION_CPI,1.6379671904914341,1.6558099305662684,-1.0789198649127238,4.384421374896539,-3.643403978360032,7.042677246781298,convergence_faible,2,gaussienne,2026,True,10000
SOBG,-3.2907142414894546,-3.308370352398774,-6.071034174047022,-0.5870531648574028,-8.729317592102817,2.1590402390681436,convergence_faible,2,gaussienne,2026,True,10000
DETTE_PUBLIQUE,55.552786639840384,55.54884752576213,48.7975548356145,62.353467302827106,42.158782053160714,68.87618418392289,convergence_faible,2,gaussienne,2026,True,10000
BALANCE_COURANTE,-0.4269908677474726,-0.3421479369935685,-4.484717697554124,3.9023449592013897,-8.391431408859127,7.936647789616226,convergence_faible,2,gaussienne,2026,True,10000
TACH,8.832518834340787,8.837835924176803,7.662886680711492,10.007513398470905,6.544385664638196,11.155212253092893,convergence_faible,2,gaussienne,2026,True,10000
FBCF,25.496018261770086,25.483083594838003,22.43537467305126,28.551601704791096,19.437811799093957,31.333212928835426,convergence_faible,2,gaussienne,2026,True,10000
CROISSANCE_PIB,4.7775953067186485,4.46923144641283,1.4267633997363327,5.546784054671036,-0.9780279759129171,15.036234555571527,convergence_faible,2,bootstrap_empirique,2026,True,10000
INFLATION_CPI,2.118473556207531,1.4861975609967646,-0.3036930566377978,2.9086017876957424,-3.545170267309981,3.5475114654760955,convergence_faible,2,bootstrap_empirique,2026,True,10000
SOBG,-2.5045259375848055,-2.7126448852365224,-3.879056616434961,-0.07581597846676758,-6.919061535397832,0.3607090129466122,convergence_faible,2,bootstrap_empirique,2026,True,10000
DETTE_PUBLIQUE,54.532027156143954,55.035479416928275,51.99072882886444,62.049860168125534,43.01502535932789,62.77405604346299,convergence_faible,2,bootstrap_empirique,2026,True,10000
BALANCE_COURANTE,1.205126965707693,1.611884563494692,-1.9541291900048878,6.14335691175125,-2.4903081047602176,6.423523018147276,convergence_faible,2,bootstrap_empirique,2026,True,10000
TACH,9.081367666885264,9.07779721609014,8.311553003220643,9.66495754604593,6.822791176276171,10.672222634685173,convergence_faible,2,bootstrap_empirique,2026,True,10000
FBCF,24.48145444070998,24.354332205018213,22.26440869610976,26.488475129910743,19.40465934204939,27.524507105163124,convergence_faible,2,bootstrap_empirique,2026,True,10000
CROISSANCE_PIB,3.554550069708273,3.5082569571642774,-2.173844701701453,9.205662459456352,-7.783911505487258,14.471749259602461,convergence_faible,3,gaussienne,2027,True,10000
INFLATION_CPI,1.5647485169211084,1.5866013213193346,-1.762744970335333,4.928454193783232,-4.903583736045133,8.184139439720665,convergence_faible,3,gaussienne,2027,True,10000
SOBG,1.020277381437761,0.9986531501528483,-2.384905196789927,4.331572419023923,-5.640624179759066,7.694836231844009,convergence_faible,3,gaussienne,2027,True,10000
DETTE_PUBLIQUE,46.75147867705735,46.74665426729217,38.47804316977034,55.080577441022285,30.347240252126,63.06924148868371,convergence_faible,3,gaussienne,2027,True,10000
BALANCE_COURANTE,0.4463818249231485,0.5502927692378238,-4.523298299390598,5.74871367551063,-9.308025881306602,10.689705376701774,convergence_faible,3,gaussienne,2027,True,10000
TACH,9.381164466253447,9.387676544760835,7.948663484681268,10.82023303258481,6.578785101599218,12.225871318685089,convergence_faible,3,gaussienne,2027,True,10000
FBCF,25.39563856545814,25.379796898469912,21.647131027017206,29.13794871640717,17.975881270464175,32.54471279726074,convergence_faible,3,gaussienne,2027,True,10000
CROISSANCE_PIB,4.847795310086301,4.539431449780483,1.4969634031039853,5.616984058038689,-0.9078279725452645,15.10643455893918,convergence_faible,3,bootstrap_empirique,2027,True,10000
INFLATION_CPI,2.0474543959977574,1.415178400786991,-0.37471221684757117,2.8375826274859692,-3.616189427519754,3.476492305266322,convergence_faible,3,bootstrap_empirique,2027,True,10000
SOBG,1.806654905175888,1.5985359575241713,0.43212422632573233,4.235364864293926,-2.6078806926371385,4.671889855707306,convergence_faible,3,bootstrap_empirique,2027,True,10000
DETTE_PUBLIQUE,45.715808004361406,46.21926026514573,43.17450967708189,53.233641016342986,34.198806207545346,53.957836891680444,convergence_faible,3,bootstrap_empirique,2027,True,10000
BALANCE_COURANTE,2.0993095453383255,2.5060671431253247,-1.0599466103742552,7.037539491381883,-1.5961255251295852,7.317705597777909,convergence_faible,3,bootstrap_empirique,2027,True,10000
TACH,9.627220090632457,9.623649639837335,8.857405426967837,10.210809969793123,7.368643600023365,11.218075058432367,convergence_faible,3,bootstrap_empirique,2027,True,10000
FBCF,24.38283330672304,24.25571107103127,22.16578756212282,26.3898539959238,19.306038208062446,27.425885971176182,convergence_faible,3,bootstrap_empirique,2027,True,10000
CROISSANCE_PIB,3.491410995734773,3.437956313756967,-3.1231695308609266,10.016753514618534,-9.601116689535958,16.097506777899117,convergence_faible,4,gaussienne,2028,True,10000
INFLATION_CPI,0.7273488277642952,0.7525822727680236,-3.1149096934241682,4.611421583786333,-6.741637907151694,8.370763090063676,convergence_faible,4,gaussienne,2028,True,10000
SOBG,-2.383324265006072,-2.408293776512795,-6.315290421365233,1.4402298976272194,-10.074670883811246,5.323792433002025,convergence_faible,4,gaussienne,2028,True,10000
DETTE_PUBLIQUE,48.68685493558502,48.68128418703181,39.1335145010747,58.30446976254929,29.744871994615192,67.5289844393149,convergence_faible,4,gaussienne,2028,True,10000
BALANCE_COURANTE,0.4428644812379525,0.5628505045816049,-5.295627833879798,6.5654699237767735,-10.820555348716262,12.2708357012696,convergence_faible,4,gaussienne,2028,True,10000
TACH,9.690465008001414,9.697984508559864,8.036355353351214,11.352158256308893,6.454556046892272,12.975249542035373,convergence_faible,4,gaussienne,2028,True,10000
FBCF,24.946369437441945,24.92807705604182,20.61796576468552,29.267616983524935,16.37877169426903,33.201409301817655,convergence_faible,4,gaussienne,2028,True,10000
CROISSANCE_PIB,4.779173199365636,4.470809339059818,1.4283412923833207,5.548361947318024,-0.9764500832659291,15.037812448218515,convergence_faible,4,bootstrap_empirique,2028,True,10000
INFLATION_CPI,1.2119089823785345,0.5796329871677681,-1.2102576304667942,2.002037213866746,-4.451734841138977,2.640946891647099,convergence_faible,4,bootstrap_empirique,2028,True,10000
SOBG,-1.5967872215692935,-1.8049061692210104,-2.971317900419449,0.8319227375487444,-6.01132281938232,1.268447728962124,convergence_faible,4,bootstrap_empirique,2028,True,10000
DETTE_PUBLIQUE,47.638613549069355,48.14206580985367,45.09731522178984,55.156446561050934,36.121611752253294,55.88064243638839,convergence_faible,4,bootstrap_empirique,2028,True,10000
BALANCE_COURANTE,2.1133357478856793,2.520093345672678,-1.0459204078269018,7.051565693929237,-1.5820993225822315,7.3317318003252625,convergence_faible,4,bootstrap_empirique,2028,True,10000
TACH,9.934165848969917,9.930595398174793,9.164351185305296,10.517755728130583,7.675589358360824,11.525020816769826,convergence_faible,4,bootstrap_empirique,2028,True,10000
FBCF,23.935046715325658,23.80792447963389,21.718000970725438,25.94206740452642,18.858251616665065,26.9780993797788,convergence_faible,4,bootstrap_empirique,2028,True,10000
CROISSANCE_PIB,3.670306024693277,3.610541873384273,-3.7250198253638938,10.965860749040175,-10.967584926088383,17.76434957458971,convergence_faible,5,gaussienne,2029,True,10000
INFLATION_CPI,1.7078981757235085,1.7361100248909271,-2.587877444529105,6.050423531733625,-6.642682855434681,10.253495111069924,convergence_faible,5,gaussienne,2029,True,10000
SOBG,-3.987053495532666,-4.014970258079664,-8.38312530095649,0.287810016117495,-12.586240434613432,4.629764928102245,convergence_faible,5,gaussienne,2029,True,10000
DETTE_PUBLIQUE,41.95156791079306,41.945339624567794,31.27060859891184,52.704388178044056,20.773787168468104,63.01770911639026,convergence_faible,5,gaussienne,2029,True,10000
BALANCE_COURANTE,-0.025067469841757006,0.1090809824313852,-6.440896922323476,6.820213514621744,-12.617953669290134,13.199006372109189,convergence_faible,5,gaussienne,2029,True,10000
TACH,8.710432398330145,8.718839455532914,6.8610815833118695,10.568261928814128,5.09257619530976,12.3829331531001,convergence_faible,5,gaussienne,2029,True,10000
FBCF,24.478225298047775,24.457773793907254,19.63892287487621,29.30952692837063,14.899359819243559,33.70764044490514,convergence_faible,5,gaussienne,2029,True,10000
CROISSANCE_PIB,4.953237575976522,4.644873715670704,1.6024056689942068,5.72242632392891,-0.802385706655043,15.211876824829401,convergence_faible,5,bootstrap_empirique,2029,True,10000
INFLATION_CPI,2.1940919798812093,1.5618159846704427,-0.22807463296411945,2.9842202113694207,-3.4695518436363026,3.623129889149774,convergence_faible,5,bootstrap_empirique,2029,True,10000
SOBG,-3.2003759124201014,-3.4084948600718183,-4.574906591270257,-0.7716659533020636,-7.614911510233128,-0.3351409618886838,convergence_faible,5,bootstrap_empirique,2029,True,10000
DETTE_PUBLIQUE,40.892251503075705,41.39570376386003,38.35095317579619,48.410084515057285,29.375249706259645,49.13428039039474,convergence_faible,5,bootstrap_empirique,2029,True,10000
BALANCE_COURANTE,1.6608599713132193,2.067617569100218,-1.4983961843993616,6.5990899173567765,-2.034575099154692,6.879256023752802,convergence_faible,5,bootstrap_empirique,2029,True,10000
TACH,8.952058633467127,8.948488182672005,8.182243969802506,9.535648512627793,6.693482142858034,10.542913601267037,convergence_faible,5,bootstrap_empirique,2029,True,10000
FBCF,23.468208716912905,23.341086481221136,21.251162972312684,25.475229406113666,18.39141361825231,26.511261381366047,convergence_faible,5,bootstrap_empirique,2029,True,10000
CROISSANCE_PIB,3.4463495553697325,3.3808812077655492,-4.654824020985026,11.4382293394461,-12.588656580717993,18.885600712846657,convergence_faible,6,gaussienne,2030,False,10000
INFLATION_CPI,2.2538606216873673,2.284765154043225,-2.4519257966988377,7.010858809737153,-6.893742576392809,11.615093039359857,convergence_faible,6,gaussienne,2030,False,10000
SOBG,-3.300759294064927,-3.3313405752239427,-8.116414678551106,1.3821190571081508,-12.720696619541602,6.138492355036964,convergence_faible,6,gaussienne,2030,False,10000
DETTE_PUBLIQUE,51.60277576678225,51.595953021061895,39.90237106495784,63.38190020112645,28.403679305842484,74.67957724257157,convergence_faible,6,gaussienne,2030,False,10000
BALANCE_COURANTE,-0.05863933217653482,0.08831293455227414,-7.086828364637044,7.439990283127113,-13.853455003243283,14.42760775852454,convergence_faible,6,gaussienne,2030,False,10000
TACH,8.94635451691908,8.955563986663467,6.920492200666933,10.981504800609697,4.983191612510572,12.969377528603586,convergence_faible,6,gaussienne,2030,False,10000
FBCF,22.808568045176827,22.78616454487148,17.507377845655878,28.100993815255453,12.315446649079652,32.91888578220409,convergence_faible,6,gaussienne,2030,False,10000
CROISSANCE_PIB,4.724913863105517,4.416550002799698,1.3740819561232018,5.4941026110579045,-1.030709419526048,14.983553111958397,convergence_faible,6,bootstrap_empirique,2030,False,10000
INFLATION_CPI,2.741531357926721,2.1092553627159543,0.3193647450813921,3.5316595894149323,-2.922112465590791,4.170569267195285,convergence_faible,6,bootstrap_empirique,2030,False,10000
SOBG,-2.5139546533733736,-2.7220736010250906,-3.8884853322235293,-0.08524469425533576,-6.9284902511864,0.351280297158044,convergence_faible,6,bootstrap_empirique,2030,False,10000
DETTE_PUBLIQUE,50.533446774552374,51.03689903533669,47.99214844727286,58.051279786533954,39.01644497773631,58.77547566187141,convergence_faible,6,bootstrap_empirique,2030,False,10000
BALANCE_COURANTE,1.6412615588414912,2.04801915662849,-1.5179945968710897,6.579491504885048,-2.0541735116264195,6.859657611281074,convergence_faible,6,bootstrap_empirique,2030,False,10000
TACH,9.186105165017448,9.182534714222324,8.416290501352828,9.769695044178114,6.9275286744083555,10.776960132817358,convergence_faible,6,bootstrap_empirique,2030,False,10000
FBCF,21.79973230575084,21.67261007005907,19.58268656115062,23.8067529949516,16.722937207090247,24.842784970203983,convergence_faible,6,bootstrap_empirique,2030,False,10000
CROISSANCE_PIB,3.602720398477203,3.5320065010145423,-5.147547151714242,12.234937160718314,-13.71706574575003,20.279017620010762,convergence_faible,7,gaussienne,2031,False,10000
INFLATION_CPI,14.393014278022632,14.426394988123276,9.31018401808089,19.531159571280416,4.51247355490861,24.50430093076682,convergence_faible,7,gaussienne,2031,False,10000
SOBG,-3.5317445117478563,-3.564776070650627,-8.733246818372265,1.5263422076089015,-13.706439712025851,6.663812542393513,convergence_faible,7,gaussienne,2031,False,10000
DETTE_PUBLIQUE,49.237770558426234,49.2304011507821,36.599889068600206,61.96067907730372,24.179882458309198,74.1635649772973,convergence_faible,7,gaussienne,2031,False,10000
BALANCE_COURANTE,-0.31531560296600514,-0.15658901368055503,-7.906627386094436,7.784130085398154,-15.21541949405214,15.331619578350482,convergence_faible,7,gaussienne,2031,False,10000
TACH,10.624392136056585,10.634339500287115,8.4362107423389,12.822605681204928,6.343686947886494,14.969753629799106,convergence_faible,7,gaussienne,2031,False,10000
FBCF,26.956283391549,26.93208484551306,21.230343545542944,32.67275657179085,15.622416910712115,37.87667466358024,convergence_faible,7,gaussienne,2031,False,10000
CROISSANCE_PIB,4.877268611291484,4.5689047509856655,1.5264367043091687,5.646457359243872,-0.8783546713400812,15.135907860144364,convergence_faible,7,bootstrap_empirique,2031,False,10000
INFLATION_CPI,14.882043193481453,14.249767198270687,12.459876580636124,15.672171424969664,9.21839936996394,16.311081102750016,convergence_faible,7,bootstrap_empirique,2031,False,10000
SOBG,-2.7448230295538254,-2.9529419772055423,-4.119353708403981,-0.3161130704357875,-7.159358627366852,0.12041192097759224,convergence_faible,7,bootstrap_empirique,2031,False,10000
DETTE_PUBLIQUE,48.15923404447818,48.6626863052625,45.61793571719867,55.67706705645976,36.64223224766212,56.40126293179722,convergence_faible,7,bootstrap_empirique,2031,False,10000
BALANCE_COURANTE,1.3974352013717017,1.8041927991587006,-1.7618209543408792,6.335665147415259,-2.297999869096209,6.615831253811285,convergence_faible,7,bootstrap_empirique,2031,False,10000
TACH,10.862418003867628,10.858847553072502,10.092603340203008,11.446007883028294,8.603841513258535,12.453272971667538,convergence_faible,7,bootstrap_empirique,2031,False,10000
FBCF,25.948533548143836,25.821411312452067,23.731487803543615,27.955554237344597,20.871738449483242,28.991586212596978,convergence_faible,7,bootstrap_empirique,2031,False,10000
CROISSANCE_PIB,3.323973382786071,3.2483770465607167,-6.030456107334535,12.552201272121298,-15.19165683546902,21.151685006497146,convergence_faible,8,gaussienne,2032,False,10000
INFLATION_CPI,2.070128589125372,2.1058140692750404,-3.363645521682944,7.563036957935584,-8.49261374857756,12.8795487017051,convergence_faible,8,gaussienne,2032,False,10000
SOBG,-2.8016571826040177,-2.8369694044226565,-8.362297047719153,2.605664970660086,-13.678863883830743,8.09785177851118,convergence_faible,8,gaussienne,2032,False,10000
DETTE_PUBLIQUE,44.83803170199819,44.83015347384167,31.32756809354642,58.439393027971626,18.050022528638852,71.48482679016323,convergence_faible,8,gaussienne,2032,False,10000
BALANCE_COURANTE,-1.581978190081694,-1.4122923285738858,-9.697431849694995,7.076693463816031,-17.510859272305005,15.145299124645705,convergence_faible,8,gaussienne,2032,False,10000
TACH,9.545801641112003,9.556435820784035,7.206537333853415,11.895790769372246,4.969535301706824,14.191188478616217,convergence_faible,8,gaussienne,2032,False,10000
FBCF,28.41500239121848,28.38913305735432,22.29371521378083,34.5261692772605,16.298589465866225,40.08939172534917,convergence_faible,8,gaussienne,2032,False,10000
CROISSANCE_PIB,4.5947835055910256,4.286419645285207,1.2439515986087102,5.363972253543413,-1.1608397770405396,14.853422754443905,convergence_faible,8,bootstrap_empirique,2032,False,10000
INFLATION_CPI,2.560421666978362,1.928145671767596,0.1382550541330334,3.3505498984665736,-3.10322215653915,3.9894595762469267,convergence_faible,8,bootstrap_empirique,2032,False,10000
SOBG,-2.0146269469911657,-2.2227458946428826,-3.3891576258413214,0.41408301212687215,-6.429162544804193,0.8506080035402519,convergence_faible,8,bootstrap_empirique,2032,False,10000
DETTE_PUBLIQUE,43.750925035795746,44.25437729658006,41.20962670851623,51.268758047777325,32.233923238979685,51.99295392311478,convergence_faible,8,bootstrap_empirique,2032,False,10000
BALANCE_COURANTE,0.14273302195052295,0.5494906197375219,-3.0165231337620577,5.080962967994081,-3.552702048517388,5.3611290743901066,convergence_faible,8,bootstrap_empirique,2032,False,10000
TACH,9.782222122574781,9.778651671779658,9.012407458910161,10.365812001735447,7.523645631965689,11.373077090374691,convergence_faible,8,bootstrap_empirique,2032,False,10000
FBCF,27.408263275185536,27.281141039493768,25.191217530585316,29.415283964386298,22.331468176524943,30.45131593963868,convergence_faible,8,bootstrap_empirique,2032,False,10000
CROISSANCE_PIB,2.9748616144655324,2.894679591498829,-6.9470091754280245,12.762875392791182,-16.663929913440565,21.88400528771206,convergence_faible,9,gaussienne,2033,False,10000
INFLATION_CPI,5.079119426327475,5.116969593833066,-0.6842683554552239,10.90522856036053,-6.124360676046519,16.54424081977654,convergence_faible,9,gaussienne,2033,False,10000
SOBG,-3.382160980426882,-3.4196152476869575,-9.280110214965605,2.3531702635230634,-14.919180908634628,8.178514066585276,convergence_faible,9,gaussienne,2033,False,10000
DETTE_PUBLIQUE,44.93502779042255,44.92667166759274,30.605017138657082,59.36145003086896,16.52205337896781,73.19822204601738,convergence_faible,9,gaussienne,2033,False,10000
BALANCE_COURANTE,-1.4035662901382566,-1.223587255122772,-10.011304762814875,7.780341873670011,-18.298696035069575,16.338390539909216,convergence_faible,9,gaussienne,2033,False,10000
TACH,8.332646734134979,8.34392598497265,5.851482252159676,10.825186606596194,3.478783292471258,13.259823535185916,convergence_faible,9,gaussienne,2033,False,10000
FBCF,25.435392091490915,25.40795351939072,18.942786582356266,31.917263410615387,12.583995476731543,37.81795188805446,convergence_faible,9,gaussienne,2033,False,10000
CROISSANCE_PIB,4.242160846376224,3.9337969860704063,0.891328939393909,5.011349594328612,-1.5134624362553408,14.500800095229103,convergence_faible,9,bootstrap_empirique,2033,False,10000
INFLATION_CPI,5.570599831459232,4.938323836248466,3.148433218613903,6.360728062947443,-0.09304399205828062,6.999637740727795,convergence_faible,9,bootstrap_empirique,2033,False,10000
SOBG,-2.595028601369928,-2.803147549021645,-3.969559280220084,-0.1663186422518903,-7.009564199182955,0.27020634916148945,convergence_faible,9,bootstrap_empirique,2033,False,10000
DETTE_PUBLIQUE,43.83987186124427,44.34332412202859,41.298573533964756,51.35770487322585,32.32287006442821,52.08190074856331,convergence_faible,9,bootstrap_empirique,2033,False,10000
BALANCE_COURANTE,0.3323783823942821,0.739135980181281,-2.826877773318299,5.27060832843784,-3.3630566880736286,5.5507744348338655,convergence_faible,9,bootstrap_empirique,2033,False,10000
TACH,8.567559403774641,8.563988952979518,7.797744740110021,9.151149282935307,6.308982913165549,10.158414371574551,convergence_faible,9,bootstrap_empirique,2033,False,10000
FBCF,24.429602271360118,24.302480035668353,22.212556526759897,26.43662296056088,19.352807172699524,27.47265493581326,convergence_faible,9,bootstrap_empirique,2033,False,10000
CROISSANCE_PIB,3.149919504175613,3.065400230850702,-7.308650611143574,13.467391940382106,-17.551184402958214,23.081907041116185,convergence_faible,10,gaussienne,2034,False,10000
INFLATION_CPI,-1.7714464584212815,-1.731548878709094,-7.846590601494223,4.369811794997277,-13.580951406380695,10.313852626119575,convergence_faible,10,gaussienne,2034,False,10000
SOBG,-3.738733934978809,-3.7782141991903235,-9.95571830337516,2.306836020490725,-15.899820729608413,8.447287544232037,convergence_faible,10,gaussienne,2034,False,10000
DETTE_PUBLIQUE,43.3041563776645,43.29534825081438,28.198998859646863,58.51094063337114,13.354251630904775,73.09617897748676,convergence_faible,10,gaussienne,2034,False,10000
BALANCE_COURANTE,-1.6924306908355562,-1.5027161302595178,-10.765783716407952,7.988258515647378,-19.50146114351643,17.009233886274757,convergence_faible,10,gaussienne,2034,False,10000
TACH,8.251016022303585,8.262905396619386,5.6356390181190035,10.87838374089127,3.134594713276526,13.444716397524683,convergence_faible,10,gaussienne,2034,False,10000
FBCF,25.84111739729219,25.812194602765736,18.997310278017984,32.673609686810025,12.294555925019818,38.89348147074955,convergence_faible,10,gaussienne,2034,False,10000
CROISSANCE_PIB,4.413898052915458,4.10553419260964,1.0630661459331425,5.183086800867846,-1.3417252297161073,14.672537301768337,convergence_faible,10,bootstrap_empirique,2034,False,10000
INFLATION_CPI,-1.2788430512277638,-1.9111190464385306,-3.7010096640730925,-0.48871481973955233,-6.942486874745276,0.1501948580408008,convergence_faible,10,bootstrap_empirique,2034,False,10000
SOBG,-2.9515049462504095,-3.1596238939021264,-4.326035625100565,-0.5227949871323716,-7.366040544063436,-0.08626999571899185,convergence_faible,10,bootstrap_empirique,2034,False,10000
DETTE_PUBLIQUE,42.20138726627505,42.70483952705936,39.660088938995536,49.71922027825663,30.684385469458988,50.443416153594086,convergence_faible,10,bootstrap_empirique,2034,False,10000
BALANCE_COURANTE,0.05413885280721864,0.4608964505942175,-3.105117302905362,4.992368798850777,-3.6412962176606922,5.272534905246802,convergence_faible,10,bootstrap_empirique,2034,False,10000
TACH,8.484502568062847,8.480932117267724,7.714687904398227,9.068092447223513,6.225926077453755,10.075357535862757,convergence_faible,10,bootstrap_empirique,2034,False,10000
FBCF,24.836225443549537,24.709103207857773,22.619179698949317,26.8432461327503,19.759430344888944,27.87927810800268,convergence_faible,10,bootstrap_empirique,2034,False,10000
CROISSANCE_PIB,3.7196474611111916,3.692920120122288,0.41235719781334174,6.982318720553073,-2.826616381524174,10.022695352193363,convergence_forte,1,gaussienne,2025,True,10000
INFLATION_CPI,2.184059635355367,2.196676357857231,0.2629303747611352,4.126096013366386,-1.5504337321026278,6.005766766505057,convergence_forte,1,gaussienne,2025,True,10000
SOBG,-2.0272676416799724,-2.039752397433334,-3.993250719859553,-0.11549056036332665,-5.872940951082559,1.8262907073240764,convergence_forte,1,gaussienne,2025,True,10000
DETTE_PUBLIQUE,48.67273115915606,48.66994578487945,43.896060941900906,53.48153857263819,39.20173968867115,58.093795911021004,convergence_forte,1,gaussienne,2025,True,10000
BALANCE_COURANTE,3.043868447288183,3.1038614589600098,0.17462228972930802,6.105171168557594,-2.587841467688924,8.957854057304008,convergence_forte,1,gaussienne,2025,True,10000
TACH,6.710782005926594,6.714541756205819,5.883727178601494,7.541628630080334,5.092827525372023,8.353174272943573,convergence_forte,1,gaussienne,2025,True,10000
FBCF,23.27803033280952,23.268884142109457,21.11382849643131,25.43865410585102,18.994231461223066,27.405550264997377,convergence_forte,1,gaussienne,2025,True,10000
CROISSANCE_PIB,5.027872636462231,4.719508776156412,1.677040729479916,5.797061384414619,-0.7277506461693339,15.286511885315111,convergence_forte,1,bootstrap_empirique,2025,True,10000
INFLATION_CPI,2.6616995394520884,2.029423544241322,0.23953292660675962,3.4518277709403,-3.0019442840654236,4.0907374487206525,convergence_forte,1,bootstrap_empirique,2025,True,10000
SOBG,-1.2413259338633598,-1.4494448815150764,-2.6158566127135154,1.1873840252546781,-5.655861531676386,1.6239090166680579,convergence_forte,1,bootstrap_empirique,2025,True,10000
DETTE_PUBLIQUE,47.67140431530302,48.174856576087336,45.13010598802351,55.1892373272846,36.15440251848696,55.91343320262206,convergence_forte,1,bootstrap_empirique,2025,True,10000
BALANCE_COURANTE,4.648866308051104,5.055623905838103,1.4896101523385228,9.58709625409466,0.9534312375831928,9.867262360490686,convergence_forte,1,bootstrap_empirique,2025,True,10000
TACH,6.963271018223934,6.959700567428811,6.193456354559314,7.5468608973846,4.7046945276148415,8.554125986023845,convergence_forte,1,bootstrap_empirique,2025,True,10000
FBCF,22.26117470870775,22.134052473015977,20.04412896410753,24.26819539790851,17.184379610047156,25.30422737316089,convergence_forte,1,bootstrap_empirique,2025,True,10000
CROISSANCE_PIB,3.3562375124486037,3.3184393443359266,-1.3209772326116993,7.970351457116217,-5.901577596678941,12.270093324304142,convergence_forte,2,gaussienne,2026,True,10000
INFLATION_CPI,1.1138293843677076,1.1316721244425416,-1.6030576710364504,3.860283568772813,-4.167541784483758,6.518539440657571,convergence_forte,2,gaussienne,2026,True,10000
SOBG,-1.8619014253171478,-1.8795575362264674,-4.642221357874716,0.841759651314904,-7.300504775930511,3.5878530552404504,convergence_forte,2,gaussienne,2026,True,10000
DETTE_PUBLIQUE,45.016498637148786,45.01255952307052,38.2612668329229,51.81717930013551,31.622494050469115,58.3398961812313,convergence_forte,2,gaussienne,2026,True,10000
BALANCE_COURANTE,2.8118452666108764,2.8966881973647802,-1.2458815631957745,7.141181093559738,-5.152595274500779,11.175483923974575,convergence_forte,2,gaussienne,2026,True,10000
TACH,7.531241708256649,7.536558798092665,6.361609554627355,8.70623627238677,5.2431085385540595,9.853935127008755,convergence_forte,2,gaussienne,2026,True,10000
FBCF,22.20933556289612,22.196400895964032,19.148691974177293,25.26491900591713,16.15112910021999,28.04653022996146,convergence_forte,2,gaussienne,2026,True,10000
CROISSANCE_PIB,4.655986647386689,4.34762278708087,1.3051547404043737,5.4251753953390764,-1.099636635244876,14.914625896239569,convergence_forte,2,bootstrap_empirique,2026,True,10000
INFLATION_CPI,1.5943357500838045,0.9620597548730381,-0.8278308627615243,2.384463981572016,-4.0693080734337075,3.023373659352369,convergence_forte,2,bootstrap_empirique,2026,True,10000
SOBG,-1.0757131214124986,-1.2838320690642155,-2.4502438002626543,1.3529968377055392,-5.490248719225525,1.789521829118919,convergence_forte,2,bootstrap_empirique,2026,True,10000
DETTE_PUBLIQUE,43.995739153452355,44.49919141423668,41.45444082617284,51.513572165433935,32.478737356636294,52.23776804077139,convergence_forte,2,bootstrap_empirique,2026,True,10000
BALANCE_COURANTE,4.443963100066043,4.85072069785304,1.2847069443534613,9.382193046109599,0.7485280295981314,9.662359152505626,convergence_forte,2,bootstrap_empirique,2026,True,10000
TACH,7.780090540801127,7.776520090006002,7.010275877136507,8.363680419961792,5.521514050192034,9.370945508601036,convergence_forte,2,bootstrap_empirique,2026,True,10000
FBCF,21.194771741836014,21.067649506144246,18.977725997235794,23.201792431036775,16.11797664317542,24.237824406289157,convergence_forte,2,bootstrap_empirique,2026,True,10000
CROISSANCE_PIB,3.3524509929261237,3.306157880382128,-2.375943778483602,9.003563382674203,-7.986010582269407,14.269650182820312,convergence_forte,3,gaussienne,2027,True,10000
INFLATION_CPI,0.9823034362666805,1.0041562406649063,-2.345190050989761,4.346009113128804,-5.4860288166995606,7.601694359066237,convergence_forte,3,gaussienne,2027,True,10000
SOBG,-0.9354404886819765,-0.9570647199668892,-4.340623066909665,2.3758545489041847,-7.596342049878803,5.739118361724272,convergence_forte,3,gaussienne,2027,True,10000
DETTE_PUBLIQUE,41.01648379197937,41.01165938221419,32.743048284692364,49.345582555944304,24.612245367048025,57.33424660360573,convergence_forte,3,gaussienne,2027,True,10000
BALANCE_COURANTE,3.5101067778671315,3.6140177221818064,-1.4595733464466152,8.812438628454613,-6.24430092836262,13.753430329645758,convergence_forte,3,gaussienne,2027,True,10000
TACH,8.87914219044261,8.885654268949999,7.446641208870433,10.318210756773974,6.076762825788382,11.723849042874253,convergence_forte,3,gaussienne,2027,True,10000
FBCF,21.59120049066165,21.575358823673422,17.842692952220716,25.33351064161068,14.171443195667685,28.74027472246426,convergence_forte,3,gaussienne,2027,True,10000
CROISSANCE_PIB,4.645696233304152,4.3373323729983335,1.2948643263218362,5.41488498125654,-1.1099270493274136,14.90433548215703,convergence_forte,3,bootstrap_empirique,2027,True,10000
INFLATION_CPI,1.4650093153433295,0.8327333201325632,-0.9571572975019992,2.255137546831541,-4.198634508174182,2.894047224611894,convergence_forte,3,bootstrap_empirique,2027,True,10000
SOBG,-0.14906296494384952,-0.3571819125955663,-1.5235936437940052,2.2796469941741884,-4.5635985627568765,2.716171985587568,convergence_forte,3,bootstrap_empirique,2027,True,10000
DETTE_PUBLIQUE,39.98081311928343,40.484265380067754,37.43951479200392,47.49864613126501,28.46381132246737,48.22284200660247,convergence_forte,3,bootstrap_empirique,2027,True,10000
BALANCE_COURANTE,5.163034498282309,5.569792096069308,2.0037783425697278,10.101264444325867,1.467599427814398,10.381430550721891,convergence_forte,3,bootstrap_empirique,2027,True,10000
TACH,9.125197814821622,9.121627364026498,8.355383151157001,9.708787693982288,6.866621324212529,10.716052782621531,convergence_forte,3,bootstrap_empirique,2027,True,10000
FBCF,20.57839523192655,20.451272996234785,18.36134948732633,22.58541592112731,15.501600133265956,23.621447896379692,convergence_forte,3,bootstrap_empirique,2027,True,10000
CROISSANCE_PIB,3.395014883047132,3.3415602010693264,-3.2195656435485676,9.920357401930893,-9.6975128022236,16.001110665211474,convergence_forte,4,gaussienne,2028,True,10000
INFLATION_CPI,-1.589963937103035,-1.5647304920993066,-5.432222458291498,2.294108818919003,-9.058950672019025,6.053450325196344,convergence_forte,4,gaussienne,2028,True,10000
SOBG,-2.184592153705823,-2.2095616652125463,-6.116558310064984,1.6389620089274686,-9.875938772510997,5.522524544302274,convergence_forte,4,gaussienne,2028,True,10000
DETTE_PUBLIQUE,42.42231688084311,42.416746132289894,32.86897644633279,52.039931707807376,23.48033393987328,61.26444638457299,convergence_forte,4,gaussienne,2028,True,10000
BALANCE_COURANTE,2.7610753701332684,2.8810613934769207,-2.977416944984482,8.88368081267209,-8.502344459820945,14.589046590164918,convergence_forte,4,gaussienne,2028,True,10000
TACH,9.239592883681851,9.2471123842403,7.585483229031651,10.90128613198933,6.0036839225727086,12.52437741771581,convergence_forte,4,gaussienne,2028,True,10000
FBCF,19.452032227120416,19.43373984572029,15.12362855436399,23.773279773203402,10.884434483947501,27.707072091496126,convergence_forte,4,gaussienne,2028,True,10000
CROISSANCE_PIB,4.682777086677995,4.3744132263721776,1.3319451796956798,5.451965834630383,-1.07284619595357,14.941416335530874,convergence_forte,4,bootstrap_empirique,2028,True,10000
INFLATION_CPI,-1.1054037824887957,-1.7376797776995623,-3.5275703953341244,-0.31527555100058424,-6.769047606006308,0.3236341267797689,convergence_forte,4,bootstrap_empirique,2028,True,10000
SOBG,-1.3980551102690444,-1.606174057920761,-2.7725857891192,1.0306548488489935,-5.812590708082071,1.4671798402623732,convergence_forte,4,bootstrap_empirique,2028,True,10000
DETTE_PUBLIQUE,41.37407549432744,41.87752775511176,38.83277716704793,48.89190850630902,29.85707369751138,49.61610438164648,convergence_forte,4,bootstrap_empirique,2028,True,10000
BALANCE_COURANTE,4.431546636780995,4.838304234567994,1.2722904810684141,9.369776582824553,0.7361115663130842,9.649942689220579,convergence_forte,4,bootstrap_empirique,2028,True,10000
TACH,9.483293724650354,9.479723273855232,8.713479060985733,10.06688360381102,7.224717234041261,11.074148692450263,convergence_forte,4,bootstrap_empirique,2028,True,10000
FBCF,18.44070950500413,18.313587269312364,16.22366376040391,20.44773019420489,13.363914406343536,21.483762169457272,convergence_forte,4,bootstrap_empirique,2028,True,10000
CROISSANCE_PIB,3.4272053313284623,3.3674411800194584,-3.9681205187287083,10.72276005567536,-11.210685619453198,17.521248881224892,convergence_forte,5,gaussienne,2029,True,10000
INFLATION_CPI,1.3143112381200035,1.342523087287422,-2.98146438213261,5.6568365941301195,-7.036269793038186,9.859908173466419,convergence_forte,5,gaussienne,2029,True,10000
SOBG,-2.3178636564927357,-2.345780419039734,-6.713935461916559,1.9569998551574257,-10.917050595573501,6.298954767142175,convergence_forte,5,gaussienne,2029,True,10000
DETTE_PUBLIQUE,25.864729186178316,25.858500899953043,15.18376987429709,36.61754945342931,4.686948443853357,46.930870391775514,convergence_forte,5,gaussienne,2029,True,10000
BALANCE_COURANTE,3.800859681532419,3.9350081338055616,-2.6149697709492994,10.64614066599592,-8.792026517915959,17.024933523483366,convergence_forte,5,gaussienne,2029,True,10000
TACH,7.136803017123329,7.1452100743261,5.287452202105054,8.994632547607312,3.5189468141029434,10.809303771893283,convergence_forte,5,gaussienne,2029,True,10000
FBCF,19.153366191455028,19.132914687314507,14.314063768283464,23.984667821777883,9.574500712650812,28.38278133831239,convergence_forte,5,gaussienne,2029,True,10000
CROISSANCE_PIB,4.710136882611708,4.401773022305889,1.3593049756293922,5.479325630564095,-1.0454864000198576,14.968776131464587,convergence_forte,5,bootstrap_empirique,2029,True,10000
INFLATION_CPI,1.8005050422777042,1.1682290470669376,-0.6216615705676245,2.5906332737659157,-3.8631387812398077,3.229542951546269,convergence_forte,5,bootstrap_empirique,2029,True,10000
SOBG,-1.5311860733801708,-1.7393050210318874,-2.9057167522303264,0.8975238857378671,-5.945721671193198,1.3340488771512469,convergence_forte,5,bootstrap_empirique,2029,True,10000
DETTE_PUBLIQUE,24.80541277846096,25.308865039245276,22.264114451181445,32.32324579044254,13.288410981644898,33.04744166578,convergence_forte,5,bootstrap_empirique,2029,True,10000
BALANCE_COURANTE,5.486787122687396,5.893544720474393,2.3275309669748143,10.425017068730952,1.7913520522194846,10.70518317512698,convergence_forte,5,bootstrap_empirique,2029,True,10000
TACH,7.378429252260311,7.374858801465187,6.608614588595691,7.962019131420977,5.119852761651218,8.96928422006022,convergence_forte,5,bootstrap_empirique,2029,True,10000
FBCF,18.143349610320158,18.016227374628393,15.926303865719937,20.15037029952092,13.066554511659564,21.1864022747733,convergence_forte,5,bootstrap_empirique,2029,True,10000
CROISSANCE_PIB,3.322094104692794,3.2566257570886106,-4.779079471661965,11.31397388876916,-12.712912031394932,18.76134526216972,convergence_forte,6,gaussienne,2030,False,10000
INFLATION_CPI,2.85646568911301,2.8873702214688675,-1.8493207292731952,7.613463877162795,-6.291137508967166,12.2176981067855,convergence_forte,6,gaussienne,2030,False,10000
SOBG,-1.8008074850345817,-1.8313887661935973,-6.616462869520761,2.8820708661384966,-11.220744810511258,7.638444164067309,convergence_forte,6,gaussienne,2030,False,10000
DETTE_PUBLIQUE,35.61126899561925,35.60444624989889,23.910864293794837,47.390393429963446,12.41217253467948,58.688070471408565,convergence_forte,6,gaussienne,2030,False,10000
BALANCE_COURANTE,2.049714932594563,2.1966671993233717,-4.978474099865945,9.54834454789821,-11.745100738472185,16.53596202329564,convergence_forte,6,gaussienne,2030,False,10000
TACH,7.924957848122672,7.9341673178670575,5.899095531870525,9.96010813181329,3.9617949437141644,11.947980859807178,convergence_forte,6,gaussienne,2030,False,10000
FBCF,19.327367087055002,19.304963586749658,14.026176887534056,24.619792857133632,8.83424569095783,29.437684824082268,convergence_forte,6,gaussienne,2030,False,10000
CROISSANCE_PIB,4.6006584124285785,4.292294552122761,1.2498265054462632,5.369847160380966,-1.1549648702029867,14.859297661281458,convergence_forte,6,bootstrap_empirique,2030,False,10000
INFLATION_CPI,3.3441364253523633,2.711860430141597,0.9219698125070346,4.134264656840575,-2.3195073981651486,4.773174334620927,convergence_forte,6,bootstrap_empirique,2030,False,10000
SOBG,-1.0140028443430282,-1.222121791994745,-2.3885335231931837,1.4147071147750097,-5.4285384421560545,1.8512321061883894,convergence_forte,6,bootstrap_empirique,2030,False,10000
DETTE_PUBLIQUE,34.54194000338937,35.045392264173685,32.00064167610986,42.05977301537095,23.02493820657331,42.78396889070841,convergence_forte,6,bootstrap_empirique,2030,False,10000
BALANCE_COURANTE,3.749615823612589,4.1563734213995875,0.5903596679000083,8.687845769656146,0.054180753144678295,8.968011876052172,convergence_forte,6,bootstrap_empirique,2030,False,10000
TACH,8.16470849622104,8.161138045425918,7.39489383255642,8.748298375381706,5.906132005611948,9.75556346402095,convergence_forte,6,bootstrap_empirique,2030,False,10000
FBCF,18.31853134762902,18.19140911193725,16.1014856030288,20.32555203682978,13.241736248968426,21.36158401208216,convergence_forte,6,bootstrap_empirique,2030,False,10000
CROISSANCE_PIB,4.264559618508855,4.193845721046193,-4.485707931682591,12.896776380749964,-13.05522652571838,20.94085684004241,convergence_forte,7,gaussienne,2031,False,10000
INFLATION_CPI,7.0052282691975805,7.038608979298224,1.9223980092558373,12.143373562455363,-2.875312453916442,17.11651492194177,convergence_forte,7,gaussienne,2031,False,10000
SOBG,-2.6718791803091504,-2.7049107392119214,-7.873381486933559,2.3862075390476076,-12.846574380587146,7.523677873832219,convergence_forte,7,gaussienne,2031,False,10000
DETTE_PUBLIQUE,32.49128058843604,32.48391118079191,19.853399098610016,45.21418910731353,7.433392488319005,57.41707500730711,convergence_forte,7,gaussienne,2031,False,10000
BALANCE_COURANTE,1.1934812093733767,1.3522077986588268,-6.397830573755054,9.292926897737537,-13.706622681712759,16.840416390689864,convergence_forte,7,gaussienne,2031,False,10000
TACH,8.911021810508736,8.920969174739268,6.722840416791054,11.10923535565708,4.630316622338646,13.256383304251257,convergence_forte,7,gaussienne,2031,False,10000
FBCF,21.913248545879803,21.889049999843863,16.187308699873746,27.62972172612165,10.579382065042918,32.83363981791104,convergence_forte,7,gaussienne,2031,False,10000
CROISSANCE_PIB,5.539107831323135,5.230743971017316,2.18827592434082,6.308296579275523,-0.21651545130842997,15.797747080176014,convergence_forte,7,bootstrap_empirique,2031,False,10000
INFLATION_CPI,7.4942571846564014,6.861981189445636,5.0720905718110725,8.284385416144612,1.830613361138889,8.923295093924965,convergence_forte,7,bootstrap_empirique,2031,False,10000
SOBG,-1.8849576981151195,-2.093076645766836,-3.259488376965275,0.5437522610029184,-6.299493295928146,0.9802772524162982,convergence_forte,7,bootstrap_empirique,2031,False,10000
DETTE_PUBLIQUE,31.41274407448799,31.916196335272303,28.871445747208476,38.93057708646957,19.89574227767193,39.654772961807026,convergence_forte,7,bootstrap_empirique,2031,False,10000
BALANCE_COURANTE,2.9062320137110835,3.3129896114980824,-0.25302414200149737,7.844461959754641,-0.7892030567568273,8.124628066150667,convergence_forte,7,bootstrap_empirique,2031,False,10000
TACH,9.14904767831978,9.145477227524658,8.37923301465516,9.732637557480446,6.890471187710688,10.73990264611969,convergence_forte,7,bootstrap_empirique,2031,False,10000
FBCF,20.905498702474638,20.77837646678287,18.688452957874418,22.9125193916754,15.828703603814045,23.94855136692778,convergence_forte,7,bootstrap_empirique,2031,False,10000
CROISSANCE_PIB,3.4471255576167765,3.3715292213914223,-5.9073039325038295,12.675353446952004,-15.068504660638315,21.274837181327854,convergence_forte,8,gaussienne,2032,False,10000
INFLATION_CPI,2.4737882105380806,2.5094736906877486,-2.9599859002702353,7.966696579348292,-8.08895412716485,13.283208323117808,convergence_forte,8,gaussienne,2032,False,10000
SOBG,-1.8220571903320066,-1.857369412150645,-7.382697055447141,3.585264962932097,-12.699263891558733,9.077451770783192,convergence_forte,8,gaussienne,2032,False,10000
DETTE_PUBLIQUE,29.28857267854177,29.280694450385244,15.77810907009,42.889934004515204,2.5005635051824293,55.935367766706804,convergence_forte,8,gaussienne,2032,False,10000
BALANCE_COURANTE,1.8792287942992345,2.0489146558070424,-6.2362248653140675,10.537900448196957,-14.049652287924077,18.606506109026633,convergence_forte,8,gaussienne,2032,False,10000
TACH,9.758867989597444,9.769502169269474,7.419603682338854,12.108857117857685,5.182601650192263,14.404254827101658,convergence_forte,8,gaussienne,2032,False,10000
FBCF,22.024575418127405,21.998706084263244,15.90328824068975,28.135742304169426,9.908162492775148,33.698964752258085,convergence_forte,8,gaussienne,2032,False,10000
CROISSANCE_PIB,4.717935680421731,4.409571820115912,1.3671037734394158,5.487124428374119,-1.037687602209834,14.97657492927461,convergence_forte,8,bootstrap_empirique,2032,False,10000
INFLATION_CPI,2.9640812883910708,2.331805293180304,0.541914675545742,3.754209519879282,-2.699562535126441,4.393119197659635,convergence_forte,8,bootstrap_empirique,2032,False,10000
SOBG,-1.0350269547191546,-1.2431459023708713,-2.4095576335693103,1.3936830043988833,-5.449562552532181,1.830207995812263,convergence_forte,8,bootstrap_empirique,2032,False,10000
DETTE_PUBLIQUE,28.201466012339324,28.704918273123646,25.66016768505981,35.719299024320904,16.684464215523263,36.44349489965836,convergence_forte,8,bootstrap_empirique,2032,False,10000
BALANCE_COURANTE,3.6039400063314515,4.010697604118451,0.4446838506188706,8.542169952375009,-0.09149506413645936,8.822336058771034,convergence_forte,8,bootstrap_empirique,2032,False,10000
TACH,9.99528847106022,9.991718020265097,9.2254738073956,10.578878350220887,7.736711980451128,11.58614343886013,convergence_forte,8,bootstrap_empirique,2032,False,10000
FBCF,21.01783630209446,20.89071406640269,18.80079055749424,23.02485699129522,15.941041203433866,24.0608889665476,convergence_forte,8,bootstrap_empirique,2032,False,10000
CROISSANCE_PIB,2.7027709823344903,2.6225889593677865,-7.219099807559067,12.490784760660139,-16.936020545571605,21.61191465558102,convergence_forte,9,gaussienne,2033,False,10000
INFLATION_CPI,8.618840361569433,8.656690529075023,2.855452579786734,14.44494949560249,-2.584639740804561,20.0839617550185,convergence_forte,9,gaussienne,2033,False,10000
SOBG,-2.2954792015910694,-2.3329334688511443,-8.193428436129793,3.439852042358876,-13.832499129798816,9.26519584542109,convergence_forte,9,gaussienne,2033,False,10000
DETTE_PUBLIQUE,25.252001211531535,25.24364508870171,10.921990559766057,39.678423451977935,-3.160973199923214,53.51519546712635,convergence_forte,9,gaussienne,2033,False,10000
BALANCE_COURANTE,2.737658546621601,2.9176375816370856,-5.870079926055018,11.921566710429868,-14.157471198309716,20.479615376669077,convergence_forte,9,gaussienne,2033,False,10000
TACH,6.135836174431912,6.1471154252695825,3.654671692456609,8.628376046893127,1.281972732768191,11.063012975482849,convergence_forte,9,gaussienne,2033,False,10000
FBCF,19.929311849322936,19.901873277222744,13.43670634018829,26.411183168447412,7.077915234563565,32.31187164588648,convergence_forte,9,gaussienne,2033,False,10000
CROISSANCE_PIB,3.9700702142451822,3.6617063539393637,0.6192383072628669,4.73925896219757,-1.785553068386383,14.228709463098062,convergence_forte,9,bootstrap_empirique,2033,False,10000
INFLATION_CPI,9.11032076670119,8.478044771490422,6.68815415385586,9.9004489981894,3.446676943183677,10.539358675969753,convergence_forte,9,bootstrap_empirique,2033,False,10000
SOBG,-1.5083468225341155,-1.7164657701858324,-2.882877501384271,0.9203631365839224,-5.9228824203471415,1.3568881279973022,convergence_forte,9,bootstrap_empirique,2033,False,10000
DETTE_PUBLIQUE,24.156845282353245,24.660297543137563,21.615546955073732,31.674678294334825,12.639843485537185,32.39887416967228,convergence_forte,9,bootstrap_empirique,2033,False,10000
BALANCE_COURANTE,4.473603219154139,4.880360816941139,1.3143470634415586,9.411833165197697,0.7781681486862286,9.691999271593723,convergence_forte,9,bootstrap_empirique,2033,False,10000
TACH,6.370748844071574,6.3671783932764505,5.600934180406954,6.95433872323224,4.112172353462482,7.961603811871484,convergence_forte,9,bootstrap_empirique,2033,False,10000
FBCF,18.92352202919214,18.79639979350037,16.70647628459192,20.9305427183929,13.846726930531545,21.96657469364528,convergence_forte,9,bootstrap_empirique,2033,False,10000
CROISSANCE_PIB,3.3141368032553125,3.2296175299304015,-7.144433312063874,13.631609239461806,-17.386967103878515,23.246124340195884,convergence_forte,10,gaussienne,2034,False,10000
INFLATION_CPI,1.2150275810602442,1.2549251607724314,-4.860116562012697,7.356285834478803,-10.594477366899168,13.3003266656011,convergence_forte,10,gaussienne,2034,False,10000
SOBG,-2.575264355050459,-2.614744619261973,-8.79224872344681,3.4703056004190747,-14.736351149680063,9.610757124160386,convergence_forte,10,gaussienne,2034,False,10000
DETTE_PUBLIQUE,27.725384168835156,27.716576041985036,12.620226650817528,42.93216842454181,-2.224520577924564,57.51740676865742,convergence_forte,10,gaussienne,2034,False,10000
BALANCE_COURANTE,2.223651593049886,2.413366153625924,-6.849701432522511,11.90434079953282,-15.585378859630989,20.925316170160198,convergence_forte,10,gaussienne,2034,False,10000
TACH,5.843608565247957,5.85549793956376,3.228231561063376,8.470976283835643,0.7271872562208982,11.037308940469055,convergence_forte,10,gaussienne,2034,False,10000
FBCF,21.4355185456725,21.406595751146046,14.591711426398293,28.268010835190328,7.888957073400127,34.48788261912986,convergence_forte,10,gaussienne,2034,False,10000
CROISSANCE_PIB,4.578115351995157,4.269751491689338,1.227283445012842,5.347304099947545,-1.1775079306364078,14.836754600848037,convergence_forte,10,bootstrap_empirique,2034,False,10000
INFLATION_CPI,1.707630988253762,1.0753549930429955,-0.7145356245915668,2.4977592197419733,-3.95601283526375,3.1366688975223265,convergence_forte,10,bootstrap_empirique,2034,False,10000
SOBG,-1.7880353663220596,-1.996154313973776,-3.1625660451722153,0.6406745927959783,-6.202570964135086,1.077199584209358,convergence_forte,10,bootstrap_empirique,2034,False,10000
DETTE_PUBLIQUE,26.62261505744571,27.126067318230028,24.081316730166197,34.14044806942729,15.10561326062965,34.86464394476475,convergence_forte,10,bootstrap_empirique,2034,False,10000
BALANCE_COURANTE,3.9702211366926607,4.376978734479659,0.8109649809800799,8.908451082736217,0.2747860662247499,9.188617189132245,convergence_forte,10,bootstrap_empirique,2034,False,10000
TACH,6.077095111007219,6.073524660212096,5.307280447342599,6.660684990167885,3.8185186203981267,7.667950078807129,convergence_forte,10,bootstrap_empirique,2034,False,10000
FBCF,20.430626591929848,20.30350435623808,18.213580847329627,22.43764728113061,15.353831493269254,23.47367925638299,convergence_forte,10,bootstrap_empirique,2034,False,10000
CROISSANCE_PIB,4.16991374800364,4.143186407014737,0.8626234847057899,7.43258500744552,-2.376350094631726,10.472961639085812,convergence_moderee,1,gaussienne,2025,True,10000
INFLATION_CPI,2.100984282691107,2.113601005192971,0.17985502209687518,4.043020660702125,-1.6335090847668878,5.922691413840797,convergence_moderee,1,gaussienne,2025,True,10000
SOBG,-2.6874507475425378,-2.699935503295899,-4.653433825722118,-0.775673666225892,-6.533124056945124,1.166107601461511,convergence_moderee,1,gaussienne,2025,True,10000
DETTE_PUBLIQUE,54.77183951205464,54.769054137778035,49.99516929479949,59.580646925536776,45.30084804156973,64.19290426391959,convergence_moderee,1,gaussienne,2025,True,10000
BALANCE_COURANTE,1.3181834424605354,1.3781764541323616,-1.5510627150983398,4.379486163729946,-4.313526472516571,7.23216905247636,convergence_moderee,1,gaussienne,2025,True,10000
TACH,7.5696577988739735,7.573417549153198,6.742602971548873,8.400504423027714,5.951703318319402,9.212050065890953,convergence_moderee,1,gaussienne,2025,True,10000
FBCF,24.51213384543506,24.502987654734998,22.347932009056848,26.672757618476556,20.228334973848604,28.639653777622915,convergence_moderee,1,gaussienne,2025,True,10000
CROISSANCE_PIB,5.478138923354679,5.169775063048861,2.127307016372364,6.247327671307067,-0.27748435927688586,15.736778172207558,convergence_moderee,1,bootstrap_empirique,2025,True,10000
INFLATION_CPI,2.5786241867878283,1.9463481915770615,0.1564575739424996,3.3687524182760398,-3.0850196367296836,4.007662096056393,convergence_moderee,1,bootstrap_empirique,2025,True,10000
SOBG,-1.901509039725925,-2.1096279873776416,-3.276039718576081,0.5272009193921128,-6.316044637538951,0.9637259108054925,convergence_moderee,1,bootstrap_empirique,2025,True,10000
DETTE_PUBLIQUE,53.770512668201604,54.273964928985926,51.22921434092209,61.288345680183184,42.253510871385544,62.01254155552064,convergence_moderee,1,bootstrap_empirique,2025,True,10000
BALANCE_COURANTE,2.9231813032234557,3.3299389010104545,-0.23607485248912496,7.861411249267014,-0.7722537672444549,8.141577355663038,convergence_moderee,1,bootstrap_empirique,2025,True,10000
TACH,7.822146811171313,7.8185763603761895,7.052332147506693,8.40573669033198,5.563570320562221,9.413001778971223,convergence_moderee,1,bootstrap_empirique,2025,True,10000
FBCF,23.495278221333287,23.36815598564152,21.278232476733066,25.502298910534048,18.418483122672693,26.53833088578643,convergence_moderee,1,bootstrap_empirique,2025,True,10000
CROISSANCE_PIB,3.4170418421145827,3.379243674001906,-1.2601729029457198,8.031155786782197,-5.840773267012962,12.330897653970121,convergence_moderee,2,gaussienne,2026,True,10000
INFLATION_CPI,1.3758982874295709,1.3937410275044049,-1.340988767974587,4.1223524718346765,-3.905472881421895,6.780608343719434,convergence_moderee,2,gaussienne,2026,True,10000
SOBG,-2.576307833403302,-2.593963944312621,-5.356627765960869,0.12735324322875036,-8.014911184016665,2.8734466471542968,convergence_moderee,2,gaussienne,2026,True,10000
DETTE_PUBLIQUE,50.28464263849458,50.28070352441632,43.529410834268695,57.0853233014813,36.89063805181491,63.6080401825771,convergence_moderee,2,gaussienne,2026,True,10000
BALANCE_COURANTE,1.1924271994317017,1.277270130185606,-2.865299630374949,5.5217630263805635,-6.772013341679954,9.556065856795401,convergence_moderee,2,gaussienne,2026,True,10000
TACH,8.181880271298718,8.187197361134734,7.012248117669423,9.356874835428837,5.893747101596127,10.504573690050824,convergence_moderee,2,gaussienne,2026,True,10000
FBCF,23.8526769123331,23.839742245401016,20.792033323614273,26.90826035535411,17.79447044965697,29.68987157939844,convergence_moderee,2,gaussienne,2026,True,10000
CROISSANCE_PIB,4.716790977052669,4.40842711674685,1.3659590700703532,5.485979725005056,-1.0388323055788966,14.975430225905548,convergence_moderee,2,bootstrap_empirique,2026,True,10000
INFLATION_CPI,1.8564046531456677,1.2241286579349013,-0.565761959699661,2.646532884633879,-3.8072391703718442,3.2854425624142323,convergence_moderee,2,bootstrap_empirique,2026,True,10000
SOBG,-1.7901195294986523,-1.998238477150369,-3.164650208348808,0.6385904296193856,-6.204655127311678,1.0751154210327654,convergence_moderee,2,bootstrap_empirique,2026,True,10000
DETTE_PUBLIQUE,49.26388315479815,49.767335415582465,46.72258482751864,56.78171616677973,37.74688135798209,57.50591204211719,convergence_moderee,2,bootstrap_empirique,2026,True,10000
BALANCE_COURANTE,2.8245450328868675,3.2313026306738664,-0.33471112282571336,7.762774978930425,-0.8708900375810433,8.04294108532645,convergence_moderee,2,bootstrap_empirique,2026,True,10000
TACH,8.430729103843195,8.427158653048071,7.6609144401785745,9.01431898300386,6.172152613234102,10.021584071643105,convergence_moderee,2,bootstrap_empirique,2026,True,10000
FBCF,22.838113091272994,22.710990855581226,20.621067346672774,24.845133780473756,17.7613179926124,25.881165755726137,convergence_moderee,2,bootstrap_empirique,2026,True,10000
CROISSANCE_PIB,3.4535005313171983,3.4072074187732024,-2.2748942400925274,9.104612921065279,-7.884961043878332,14.370699721211388,convergence_moderee,3,gaussienne,2027,True,10000
INFLATION_CPI,1.2735259765938944,1.2953787809921204,-2.0539675106625466,4.637231653456017,-5.194806276372347,7.892916899393451,convergence_moderee,3,gaussienne,2027,True,10000
SOBG,0.042418446377892126,0.020794215092979386,-3.362764131849796,3.353713483964053,-6.618483114818935,6.71697729678414,convergence_moderee,3,gaussienne,2027,True,10000
DETTE_PUBLIQUE,43.88398123451836,43.87915682475318,35.61054572723135,52.213079998483295,27.47974280958701,60.20174404614472,convergence_moderee,3,gaussienne,2027,True,10000
BALANCE_COURANTE,1.9782443013951396,2.082155245709815,-2.991435822918607,7.280576151982621,-7.7761634048346115,12.221567853173765,convergence_moderee,3,gaussienne,2027,True,10000
TACH,9.130153328348028,9.136665406855416,7.6976523467758495,10.56922189467939,6.327773963693799,11.97486018077967,convergence_moderee,3,gaussienne,2027,True,10000
FBCF,23.493419528059896,23.47757786107167,19.744911989618963,27.235729679008926,16.073662233065935,30.642493759862507,convergence_moderee,3,gaussienne,2027,True,10000
CROISSANCE_PIB,4.746745771695226,4.438381911389407,1.3959138647129108,5.5159345196476135,-1.008877510936339,15.005385020548106,convergence_moderee,3,bootstrap_empirique,2027,True,10000
INFLATION_CPI,1.7562318556705436,1.123955860459777,-0.6659347571747851,2.546360087158755,-3.9074119678469685,3.1852697649391084,convergence_moderee,3,bootstrap_empirique,2027,True,10000
SOBG,0.8287959701160191,0.6206770224643023,-0.5457347087341365,3.257505929234057,-3.5857396276970075,3.6940309206474367,convergence_moderee,3,bootstrap_empirique,2027,True,10000
DETTE_PUBLIQUE,42.848310561822416,43.35176282260673,40.3070122345429,50.366143573803996,31.331308765006355,51.09033944914145,convergence_moderee,3,bootstrap_empirique,2027,True,10000
BALANCE_COURANTE,3.631172021810317,4.037929619597316,0.47191586609773606,8.569401967853874,-0.06426304865759391,8.8495680742499,convergence_moderee,3,bootstrap_empirique,2027,True,10000
TACH,9.376208952727039,9.372638501931917,8.606394289062418,9.959798831887705,7.117632462117946,10.967063920526948,convergence_moderee,3,bootstrap_empirique,2027,True,10000
FBCF,22.480614269324796,22.353492033633028,20.263568524724576,24.487634958525557,17.403819170664203,25.52366693377794,convergence_moderee,3,bootstrap_empirique,2027,True,10000
CROISSANCE_PIB,3.4432129393909525,3.3897582574131464,-3.171367587204747,9.968555458274714,-9.64931474587978,16.049308721555295,convergence_moderee,4,gaussienne,2028,True,10000
INFLATION_CPI,-0.4313075546693699,-0.40607410966564167,-4.2735660758578335,3.452765201352668,-7.90029428958536,7.212106707630009,convergence_moderee,4,gaussienne,2028,True,10000
SOBG,-2.2839582093559474,-2.3089277208626706,-6.215924365715108,1.5395959532773442,-9.975304828161121,5.42315848865215,convergence_moderee,4,gaussienne,2028,True,10000
DETTE_PUBLIQUE,45.554585908214065,45.54901515966085,36.00124547370374,55.17220073517833,26.612602967244232,64.39671541194394,convergence_moderee,4,gaussienne,2028,True,10000
BALANCE_COURANTE,1.6019699256856106,1.721955949029263,-4.13652238943214,7.724575368224431,-9.661449904268602,13.42994114571726,convergence_moderee,4,gaussienne,2028,True,10000
TACH,9.465028945841633,9.472548446400081,7.810919291191433,11.126722194149112,6.22911998473249,12.749813479875591,convergence_moderee,4,gaussienne,2028,True,10000
FBCF,22.199200832281186,22.18090845088106,17.87079715952476,26.520448378364176,13.631603089108271,30.4542406966569,convergence_moderee,4,gaussienne,2028,True,10000
CROISSANCE_PIB,4.730975143021816,4.422611282715997,1.3801432360395003,5.500163890974203,-1.0246481396097495,14.989614391874696,convergence_moderee,4,bootstrap_empirique,2028,True,10000
INFLATION_CPI,0.053252599944869417,-0.5790233952658972,-2.3689140129004596,0.8433808314330808,-5.610391223572643,1.482290509213434,convergence_moderee,4,bootstrap_empirique,2028,True,10000
SOBG,-1.4974211659191687,-1.7055401135708852,-2.8719518447693244,0.9312887931988691,-5.911956763732196,1.367813784612249,convergence_moderee,4,bootstrap_empirique,2028,True,10000
DETTE_PUBLIQUE,44.506344521698395,45.00979678248272,41.96504619441888,52.024177533679975,32.989342724882334,52.74837340901743,convergence_moderee,4,bootstrap_empirique,2028,True,10000
BALANCE_COURANTE,3.2724411923333374,3.6791987901203362,0.1131850366207563,8.210671138376895,-0.4229938781345737,8.490837244772921,convergence_moderee,4,bootstrap_empirique,2028,True,10000
TACH,9.708729786810135,9.705159336015011,8.938915123145515,10.292319665970801,7.450153296201043,11.299584754610045,convergence_moderee,4,bootstrap_empirique,2028,True,10000
FBCF,21.1878781101649,21.06075587447313,18.97083236556468,23.19489879936566,16.111083011504306,24.23093077461804,convergence_moderee,4,bootstrap_empirique,2028,True,10000
CROISSANCE_PIB,3.5487556780108696,3.488991526701866,-3.846570172046301,10.844310402357767,-11.089135272770791,17.6427992279073,convergence_moderee,5,gaussienne,2029,True,10000
INFLATION_CPI,1.511104706921756,1.5393165560891746,-2.7846709133308574,5.853630062931872,-6.839476324236434,10.056701642268171,convergence_moderee,5,gaussienne,2029,True,10000
SOBG,-3.152458576012701,-3.1803753385596987,-7.548530381436525,1.1224049356374601,-11.751645515093466,5.46435984762221,convergence_moderee,5,gaussienne,2029,True,10000
DETTE_PUBLIQUE,33.9081485484857,33.90192026226042,23.22718923660447,44.66096881573669,12.730367806160736,54.97428975408289,convergence_moderee,5,gaussienne,2029,True,10000
BALANCE_COURANTE,1.8878961058453314,2.022044558118474,-4.527933346636387,8.733177090308834,-10.704990093603046,15.111969947796277,convergence_moderee,5,gaussienne,2029,True,10000
TACH,7.923617707726738,7.932024764929505,6.0742668927084615,9.781447238210719,4.305761504706352,11.596118462496692,convergence_moderee,5,gaussienne,2029,True,10000
FBCF,21.815795744751398,21.795344240610873,16.976493321579834,26.647097375074253,12.236930265947182,31.04521089160876,convergence_moderee,5,gaussienne,2029,True,10000
CROISSANCE_PIB,4.831687229294115,4.523323368988296,1.4808553223117995,5.600875977246503,-0.9239360533374503,15.090326478146995,convergence_moderee,5,bootstrap_empirique,2029,True,10000
INFLATION_CPI,1.9972985110794568,1.3650225158686902,-0.424868101765872,2.787426742567668,-3.666345312438055,3.4263364203480213,convergence_moderee,5,bootstrap_empirique,2029,True,10000
SOBG,-2.3657809929001363,-2.5738999405518532,-3.740311671750292,0.06292896621790156,-6.780316590713163,0.4994539576312813,convergence_moderee,5,bootstrap_empirique,2029,True,10000
DETTE_PUBLIQUE,32.84883214076834,33.35228440155265,30.307533813488824,40.36666515274992,21.331830343952277,41.090861028087375,convergence_moderee,5,bootstrap_empirique,2029,True,10000
BALANCE_COURANTE,3.5738235470003077,3.9805811447873065,0.4145673912877268,8.512053493043865,-0.12161152346760318,8.79221959943989,convergence_moderee,5,bootstrap_empirique,2029,True,10000
TACH,8.165243942863718,8.161673492068594,7.3954292791990985,8.748833822024384,5.906667452254626,9.756098910663628,convergence_moderee,5,bootstrap_empirique,2029,True,10000
FBCF,20.805779163616528,20.67865692792476,18.588733419016307,22.81279985281729,15.728984064955934,23.84883182806967,convergence_moderee,5,bootstrap_empirique,2029,True,10000
CROISSANCE_PIB,3.3842218300312634,3.3187534824270797,-4.716951746323495,11.376101614107629,-12.650784306056462,18.82347298750819,convergence_moderee,6,gaussienne,2030,False,10000
INFLATION_CPI,2.555163155400188,2.586067687756046,-2.150623262986017,7.312161343449974,-6.592440042679987,11.916395573072679,convergence_moderee,6,gaussienne,2030,False,10000
SOBG,-2.5507833895497547,-2.5813646707087705,-7.3664387740359345,2.132094961623323,-11.970720715026431,6.888468259552135,convergence_moderee,6,gaussienne,2030,False,10000
DETTE_PUBLIQUE,43.60702238120075,43.600199635480394,31.90661767937634,55.38614681554494,20.407925920260983,66.68382385699006,convergence_moderee,6,gaussienne,2030,False,10000
BALANCE_COURANTE,0.9955378002090145,1.1424900669378235,-6.032651232251494,8.494167415512662,-12.799277870857734,15.481784890910088,convergence_moderee,6,gaussienne,2030,False,10000
TACH,8.435656182520876,8.444865652265262,6.40979386626873,10.470806466211494,4.472493278112369,12.458679194205383,convergence_moderee,6,gaussienne,2030,False,10000
FBCF,21.06796756611591,21.045564065810566,15.766777366594965,26.36039333619454,10.57484617001874,31.178285303143177,convergence_moderee,6,gaussienne,2030,False,10000
CROISSANCE_PIB,4.662786137767048,4.35442227746123,1.3119542307847327,5.431974885719436,-1.092837144864517,14.921425386619926,convergence_moderee,6,bootstrap_empirique,2030,False,10000
INFLATION_CPI,3.0428338916395417,2.4105578964287755,0.6206672787942129,3.832962123127753,-2.6208099318779703,4.471871800908106,convergence_moderee,6,bootstrap_empirique,2030,False,10000
SOBG,-1.7639787488582015,-1.9720976965099184,-3.138509427708357,0.6647312102598364,-6.1785143466712285,1.1012562016732161,convergence_moderee,6,bootstrap_empirique,2030,False,10000
DETTE_PUBLIQUE,42.53769338897087,43.041145649755194,39.99639506169136,50.05552640095245,31.02069159215481,50.77972227628991,convergence_moderee,6,bootstrap_empirique,2030,False,10000
BALANCE_COURANTE,2.6954386912270403,3.1021962890140395,-0.4638174644855404,7.633668637270598,-0.9999963792408704,7.913834743666624,convergence_moderee,6,bootstrap_empirique,2030,False,10000
TACH,8.675406830619245,8.671836379824121,7.905592166954625,9.258996709779911,6.4168303400101525,10.266261798419155,convergence_moderee,6,bootstrap_empirique,2030,False,10000
FBCF,20.059131826689928,19.93200959099816,17.842086082089708,22.06615251589069,14.982336728029335,23.10218449114307,convergence_moderee,6,bootstrap_empirique,2030,False,10000
CROISSANCE_PIB,3.933640008493029,3.8629261110303683,-4.816627541698416,12.56585677073414,-13.386146135734204,20.60993723002659,convergence_moderee,7,gaussienne,2031,False,10000
INFLATION_CPI,10.699121273610105,10.732501983710748,5.616291013668362,15.837266566867887,0.8185805504960828,20.810407926354298,convergence_moderee,7,gaussienne,2031,False,10000
SOBG,-3.101811846028503,-3.1348434049312734,-8.303314152652911,1.9562748733282553,-13.276507046306499,7.093745208112867,convergence_moderee,7,gaussienne,2031,False,10000
DETTE_PUBLIQUE,40.86452557343114,40.857156165787,28.226644083605112,53.58743409230863,15.806637473314101,65.7903199923022,convergence_moderee,7,gaussienne,2031,False,10000
BALANCE_COURANTE,0.4390828032036857,0.5978093924891358,-7.152228979924745,8.538528491567845,-14.46102108788245,16.086017984520172,convergence_moderee,7,gaussienne,2031,False,10000
TACH,9.76770697328266,9.77765433751319,7.579525579564977,11.965920518431004,5.487001785112569,14.113068467025181,convergence_moderee,7,gaussienne,2031,False,10000
FBCF,24.4347659687144,24.41056742267846,18.708826122708345,30.15123914895625,13.100899487877516,35.35515724074564,convergence_moderee,7,gaussienne,2031,False,10000
CROISSANCE_PIB,5.20818822130731,4.8998243610014915,1.8573563143249947,5.977376969259698,-0.5474350613242551,15.46682747016019,convergence_moderee,7,bootstrap_empirique,2031,False,10000
INFLATION_CPI,11.188150189068926,10.55587419385816,8.765983576223597,11.978278420557137,5.524506365551414,12.61718809833749,convergence_moderee,7,bootstrap_empirique,2031,False,10000
SOBG,-2.3148903638344716,-2.5230093114861885,-3.6894210426846272,0.11381959528356633,-6.7294259616474985,0.5503445866969461,convergence_moderee,7,bootstrap_empirique,2031,False,10000
DETTE_PUBLIQUE,39.785989059483086,40.28944132026741,37.24469073220357,47.303822071464666,28.268987262667025,48.02801794680212,convergence_moderee,7,bootstrap_empirique,2031,False,10000
BALANCE_COURANTE,2.1518336075413926,2.5585912053283915,-1.0074225481711883,7.09006355358495,-1.5436014629265182,7.370229659980976,convergence_moderee,7,bootstrap_empirique,2031,False,10000
TACH,10.005732841093703,10.00216239029858,9.235918177429083,10.58932272025437,7.747156350484611,11.596587808893613,convergence_moderee,7,bootstrap_empirique,2031,False,10000
FBCF,23.427016125309237,23.299893889617472,21.209970380709017,25.434036814509998,18.350221026648644,26.47006878976238,convergence_moderee,7,bootstrap_empirique,2031,False,10000
CROISSANCE_PIB,3.3855494702014237,3.3099531339760695,-5.968880019919182,12.61377735953665,-15.130080748053667,21.2132610939125,convergence_moderee,8,gaussienne,2032,False,10000
INFLATION_CPI,2.2719583998317265,2.307643879981395,-3.1618157109765894,7.764866768641937,-8.290783937871204,13.081378512411455,convergence_moderee,8,gaussienne,2032,False,10000
SOBG,-2.3118571864680115,-2.3471694082866503,-7.872497051583147,3.095464966796092,-13.189063887694736,8.587651774647185,convergence_moderee,8,gaussienne,2032,False,10000
DETTE_PUBLIQUE,37.063302190269965,37.055423962113444,23.552838581818197,50.6646635162434,10.275293016910625,63.710097278435,convergence_moderee,8,gaussienne,2032,False,10000
BALANCE_COURANTE,0.14862530210877017,0.3183111636165781,-7.966828357504531,8.807296956006493,-15.780255780114542,16.875902616836168,convergence_moderee,8,gaussienne,2032,False,10000
TACH,9.652334815354724,9.662968995026755,7.313070508096136,12.002323943614966,5.076068475949544,14.297721652858938,convergence_moderee,8,gaussienne,2032,False,10000
FBCF,25.21978890467294,25.193919570808774,19.098501727235284,31.33095579071496,13.103375979320681,36.894178238803626,convergence_moderee,8,gaussienne,2032,False,10000
CROISSANCE_PIB,4.656359593006378,4.34799573270056,1.305527686024063,5.425548340958766,-1.0992636896251868,14.914998841859259,convergence_moderee,8,bootstrap_empirique,2032,False,10000
INFLATION_CPI,2.7622514776847167,2.12997548247395,0.34008486483938793,3.552379709172928,-2.9013923458327953,4.191289386953281,convergence_moderee,8,bootstrap_empirique,2032,False,10000
SOBG,-1.52482695085516,-1.7329458985068766,-2.8993576297053156,0.9038830082628779,-5.9393625486681865,1.3404079996762577,convergence_moderee,8,bootstrap_empirique,2032,False,10000
DETTE_PUBLIQUE,35.97619552406752,36.47964778485184,33.43489719678801,43.4940285360491,24.45919372725146,44.21822441138656,convergence_moderee,8,bootstrap_empirique,2032,False,10000
BALANCE_COURANTE,1.8733365141409872,2.280094111927986,-1.2859196415715937,6.811566460184545,-1.8220985563269236,7.09173256658057,convergence_moderee,8,bootstrap_empirique,2032,False,10000
TACH,9.888755296817502,9.885184846022378,9.118940633152882,10.472345175978168,7.630178806208409,11.479610264617412,convergence_moderee,8,bootstrap_empirique,2032,False,10000
FBCF,24.213049788639992,24.085927552948228,21.996004044039772,26.220070477840753,19.1362546899794,27.256102453093135,convergence_moderee,8,bootstrap_empirique,2032,False,10000
CROISSANCE_PIB,2.838816298400011,2.758634275433307,-7.083054491493546,12.62683007672566,-16.799975229506085,21.74795997164654,convergence_moderee,9,gaussienne,2033,False,10000
INFLATION_CPI,6.848979893948453,6.886830061454043,1.0855921121657541,12.67508902798151,-4.354500208425541,18.31410128739752,convergence_moderee,9,gaussienne,2033,False,10000
SOBG,-2.838820091008976,-2.8762743582690513,-8.736769325547698,2.8965111529409695,-14.375840019216723,8.721854956003183,convergence_moderee,9,gaussienne,2033,False,10000
DETTE_PUBLIQUE,35.09351450097704,35.08515837814722,20.763503849211567,49.51993674142344,6.680540089522295,63.35670875657186,convergence_moderee,9,gaussienne,2033,False,10000
BALANCE_COURANTE,0.667046128241672,0.8470251632571568,-7.940692344434947,9.85095429204994,-16.228083616689645,18.409002958289147,convergence_moderee,9,gaussienne,2033,False,10000
TACH,7.2342414542834454,7.245520705121115,4.753076972308143,9.726781326744662,2.380378012619725,12.161418255334382,convergence_moderee,9,gaussienne,2033,False,10000
FBCF,22.682351970406923,22.654913398306732,16.189746461272275,29.164223289531396,9.830955355647552,35.06491176697047,convergence_moderee,9,gaussienne,2033,False,10000
CROISSANCE_PIB,4.106115530310703,3.7977516700048843,0.7552836233283875,4.875304278263091,-1.6495077523208623,14.364754779163583,convergence_moderee,9,bootstrap_empirique,2033,False,10000
INFLATION_CPI,7.34046029908021,6.708184303869443,4.918293686234881,8.13058853056842,1.6768164755626973,8.769498208348773,convergence_moderee,9,bootstrap_empirique,2033,False,10000
SOBG,-2.051687711952022,-2.259806659603739,-3.4262183908021777,0.37702224716601584,-6.4662233097650486,0.8135472385793956,convergence_moderee,9,bootstrap_empirique,2033,False,10000
DETTE_PUBLIQUE,33.998358571798754,34.501810832583075,31.45706024451924,41.51619158378033,22.481356774982693,42.24038745911779,convergence_moderee,9,bootstrap_empirique,2033,False,10000
BALANCE_COURANTE,2.4029908007742105,2.8097483985612093,-0.7562653549383702,7.341220746817768,-1.2924442696937002,7.621386853213794,convergence_moderee,9,bootstrap_empirique,2033,False,10000
TACH,7.469154123923109,7.465583673127985,6.699339460258488,8.052744003083774,5.210577633314016,9.060009091723018,convergence_moderee,9,bootstrap_empirique,2033,False,10000
FBCF,21.676562150276126,21.54943991458436,19.459516405675906,23.683582839476887,16.599767051615533,24.71961481472927,convergence_moderee,9,bootstrap_empirique,2033,False,10000
CROISSANCE_PIB,3.2320281537154623,3.147508880390552,-7.226541961603724,13.549500589921955,-17.469075753418362,23.164015690656036,convergence_moderee,10,gaussienne,2034,False,10000
INFLATION_CPI,-0.27820943868051873,-0.23831185896833132,-6.35335358175346,5.863048814738041,-12.087714386639933,11.807089645860337,convergence_moderee,10,gaussienne,2034,False,10000
SOBG,-3.156999145014634,-3.196479409226148,-9.373983513410987,2.8885708104548997,-15.318085939644238,9.029022334196211,convergence_moderee,10,gaussienne,2034,False,10000
DETTE_PUBLIQUE,35.51477027324982,35.5059621463997,20.409612755232196,50.721554528956474,5.564865526490108,65.3067928730721,convergence_moderee,10,gaussienne,2034,False,10000
BALANCE_COURANTE,0.2656104511071649,0.4553250116832029,-8.807742574465232,9.946299657590098,-17.543420001573708,18.96727502821748,convergence_moderee,10,gaussienne,2034,False,10000
TACH,7.0473122937757715,7.059201668091574,4.43193528959119,9.674680012363456,1.9308909847487123,12.241012668996868,convergence_moderee,10,gaussienne,2034,False,10000
FBCF,23.638317971482348,23.609395176955896,16.79451085220814,30.470810261000178,10.091756499209975,36.690682044939706,convergence_moderee,10,gaussienne,2034,False,10000
CROISSANCE_PIB,4.496006702455308,4.187642842149489,1.1451747954729923,5.265195450407695,-1.2596165801762575,14.754645951308188,convergence_moderee,10,bootstrap_empirique,2034,False,10000
INFLATION_CPI,0.21439396851299902,-0.4178820266977676,-2.2077726443323296,1.0045222000012104,-5.4492498550045125,1.6434318777815635,convergence_moderee,10,bootstrap_empirique,2034,False,10000
SOBG,-2.3697701562862346,-2.577889103937951,-3.7443008351363902,0.058939802831803334,-6.784305754099261,0.4954647942451831,convergence_moderee,10,bootstrap_empirique,2034,False,10000
DETTE_PUBLIQUE,34.41200116186038,34.9154534226447,31.870702834580868,41.92983417384196,22.89499936504432,42.65403004917942,convergence_moderee,10,bootstrap_empirique,2034,False,10000
BALANCE_COURANTE,2.01217999474994,2.4189375925369387,-1.1470761609626412,6.950409940793497,-1.6832550757179712,7.230576047189523,convergence_moderee,10,bootstrap_empirique,2034,False,10000
TACH,7.280798839535033,7.27722838873991,6.510984175870413,7.864388718695699,5.022222348925941,8.871653807334944,convergence_moderee,10,bootstrap_empirique,2034,False,10000
FBCF,22.633426017739694,22.50630378204793,20.416380273139474,24.640446706940455,17.5566309190791,25.676478682192837,convergence_moderee,10,bootstrap_empirique,2034,False,10000
CROISSANCE_PIB,5.070446321788537,5.0437189807996345,1.763156058490687,8.333117581230418,-1.4758175208468292,11.373494212870709,tendance_nationale_seule,1,gaussienne,2025,True,10000
INFLATION_CPI,1.9348335773625862,1.9474502998644505,0.01370431676835445,3.8768699553736052,-1.7996597900954086,5.756540708512277,tendance_nationale_seule,1,gaussienne,2025,True,10000
SOBG,-4.007816959267666,-4.020301715021028,-5.973800037447247,-2.0960398779510205,-7.853490268670253,-0.15425861026361745,tendance_nationale_seule,1,gaussienne,2025,True,10000
DETTE_PUBLIQUE,66.97005621785179,66.96727084357519,62.19338600059664,71.77886363133393,57.49906474736688,76.39112096971672,tendance_nationale_seule,1,gaussienne,2025,True,10000
BALANCE_COURANTE,-2.13318656719476,-2.0731935555229333,-5.002432724753635,0.9281161540746506,-7.764896482171866,3.780799042821064,tendance_nationale_seule,1,gaussienne,2025,True,10000
TACH,9.287409384768733,9.291169135047955,8.460354557443631,10.118256008922472,7.66945490421416,10.929801651785711,tendance_nationale_seule,1,gaussienne,2025,True,10000
FBCF,26.980340870686135,26.97119467998607,24.816139034307923,29.14096464372763,22.69654199909968,31.10786080287399,tendance_nationale_seule,1,gaussienne,2025,True,10000
CROISSANCE_PIB,6.378671497139576,6.070307636833758,3.027839590157261,7.147860245091964,0.6230482145080112,16.637310745992455,tendance_nationale_seule,1,bootstrap_empirique,2025,True,10000
INFLATION_CPI,2.4124734814593074,1.780197486248541,-0.009693131386021125,3.2026017129475193,-3.251170342058204,3.841511390727872,tendance_nationale_seule,1,bootstrap_empirique,2025,True,10000
SOBG,-3.2218752514510536,-3.4299941991027705,-4.596405930301209,-0.7931652923330157,-7.63641084926408,-0.35664030091963594,tendance_nationale_seule,1,bootstrap_empirique,2025,True,10000
DETTE_PUBLIQUE,65.96872937399876,66.47218163478307,63.42743104671924,73.48656238598033,54.451727577182695,74.21075826131779,tendance_nationale_seule,1,bootstrap_empirique,2025,True,10000
BALANCE_COURANTE,-0.5281887064318393,-0.12143110864484039,-3.68744486214442,4.410041239611719,-4.22362377689975,4.690207346007744,tendance_nationale_seule,1,bootstrap_empirique,2025,True,10000
TACH,9.539898397066072,9.536327946270948,8.770083733401451,10.123488276226738,7.281321906456979,11.130753364865981,tendance_nationale_seule,1,bootstrap_empirique,2025,True,10000
FBCF,25.963485246584362,25.836363010892594,23.746439501984142,27.970505935785123,20.88669014792377,29.006537911037505,tendance_nationale_seule,1,bootstrap_empirique,2025,True,10000
CROISSANCE_PIB,3.5386505014465417,3.500852333333865,-1.1385642436137613,8.152764446114155,-5.719164607681004,12.452506313302079,tendance_nationale_seule,2,gaussienne,2026,True,10000
INFLATION_CPI,1.9000360935532976,1.9178788336281318,-0.8168509618508605,4.646490277958403,-3.381335075298168,7.304746149843162,tendance_nationale_seule,2,gaussienne,2026,True,10000
SOBG,-4.005120649575609,-4.022776760484929,-6.785440582133176,-1.3014595729435565,-9.443724000188972,1.4446338309819902,tendance_nationale_seule,2,gaussienne,2026,True,10000
DETTE_PUBLIQUE,60.82093064118618,60.816991527107916,54.065698836960294,67.6216113041729,47.42692605450651,74.14432818526869,tendance_nationale_seule,2,gaussienne,2026,True,10000
BALANCE_COURANTE,-2.046408934926647,-1.9615660041727434,-6.104135764733298,2.2829268920222145,-10.010849476038302,6.317229722437052,tendance_nationale_seule,2,gaussienne,2026,True,10000
TACH,9.483157397382856,9.488474487218872,8.313525243753562,10.658151961512974,7.195024227680265,11.805850816134962,tendance_nationale_seule,2,gaussienne,2026,True,10000
FBCF,27.13935961120707,27.126424944274987,24.078716022488244,30.19494305422808,21.081153148530944,32.97655427827242,tendance_nationale_seule,2,gaussienne,2026,True,10000
CROISSANCE_PIB,4.8383996363846276,4.530035776078809,1.4875677294023117,5.607588384337015,-0.9172236462469381,15.097038885237506,tendance_nationale_seule,2,bootstrap_empirique,2026,True,10000
INFLATION_CPI,2.3805424592693942,1.7482664640586278,-0.0416241535759343,3.170670690757606,-3.2831013642481173,3.809580368537959,tendance_nationale_seule,2,bootstrap_empirique,2026,True,10000
SOBG,-3.218932345670959,-3.427051293322676,-4.593463024521115,-0.7902223865529212,-7.633467943483986,-0.35369739513954146,tendance_nationale_seule,2,bootstrap_empirique,2026,True,10000
DETTE_PUBLIQUE,59.80017115748975,60.30362341827407,57.25887283021024,67.31800416947132,48.28316936067369,68.0422000448088,tendance_nationale_seule,2,bootstrap_empirique,2026,True,10000
BALANCE_COURANTE,-0.4142911014714816,-0.007533503684482872,-3.5735472571840625,4.523938844572076,-4.109726171939393,4.804104950968101,tendance_nationale_seule,2,bootstrap_empirique,2026,True,10000
TACH,9.732006229927332,9.728435779132209,8.962191566262712,10.315596109087998,7.47342973931824,11.322861197727242,tendance_nationale_seule,2,bootstrap_empirique,2026,True,10000
FBCF,26.124795790146965,25.997673554455197,23.907750045546745,28.131816479347727,21.048000691486372,29.167848454600108,tendance_nationale_seule,2,bootstrap_empirique,2026,True,10000
CROISSANCE_PIB,3.6555996080993474,3.609306495555352,-2.0727951633103783,9.306711997847428,-7.682861967096183,14.572798797993537,tendance_nationale_seule,3,gaussienne,2027,True,10000
INFLATION_CPI,1.8559710572483223,1.8778238616465486,-1.471522430008119,5.219676734110445,-4.612361195717919,8.475361980047879,tendance_nationale_seule,3,gaussienne,2027,True,10000
SOBG,1.99813631649763,1.9765120852127174,-1.407046261730058,5.309431354083792,-4.662765244699197,8.672695166903878,tendance_nationale_seule,3,gaussienne,2027,True,10000
DETTE_PUBLIQUE,49.618976119596326,49.61415170983115,41.34554061230932,57.94807488356126,33.21473769466498,65.93673893122268,tendance_nationale_seule,3,gaussienne,2027,True,10000
BALANCE_COURANTE,-1.0854806515488429,-0.9815697072341678,-6.05516077586259,4.216851199038638,-10.839888357778593,9.157842900229783,tendance_nationale_seule,3,gaussienne,2027,True,10000
TACH,9.632175604158862,9.63868768266625,8.199674622586683,11.071244170490225,6.829796239504633,12.476882456590504,tendance_nationale_seule,3,gaussienne,2027,True,10000
FBCF,27.297857602856386,27.28201593586816,23.549350064415453,31.040167753805417,19.87810030786242,34.44693183465899,tendance_nationale_seule,3,gaussienne,2027,True,10000
CROISSANCE_PIB,4.948844848477375,4.640480988171556,1.59801294149506,5.718033596429763,-0.8067784341541899,15.207484097330255,tendance_nationale_seule,3,bootstrap_empirique,2027,True,10000
INFLATION_CPI,2.3386769363249718,1.7064009411142056,-0.08348967652035721,3.1288051678131827,-3.3249668871925406,3.7677148455935363,tendance_nationale_seule,3,bootstrap_empirique,2027,True,10000
SOBG,2.784513840235757,2.57639489258404,1.4099831613856013,5.213223799353795,-1.6300217575772695,5.649748790767175,tendance_nationale_seule,3,bootstrap_empirique,2027,True,10000
DETTE_PUBLIQUE,48.58330544690039,49.08675770768471,46.04200711962088,56.10113845888197,37.06630365008433,56.82533433421943,tendance_nationale_seule,3,bootstrap_empirique,2027,True,10000
BALANCE_COURANTE,0.5674470688663342,0.9742046666533329,-2.5918090868462467,5.5056770149098915,-3.127988001601577,5.785843121305917,tendance_nationale_seule,3,bootstrap_empirique,2027,True,10000
TACH,9.878231228537873,9.87466077774275,9.108416564873252,10.461821107698539,7.61965473792878,11.469086196337782,tendance_nationale_seule,3,bootstrap_empirique,2027,True,10000
FBCF,26.285052344121286,26.157930108429518,24.068006599521066,28.292073033322048,21.208257245460693,29.32810500857443,tendance_nationale_seule,3,bootstrap_empirique,2027,True,10000
CROISSANCE_PIB,3.5396090520785934,3.4861543701007873,-3.074971474517106,10.064951570962354,-9.552918633192137,16.145704834242935,tendance_nationale_seule,4,gaussienne,2028,True,10000
INFLATION_CPI,1.8860052101979603,1.9112386552016885,-1.9562533109905031,5.770077966219998,-5.582981524718029,9.529419472497342,tendance_nationale_seule,4,gaussienne,2028,True,10000
SOBG,-2.482690320656196,-2.507659832162919,-6.414656477015357,1.3408638419770955,-10.17403693946137,5.224426377351901,tendance_nationale_seule,4,gaussienne,2028,True,10000
DETTE_PUBLIQUE,51.81912396295597,51.81355321440275,42.26578352844565,61.43673878992024,32.87714102198615,70.66125346668586,tendance_nationale_seule,4,gaussienne,2028,True,10000
BALANCE_COURANTE,-0.7162409632097053,-0.5962549398660529,-6.454733278327455,5.406364479329116,-11.97966079316392,11.111730256821943,tendance_nationale_seule,4,gaussienne,2028,True,10000
TACH,9.9159010701612,9.923420570719646,8.261791415510999,11.577594318468678,6.679992109052057,13.200685604195158,tendance_nationale_seule,4,gaussienne,2028,True,10000
FBCF,27.69353804260271,27.675245661202585,23.365134369846285,32.0147855886857,19.125940299429796,35.94857790697842,tendance_nationale_seule,4,gaussienne,2028,True,10000
CROISSANCE_PIB,4.827371255709457,4.519007395403638,1.4765393487271412,5.596560003661844,-0.9282520269221086,15.086010504562335,tendance_nationale_seule,4,bootstrap_empirique,2028,True,10000
INFLATION_CPI,2.3705653648121996,1.7382893696014332,-0.051601248033129155,3.160693596300411,-3.2930784587053124,3.799603274080764,tendance_nationale_seule,4,bootstrap_empirique,2028,True,10000
SOBG,-1.6961532772194174,-1.9042722248711343,-3.070683956069573,0.7325566818986204,-6.110688875032444,1.1690816733120002,tendance_nationale_seule,4,bootstrap_empirique,2028,True,10000
DETTE_PUBLIQUE,50.77088257644031,51.27433483722463,48.229584249160794,58.28871558842189,39.25388077962425,59.012911463759345,tendance_nationale_seule,4,bootstrap_empirique,2028,True,10000
BALANCE_COURANTE,0.9542303034380213,1.36098790122502,-2.2050258522745594,5.892460249481578,-2.7412047670298896,6.172626355877604,tendance_nationale_seule,4,bootstrap_empirique,2028,True,10000
TACH,10.159601911129702,10.156031460334578,9.389787247465081,10.743191790290368,7.901025420520609,11.750456878929612,tendance_nationale_seule,4,bootstrap_empirique,2028,True,10000
FBCF,26.682215320486424,26.555093084794656,24.465169575886204,28.689236009687185,21.60542022182583,29.725267984939567,tendance_nationale_seule,4,bootstrap_empirique,2028,True,10000
CROISSANCE_PIB,3.791856371375684,3.7320922200666806,-3.603469478681486,11.087411095722581,-10.846034579405975,17.885899921272113,tendance_nationale_seule,5,gaussienne,2029,True,10000
INFLATION_CPI,1.9046916445252613,1.9329034936926797,-2.391083975727352,6.247217000535378,-6.445889386632928,10.450288579871676,tendance_nationale_seule,5,gaussienne,2029,True,10000
SOBG,-4.821648415052632,-4.8495651775996285,-9.217720220476455,-0.5467849034024701,-13.420835354133397,3.79517000858228,tendance_nationale_seule,5,gaussienne,2029,True,10000
DETTE_PUBLIQUE,49.994987273100435,49.98875898687517,39.31402796121921,60.74780754035143,28.81720653077548,71.06112847869764,tendance_nationale_seule,5,gaussienne,2029,True,10000
BALANCE_COURANTE,-1.9380310455288454,-1.803882593255703,-8.353860498010564,4.907249938934656,-14.530917244977223,11.2860427964221,tendance_nationale_seule,5,gaussienne,2029,True,10000
TACH,9.497247088933552,9.50565414613632,7.6478962739152765,11.355076619417535,5.879390885913167,13.169747843703506,tendance_nationale_seule,5,gaussienne,2029,True,10000
FBCF,27.140654851344145,27.120203347203624,22.30135242817258,31.971956481667,17.56178937253993,36.37006999820151,tendance_nationale_seule,5,gaussienne,2029,True,10000
CROISSANCE_PIB,5.074787922658929,4.766424062353111,1.7239560156766145,5.843976670611317,-0.6808353599726353,15.33342717151181,tendance_nationale_seule,5,bootstrap_empirique,2029,True,10000
INFLATION_CPI,2.390885448682962,1.7586094534721952,-0.031281164162366704,3.1810136801711737,-3.2727583748345497,3.8199233579515264,tendance_nationale_seule,5,bootstrap_empirique,2029,True,10000
SOBG,-4.034970831940067,-4.243089779591783,-5.409501510790222,-1.6062608728220287,-8.449506429753093,-1.169735881408649,tendance_nationale_seule,5,bootstrap_empirique,2029,True,10000
DETTE_PUBLIQUE,48.93567086538308,49.439123126167395,46.39437253810357,56.45350387736466,37.41866906856702,57.17769975270212,tendance_nationale_seule,5,bootstrap_empirique,2029,True,10000
BALANCE_COURANTE,-0.25210360437386914,0.15465399341312966,-3.41135976008645,4.686126341669688,-3.94753867484178,4.966292448065714,tendance_nationale_seule,5,bootstrap_empirique,2029,True,10000
TACH,9.738873324070534,9.73530287327541,8.969058660405913,10.3224632032312,7.480296833461441,11.329728291870444,tendance_nationale_seule,5,bootstrap_empirique,2029,True,10000
FBCF,26.130638270209275,26.003516034517506,23.913592525609054,28.137658959410036,21.05384317154868,29.173690934662417,tendance_nationale_seule,5,bootstrap_empirique,2029,True,10000
CROISSANCE_PIB,3.508477280708203,3.4430089331040197,-4.592696295646555,11.50035706478457,-12.526528855379523,18.947728438185127,tendance_nationale_seule,6,gaussienne,2030,False,10000
INFLATION_CPI,1.952558087974546,1.983462620330404,-2.753228330411659,6.7095562760243315,-7.19504511010563,11.313790505647036,tendance_nationale_seule,6,gaussienne,2030,False,10000
SOBG,-4.0507351985800994,-4.081316479739116,-8.866390583066279,0.6321431525929783,-13.470672524056775,5.388516450521791,tendance_nationale_seule,6,gaussienne,2030,False,10000
DETTE_PUBLIQUE,59.59852915236376,59.591706406643404,47.89812445053935,71.37765358670796,36.39943269142399,82.67533062815308,tendance_nationale_seule,6,gaussienne,2030,False,10000
BALANCE_COURANTE,-1.1128164645620835,-0.9658641978332747,-8.141005497022592,6.385813150741564,-14.907632135628832,13.37343062613899,tendance_nationale_seule,6,gaussienne,2030,False,10000
TACH,9.457052851317284,9.46626232106167,7.431190535065138,11.492203135007902,5.4938899469087765,13.48007586300179,tendance_nationale_seule,6,gaussienne,2030,False,10000
FBCF,24.549168524237736,24.526765023932384,19.247978324716787,29.841594294316362,14.05604712814056,34.659486261265,tendance_nationale_seule,6,gaussienne,2030,False,10000
CROISSANCE_PIB,4.787041588443987,4.478677728138169,1.4362096814616723,5.556230336396375,-0.9685816941875776,15.045680837296867,tendance_nationale_seule,6,bootstrap_empirique,2030,False,10000
INFLATION_CPI,2.4402288242138996,1.8079528290031333,0.01806221136857089,3.230357055702111,-3.2234149993036123,3.869266733482464,tendance_nationale_seule,6,bootstrap_empirique,2030,False,10000
SOBG,-3.2639305578885462,-3.4720495055402627,-4.638461236738702,-0.8352205987705084,-7.678466155701573,-0.3986956073571286,tendance_nationale_seule,6,bootstrap_empirique,2030,False,10000
DETTE_PUBLIQUE,58.52920016013388,59.032652420918204,55.98790183285437,66.04703317211546,47.01219836331782,66.77122904745292,tendance_nationale_seule,6,bootstrap_empirique,2030,False,10000
BALANCE_COURANTE,0.5870844264559424,0.9938420242429411,-2.5721717292566386,5.5253143724994995,-3.1083506440119684,5.805480478895525,tendance_nationale_seule,6,bootstrap_empirique,2030,False,10000
TACH,9.696803499415653,9.693233048620531,8.926988835751033,10.280393378576319,7.43822700880656,11.287658467215563,tendance_nationale_seule,6,bootstrap_empirique,2030,False,10000
FBCF,23.54033278481175,23.41321054911998,21.32328704021153,25.54735347401251,18.463537686151156,26.58338544926489,tendance_nationale_seule,6,bootstrap_empirique,2030,False,10000
CROISSANCE_PIB,3.271800788461378,3.2010868909987162,-5.4784667617300675,11.904017550702488,-14.047985355765856,19.948098009994936,tendance_nationale_seule,7,gaussienne,2031,False,10000
INFLATION_CPI,18.086907282435156,18.1202879925358,13.004077022493412,23.22505257569294,8.206366559321133,28.198193935179344,tendance_nationale_seule,7,gaussienne,2031,False,10000
SOBG,-3.961677177467209,-3.9947087363699794,-9.163179484091618,1.0964095418895494,-14.136372377745204,6.233879876674162,tendance_nationale_seule,7,gaussienne,2031,False,10000
DETTE_PUBLIQUE,57.61101554342133,57.60364613577719,44.9731340535953,70.33392406229882,32.5531274433043,82.5368099622924,tendance_nationale_seule,7,gaussienne,2031,False,10000
BALANCE_COURANTE,-1.069714009135696,-0.9109874198502459,-8.661025792264127,7.029731679228463,-15.96981790022183,14.577221172180792,tendance_nationale_seule,7,gaussienne,2031,False,10000
TACH,11.481077298830506,11.491024663061037,9.292895905112823,13.679290843978851,7.200372110660417,15.826438792573027,tendance_nationale_seule,7,gaussienne,2031,False,10000
FBCF,29.4778008143836,29.453602268347655,23.751860968377542,35.19427399462545,18.143934333546714,40.39819208641484,tendance_nationale_seule,7,gaussienne,2031,False,10000
CROISSANCE_PIB,4.546349001275658,4.2379851409698395,1.195517094293343,5.315537749228046,-1.2092742813559068,14.804988250128538,tendance_nationale_seule,7,bootstrap_empirique,2031,False,10000
INFLATION_CPI,18.575936197893974,17.94366020268321,16.153769585048646,19.366064429382185,12.912292374376463,20.00497410716254,tendance_nationale_seule,7,bootstrap_empirique,2031,False,10000
SOBG,-3.1747556952731775,-3.3828746429248944,-4.549286374123334,-0.7460457361551396,-7.5892912930862035,-0.30952074474175983,tendance_nationale_seule,7,bootstrap_empirique,2031,False,10000
DETTE_PUBLIQUE,56.53247902947328,57.03593129025761,53.991180702193766,64.05031204145486,45.01547723265722,64.77450791679232,tendance_nationale_seule,7,bootstrap_empirique,2031,False,10000
BALANCE_COURANTE,0.6430367952020108,1.0497943929890097,-2.5162193605105703,5.581266741245568,-3.0523982752659,5.861432847641594,tendance_nationale_seule,7,bootstrap_empirique,2031,False,10000
TACH,11.71910316664155,11.715532715846427,10.94928850297693,12.302693045802217,9.460526676032458,13.30995813444146,tendance_nationale_seule,7,bootstrap_empirique,2031,False,10000
FBCF,28.470050970978434,28.342928735286666,26.253005226378214,30.477071660179195,23.39325587231784,31.513103635431577,tendance_nationale_seule,7,bootstrap_empirique,2031,False,10000
CROISSANCE_PIB,3.262397295370718,3.1868009591453643,-6.092032194749887,12.490625184705946,-15.253232922884372,21.090108919081793,tendance_nationale_seule,8,gaussienne,2032,False,10000
INFLATION_CPI,1.868298778419018,1.9039842585686864,-3.565475332389298,7.361207147229229,-8.694443559283913,12.677718890998745,tendance_nationale_seule,8,gaussienne,2032,False,10000
SOBG,-3.291457178740023,-3.3267694005586623,-8.852097043855158,2.1158649745240803,-14.168663879966749,7.608051782375173,tendance_nationale_seule,8,gaussienne,2032,False,10000
DETTE_PUBLIQUE,52.61276121372639,52.604882985569866,39.102297605274615,66.21412253969983,25.82475204036705,79.25955630189142,tendance_nationale_seule,8,gaussienne,2032,False,10000
BALANCE_COURANTE,-3.3125816822721585,-3.1428958207643505,-11.42803534188546,5.346089971625566,-19.24146276449547,13.41469563245524,tendance_nationale_seule,8,gaussienne,2032,False,10000
TACH,9.439268466869283,9.449902646541315,7.100004159610695,11.789257595129525,4.863002127464103,14.084655304373497,tendance_nationale_seule,8,gaussienne,2032,False,10000
FBCF,31.61021587776402,31.58434654389986,25.488928700326365,37.72138276380604,19.493802952411762,43.28460521189471,tendance_nationale_seule,8,gaussienne,2032,False,10000
CROISSANCE_PIB,4.533207418175673,4.224843557869854,1.1823755111933578,5.3023961661280605,-1.222415864455892,14.791846667028553,tendance_nationale_seule,8,bootstrap_empirique,2032,False,10000
INFLATION_CPI,2.3585918562720076,1.7263158610612412,-0.0635747565733209,3.1487200877602195,-3.305051967245504,3.787629765540572,tendance_nationale_seule,8,bootstrap_empirique,2032,False,10000
SOBG,-2.5044269431271715,-2.712545890778888,-3.878957621977327,-0.07571698400913363,-6.918962540940198,0.3608080074042461,tendance_nationale_seule,8,bootstrap_empirique,2032,False,10000
DETTE_PUBLIQUE,51.52565454752394,52.029106808308256,48.98435622024443,59.04348755950552,40.00865275070788,59.76768343484298,tendance_nationale_seule,8,bootstrap_empirique,2032,False,10000
BALANCE_COURANTE,-1.5878704702399418,-1.1811128724529427,-4.747126625952522,3.3503594758036157,-5.283305540707852,3.6305255821996414,tendance_nationale_seule,8,bootstrap_empirique,2032,False,10000
TACH,9.675688948332061,9.672118497536937,8.90587428466744,10.259278827492727,7.417112457722968,11.26654391613197,tendance_nationale_seule,8,bootstrap_empirique,2032,False,10000
FBCF,30.603476761731073,30.476354526039305,28.386431017130853,32.61049745093183,25.52668166307048,33.646529426184216,tendance_nationale_seule,8,bootstrap_empirique,2032,False,10000
CROISSANCE_PIB,3.110906930531053,3.030724907564349,-6.810963859362504,12.898920708856702,-16.527884597375046,22.02005060377758,tendance_nationale_seule,9,gaussienne,2033,False,10000
INFLATION_CPI,3.3092589587064962,3.3471091262120876,-2.4541288230762026,9.135368092739553,-7.894221143667497,14.774380352155559,tendance_nationale_seule,9,gaussienne,2033,False,10000
SOBG,-3.9255018698447888,-3.9629561371048645,-9.823451104383512,1.8098293741051565,-15.462521798052535,7.6351731771673705,tendance_nationale_seule,9,gaussienne,2033,False,10000
DETTE_PUBLIQUE,54.77654107986807,54.76818495703825,40.44653042810259,69.20296332031448,26.36356666841332,83.03973533546288,tendance_nationale_seule,9,gaussienne,2033,False,10000
BALANCE_COURANTE,-3.4741787085181857,-3.2941996735027,-12.081917181194804,5.709729455290082,-20.369308453449502,14.267778121529291,tendance_nationale_seule,9,gaussienne,2033,False,10000
TACH,9.431052013986513,9.442331264824185,6.9498875320112115,11.923591886447731,4.577188572322793,14.358228815037451,tendance_nationale_seule,9,gaussienne,2033,False,10000
FBCF,28.188432212574906,28.160993640474715,21.695826703440257,34.67030353169938,15.337035597815534,40.57099200913845,tendance_nationale_seule,9,gaussienne,2033,False,10000
CROISSANCE_PIB,4.378206162441745,4.069842302135927,1.0273742554594296,5.147394910394133,-1.3774171201898202,14.636845411294624,tendance_nationale_seule,9,bootstrap_empirique,2033,False,10000
INFLATION_CPI,3.8007393638382525,3.1684633686274863,1.3785727509929238,4.590867595326464,-1.8629044596792594,5.2297772731068175,tendance_nationale_seule,9,bootstrap_empirique,2033,False,10000
SOBG,-3.138369490787835,-3.3464884384395517,-4.512900169637991,-0.7096595316697969,-7.552905088600861,-0.27313454025641715,tendance_nationale_seule,9,bootstrap_empirique,2033,False,10000
DETTE_PUBLIQUE,53.68138515068978,54.184837411474085,51.140086823410265,61.19921816267136,42.16438335387372,61.923414038008815,tendance_nationale_seule,9,bootstrap_empirique,2033,False,10000
BALANCE_COURANTE,-1.7382340359856467,-1.331476438198648,-4.897490191698227,3.1999959100579107,-5.433669106453557,3.4801620164539364,tendance_nationale_seule,9,bootstrap_empirique,2033,False,10000
TACH,9.665964683626177,9.662394232831055,8.896150019961556,10.249554562786843,7.407388193017084,11.256819651426087,tendance_nationale_seule,9,bootstrap_empirique,2033,False,10000
FBCF,27.18264239244411,27.05552015675234,24.96559664784389,29.18966308164487,22.105847293783516,30.22569505689725,tendance_nationale_seule,9,bootstrap_empirique,2033,False,10000
CROISSANCE_PIB,3.0678108546357628,2.9832915813108523,-7.390759260683423,13.385283290842256,-17.63329305249806,22.999798391576338,tendance_nationale_seule,10,gaussienne,2034,False,10000
INFLATION_CPI,-3.264683478162044,-3.224785898449857,-9.339827621234985,2.8765747752565147,-15.074188426121458,8.820615606378812,tendance_nationale_seule,10,gaussienne,2034,False,10000
SOBG,-4.320468724942984,-4.359948989154499,-10.537453093339337,1.7251012305265498,-16.481555519572584,7.865552754267861,tendance_nationale_seule,10,gaussienne,2034,False,10000
DETTE_PUBLIQUE,51.09354248207917,51.084734355229045,35.98838496406154,66.30032673778582,21.143637735319448,80.88556508190145,tendance_nationale_seule,10,gaussienne,2034,False,10000
BALANCE_COURANTE,-3.6504718327782775,-3.46075727220224,-12.723824858350675,6.030217373704656,-21.459502285459152,15.051192744332035,tendance_nationale_seule,10,gaussienne,2034,False,10000
TACH,9.454719750831398,9.4666091251472,6.839342746646817,12.082087469419083,4.33829844180434,14.648420126052496,tendance_nationale_seule,10,gaussienne,2034,False,10000
FBCF,28.04391682310203,28.01499402857558,21.200109703827824,34.87640911261986,14.497355350829658,41.09628089655939,tendance_nationale_seule,10,gaussienne,2034,False,10000
CROISSANCE_PIB,4.331789403375608,4.02342554306979,0.9809574963932928,5.100978151327996,-1.423833879255957,14.590428652228487,tendance_nationale_seule,10,bootstrap_empirique,2034,False,10000
INFLATION_CPI,-2.7720800709685265,-3.404356066179293,-5.194246683813855,-1.981951839480315,-8.435723894486038,-1.343042161699962,tendance_nationale_seule,10,bootstrap_empirique,2034,False,10000
SOBG,-3.5332397362145844,-3.741358683866301,-4.90777041506474,-1.1045297770965465,-7.947775334027611,-0.6680047856831668,tendance_nationale_seule,10,bootstrap_empirique,2034,False,10000
DETTE_PUBLIQUE,49.99077337068972,50.49422563147404,47.44947504341021,57.5086063826713,38.47377157387366,58.23280225800876,tendance_nationale_seule,10,bootstrap_empirique,2034,False,10000
BALANCE_COURANTE,-1.9039022891355026,-1.4971446913485038,-5.063158444848083,3.034327656908055,-5.599337359603414,3.3144937633040805,tendance_nationale_seule,10,bootstrap_empirique,2034,False,10000
TACH,9.68820629659066,9.684635845795535,8.91839163292604,10.271796175751327,7.429629805981568,11.27906126439057,tendance_nationale_seule,10,bootstrap_empirique,2034,False,10000
FBCF,27.039024869359377,26.91190263366761,24.821979124759157,29.046045558560138,21.962229770698784,30.08207753381252,tendance_nationale_seule,10,bootstrap_empirique,2034,False,10000
