origin,target_year,y_true,y_pred,block,n_train,n_features_non_nulles,cible,horizon,modele,n_pays_entrainement,effets_fixes_pays,p_retenu
2006,2007,3.44106776690418,5.271018442496528,interne,6.0,11.0,CROISSANCE_PIB,1,elasticnet,,,
2007,2008,5.68453936284732,7.484146964770938,interne,7.0,12.0,CROISSANCE_PIB,1,elasticnet,,,
2008,2009,3.74576940136258,4.864963887294922,interne,8.0,12.0,CROISSANCE_PIB,1,elasticnet,,,
2009,2010,3.49955709403216,3.6697278678919902,interne,9.0,11.0,CROISSANCE_PIB,1,elasticnet,,,
2010,2011,5.52464523319847,4.755557541047197,interne,10.0,13.0,CROISSANCE_PIB,1,elasticnet,,,
2011,2012,3.06234368502997,4.755390641736866,interne,11.0,12.0,CROISSANCE_PIB,1,elasticnet,,,
2012,2013,4.12221286860944,5.842130894093925,interne,12.0,12.0,CROISSANCE_PIB,1,elasticnet,,,
2013,2014,2.7192440802029,4.817120975226504,interne,13.0,12.0,CROISSANCE_PIB,1,elasticnet,,,
2014,2015,4.34458297635238,4.004218276281102,interne,14.0,16.0,CROISSANCE_PIB,1,elasticnet,,,
2015,2016,0.52118550608968,3.910441193953489,interne,15.0,17.0,CROISSANCE_PIB,1,elasticnet,,,
2016,2017,5.05789816173446,4.618357888533813,interne,16.0,16.0,CROISSANCE_PIB,1,elasticnet,,,
2017,2018,3.06564133025955,2.9030291616134947,interne,17.0,16.0,CROISSANCE_PIB,1,elasticnet,,,
2018,2019,2.89097476137077,4.219662908441986,interne,18.0,16.0,CROISSANCE_PIB,1,elasticnet,,,
2019,2020,-7.17820744246774,4.409119953456356,interne,19.0,17.0,CROISSANCE_PIB,1,elasticnet,,,
2020,2021,8.15473889823681,6.13259513832571,finale,20.0,14.0,CROISSANCE_PIB,1,elasticnet,,,
2021,2022,1.81269242194809,-2.614242713612259,finale,21.0,16.0,CROISSANCE_PIB,1,elasticnet,,,
2022,2023,3.65564411017931,4.990909344673184,finale,22.0,17.0,CROISSANCE_PIB,1,elasticnet,,,
2023,2024,3.79336515978963,1.3897419354805947,finale,23.0,17.0,CROISSANCE_PIB,1,elasticnet,,,
2002,2003,6.17110214953244,7.471126554578078,interne,18.0,,CROISSANCE_PIB,1,panel_avec_effets_fixes,9.0,True,
2003,2004,4.57138016516208,5.716445347433105,interne,27.0,,CROISSANCE_PIB,1,panel_avec_effets_fixes,9.0,True,
2004,2005,3.19224973015831,4.365734180678488,interne,36.0,,CROISSANCE_PIB,1,panel_avec_effets_fixes,9.0,True,
2005,2006,7.7908200104027,3.5794391775396144,interne,45.0,,CROISSANCE_PIB,1,panel_avec_effets_fixes,9.0,True,
2006,2007,3.44106776690418,4.488062459269804,interne,54.0,,CROISSANCE_PIB,1,panel_avec_effets_fixes,9.0,True,
2007,2008,5.68453936284732,5.214471122928012,interne,63.0,,CROISSANCE_PIB,1,panel_avec_effets_fixes,9.0,True,
2008,2009,3.74576940136258,4.401594611247182,interne,72.0,,CROISSANCE_PIB,1,panel_avec_effets_fixes,9.0,True,
2009,2010,3.49955709403216,3.389966619858284,interne,81.0,,CROISSANCE_PIB,1,panel_avec_effets_fixes,9.0,True,
2010,2011,5.52464523319847,4.2973656157920574,interne,90.0,,CROISSANCE_PIB,1,panel_avec_effets_fixes,9.0,True,
2011,2012,3.06234368502997,4.203750997161477,interne,99.0,,CROISSANCE_PIB,1,panel_avec_effets_fixes,9.0,True,
2012,2013,4.12221286860944,4.100781383767857,interne,108.0,,CROISSANCE_PIB,1,panel_avec_effets_fixes,9.0,True,
2013,2014,2.7192440802029,4.076599905435531,interne,117.0,,CROISSANCE_PIB,1,panel_avec_effets_fixes,9.0,True,
2014,2015,4.34458297635238,3.6020564010273413,interne,126.0,,CROISSANCE_PIB,1,panel_avec_effets_fixes,9.0,True,
2015,2016,0.52118550608968,3.9115782845192033,interne,135.0,,CROISSANCE_PIB,1,panel_avec_effets_fixes,9.0,True,
2016,2017,5.05789816173446,3.1957691652268414,interne,144.0,,CROISSANCE_PIB,1,panel_avec_effets_fixes,9.0,True,
2017,2018,3.06564133025955,3.828686374529522,interne,153.0,,CROISSANCE_PIB,1,panel_avec_effets_fixes,9.0,True,
2018,2019,2.89097476137077,3.863699835452008,interne,162.0,,CROISSANCE_PIB,1,panel_avec_effets_fixes,9.0,True,
2019,2020,-7.17820744246774,3.7182509951613456,interne,171.0,,CROISSANCE_PIB,1,panel_avec_effets_fixes,9.0,True,
2020,2021,8.15473889823681,0.5935758548877601,finale,180.0,,CROISSANCE_PIB,1,panel_avec_effets_fixes,9.0,True,
2021,2022,1.81269242194809,3.1180097358019054,finale,189.0,,CROISSANCE_PIB,1,panel_avec_effets_fixes,9.0,True,
2022,2023,3.65564411017931,4.812384760453352,finale,198.0,,CROISSANCE_PIB,1,panel_avec_effets_fixes,9.0,True,
2023,2024,3.79336515978963,4.470898352702508,finale,207.0,,CROISSANCE_PIB,1,panel_avec_effets_fixes,9.0,True,
2002,2003,6.17110214953244,2.767163614638241,interne,16.0,,CROISSANCE_PIB,1,panel_leave_one_country_out,8.0,False,
2003,2004,4.57138016516208,3.4111300970869927,interne,24.0,,CROISSANCE_PIB,1,panel_leave_one_country_out,8.0,False,
2004,2005,3.19224973015831,4.478784599988977,interne,32.0,,CROISSANCE_PIB,1,panel_leave_one_country_out,8.0,False,
2005,2006,7.7908200104027,3.482392320184908,interne,40.0,,CROISSANCE_PIB,1,panel_leave_one_country_out,8.0,False,
2006,2007,3.44106776690418,4.681497917556664,interne,48.0,,CROISSANCE_PIB,1,panel_leave_one_country_out,8.0,False,
2007,2008,5.68453936284732,4.833399600543817,interne,56.0,,CROISSANCE_PIB,1,panel_leave_one_country_out,8.0,False,
2008,2009,3.74576940136258,4.1909192268334685,interne,64.0,,CROISSANCE_PIB,1,panel_leave_one_country_out,8.0,False,
2009,2010,3.49955709403216,3.1938127075877323,interne,72.0,,CROISSANCE_PIB,1,panel_leave_one_country_out,8.0,False,
2010,2011,5.52464523319847,3.9338009493733437,interne,80.0,,CROISSANCE_PIB,1,panel_leave_one_country_out,8.0,False,
2011,2012,3.06234368502997,4.112067355606518,interne,88.0,,CROISSANCE_PIB,1,panel_leave_one_country_out,8.0,False,
2012,2013,4.12221286860944,3.442067245988656,interne,96.0,,CROISSANCE_PIB,1,panel_leave_one_country_out,8.0,False,
2013,2014,2.7192440802029,3.60345593032527,interne,104.0,,CROISSANCE_PIB,1,panel_leave_one_country_out,8.0,False,
2014,2015,4.34458297635238,3.3451470347621766,interne,112.0,,CROISSANCE_PIB,1,panel_leave_one_country_out,8.0,False,
2015,2016,0.52118550608968,3.827642501984883,interne,120.0,,CROISSANCE_PIB,1,panel_leave_one_country_out,8.0,False,
2016,2017,5.05789816173446,2.7350769556701806,interne,128.0,,CROISSANCE_PIB,1,panel_leave_one_country_out,8.0,False,
2017,2018,3.06564133025955,3.839785155600128,interne,136.0,,CROISSANCE_PIB,1,panel_leave_one_country_out,8.0,False,
2018,2019,2.89097476137077,3.8397683398385065,interne,144.0,,CROISSANCE_PIB,1,panel_leave_one_country_out,8.0,False,
2019,2020,-7.17820744246774,3.5152182133855594,interne,152.0,,CROISSANCE_PIB,1,panel_leave_one_country_out,8.0,False,
2020,2021,8.15473889823681,-0.06510873071904344,finale,160.0,,CROISSANCE_PIB,1,panel_leave_one_country_out,8.0,False,
2021,2022,1.81269242194809,3.4811849155081163,finale,168.0,,CROISSANCE_PIB,1,panel_leave_one_country_out,8.0,False,
2022,2023,3.65564411017931,4.709273085617959,finale,176.0,,CROISSANCE_PIB,1,panel_leave_one_country_out,8.0,False,
2023,2024,3.79336515978963,4.8094261669441245,finale,184.0,,CROISSANCE_PIB,1,panel_leave_one_country_out,8.0,False,
2006,2007,3.44106776690418,7.7908200104027,interne,,,CROISSANCE_PIB,1,baseline_random_walk,,,
2007,2008,5.68453936284732,3.44106776690418,interne,,,CROISSANCE_PIB,1,baseline_random_walk,,,
2008,2009,3.74576940136258,5.68453936284732,interne,,,CROISSANCE_PIB,1,baseline_random_walk,,,
2009,2010,3.49955709403216,3.74576940136258,interne,,,CROISSANCE_PIB,1,baseline_random_walk,,,
2010,2011,5.52464523319847,3.49955709403216,interne,,,CROISSANCE_PIB,1,baseline_random_walk,,,
2011,2012,3.06234368502997,5.52464523319847,interne,,,CROISSANCE_PIB,1,baseline_random_walk,,,
2012,2013,4.12221286860944,3.06234368502997,interne,,,CROISSANCE_PIB,1,baseline_random_walk,,,
2013,2014,2.7192440802029,4.12221286860944,interne,,,CROISSANCE_PIB,1,baseline_random_walk,,,
2014,2015,4.34458297635238,2.7192440802029,interne,,,CROISSANCE_PIB,1,baseline_random_walk,,,
2015,2016,0.52118550608968,4.34458297635238,interne,,,CROISSANCE_PIB,1,baseline_random_walk,,,
2016,2017,5.05789816173446,0.52118550608968,interne,,,CROISSANCE_PIB,1,baseline_random_walk,,,
2017,2018,3.06564133025955,5.05789816173446,interne,,,CROISSANCE_PIB,1,baseline_random_walk,,,
2018,2019,2.89097476137077,3.06564133025955,interne,,,CROISSANCE_PIB,1,baseline_random_walk,,,
2019,2020,-7.17820744246774,2.89097476137077,interne,,,CROISSANCE_PIB,1,baseline_random_walk,,,
2020,2021,8.15473889823681,-7.17820744246774,finale,,,CROISSANCE_PIB,1,baseline_random_walk,,,
2021,2022,1.81269242194809,8.15473889823681,finale,,,CROISSANCE_PIB,1,baseline_random_walk,,,
2022,2023,3.65564411017931,1.81269242194809,finale,,,CROISSANCE_PIB,1,baseline_random_walk,,,
2023,2024,3.79336515978963,3.65564411017931,finale,,,CROISSANCE_PIB,1,baseline_random_walk,,,
2006,2007,3.44106776690418,7.82913546752349,interne,,,CROISSANCE_PIB,1,baseline_random_walk_drift,,,
2007,2008,5.68453936284732,3.205128992736263,interne,,,CROISSANCE_PIB,1,baseline_random_walk_drift,,,
2008,2009,3.74576940136258,5.594448257509465,interne,,,CROISSANCE_PIB,1,baseline_random_walk_drift,,,
2009,2010,3.49955709403216,3.5529739151276765,interne,,,CROISSANCE_PIB,1,baseline_random_walk_drift,,,
2010,2011,5.52464523319847,3.30395019616065,interne,,,CROISSANCE_PIB,1,baseline_random_walk_drift,,,
2011,2012,3.06234368502997,5.440073087178851,interne,,,CROISSANCE_PIB,1,baseline_random_walk_drift,,,
2012,2013,4.12221286860944,2.8645463293842135,interne,,,CROISSANCE_PIB,1,baseline_random_walk_drift,,,
2013,2014,2.7192440802029,3.981582173837557,interne,,,CROISSANCE_PIB,1,baseline_random_walk_drift,,,
2014,2015,4.34458297635238,2.5237291204903807,interne,,,CROISSANCE_PIB,1,baseline_random_walk_drift,,,
2015,2016,0.52118550608968,4.224936927300777,interne,,,CROISSANCE_PIB,1,baseline_random_walk_drift,,,
2016,2017,5.05789816173446,0.2533894001896331,interne,,,CROISSANCE_PIB,1,baseline_random_walk_drift,,,
2017,2018,3.06564133025955,4.974890854355368,interne,,,CROISSANCE_PIB,1,baseline_random_walk_drift,,,
2018,2019,2.89097476137077,2.911921077543576,interne,,,CROISSANCE_PIB,1,baseline_random_walk_drift,,,
2019,2020,-7.17820744246774,2.7365064259343383,interne,,,CROISSANCE_PIB,1,baseline_random_walk_drift,,,
2020,2021,8.15473889823681,-7.674562463021485,finale,,,CROISSANCE_PIB,1,baseline_random_walk_drift,,,
2021,2022,1.81269242194809,8.186027256391675,finale,,,CROISSANCE_PIB,1,baseline_random_walk_drift,,,
2022,2023,3.65564411017931,1.6383893338305817,finale,,,CROISSANCE_PIB,1,baseline_random_walk_drift,,,
2023,2024,3.79336515978963,3.5443802338226993,finale,,,CROISSANCE_PIB,1,baseline_random_walk_drift,,,
2006,2007,3.44106776690418,1.3789795368233164,interne,,,CROISSANCE_PIB,1,baseline_ar_p,,,3.0
2007,2008,5.68453936284732,5.7328628563425,interne,,,CROISSANCE_PIB,1,baseline_ar_p,,,3.0
2008,2009,3.74576940136258,4.8962204657934985,interne,,,CROISSANCE_PIB,1,baseline_ar_p,,,3.0
2009,2010,3.49955709403216,5.128454656065056,interne,,,CROISSANCE_PIB,1,baseline_ar_p,,,3.0
2010,2011,5.52464523319847,5.8456732607432205,interne,,,CROISSANCE_PIB,1,baseline_ar_p,,,3.0
2011,2012,3.06234368502997,3.2290888416958223,interne,,,CROISSANCE_PIB,1,baseline_ar_p,,,3.0
2012,2013,4.12221286860944,5.608128346572323,interne,,,CROISSANCE_PIB,1,baseline_ar_p,,,3.0
2013,2014,2.7192440802029,5.035892913326619,interne,,,CROISSANCE_PIB,1,baseline_ar_p,,,3.0
2014,2015,4.34458297635238,5.402007548055386,interne,,,CROISSANCE_PIB,1,baseline_ar_p,,,3.0
2015,2016,0.52118550608968,4.102044455468151,interne,,,CROISSANCE_PIB,1,baseline_ar_p,,,3.0
2016,2017,5.05789816173446,6.978746233953202,interne,,,CROISSANCE_PIB,1,baseline_ar_p,,,3.0
2017,2018,3.06564133025955,2.8809131079522494,interne,,,CROISSANCE_PIB,1,baseline_ar_p,,,3.0
2018,2019,2.89097476137077,3.9016957887887425,interne,,,CROISSANCE_PIB,1,baseline_ar_p,,,3.0
2019,2020,-7.17820744246774,5.444772622174013,interne,,,CROISSANCE_PIB,1,baseline_ar_p,,,3.0
2020,2021,8.15473889823681,11.372756364810737,finale,,,CROISSANCE_PIB,1,baseline_ar_p,,,3.0
2021,2022,1.81269242194809,-3.227113605242949,finale,,,CROISSANCE_PIB,1,baseline_ar_p,,,3.0
2022,2023,3.65564411017931,2.814035050620591,finale,,,CROISSANCE_PIB,1,baseline_ar_p,,,3.0
2023,2024,3.79336515978963,4.739908171992333,finale,,,CROISSANCE_PIB,1,baseline_ar_p,,,3.0
2007,2009,3.74576940136258,4.734378726650548,interne,6.0,12.0,CROISSANCE_PIB,2,elasticnet,,,
2008,2010,3.49955709403216,4.499978795906461,interne,7.0,10.0,CROISSANCE_PIB,2,elasticnet,,,
2009,2011,5.52464523319847,4.499073731374811,interne,8.0,9.0,CROISSANCE_PIB,2,elasticnet,,,
2010,2012,3.06234368502997,4.054865437460991,interne,9.0,10.0,CROISSANCE_PIB,2,elasticnet,,,
2011,2013,4.12221286860944,4.756955622252293,interne,10.0,9.0,CROISSANCE_PIB,2,elasticnet,,,
2012,2014,2.7192440802029,4.400808918946824,interne,11.0,9.0,CROISSANCE_PIB,2,elasticnet,,,
2013,2015,4.34458297635238,4.250846235153057,interne,12.0,9.0,CROISSANCE_PIB,2,elasticnet,,,
2014,2016,0.52118550608968,4.32161291799152,interne,13.0,11.0,CROISSANCE_PIB,2,elasticnet,,,
2015,2017,5.05789816173446,4.2482912227485246,interne,14.0,11.0,CROISSANCE_PIB,2,elasticnet,,,
2016,2018,3.06564133025955,3.646333836568958,interne,15.0,13.0,CROISSANCE_PIB,2,elasticnet,,,
2017,2019,2.89097476137077,4.12723136519406,interne,16.0,14.0,CROISSANCE_PIB,2,elasticnet,,,
2018,2020,-7.17820744246774,4.025278656532567,interne,17.0,14.0,CROISSANCE_PIB,2,elasticnet,,,
2019,2021,8.15473889823681,3.6196365176079737,finale,18.0,12.0,CROISSANCE_PIB,2,elasticnet,,,
2020,2022,1.81269242194809,1.7070118180252065,finale,19.0,15.0,CROISSANCE_PIB,2,elasticnet,,,
2021,2023,3.65564411017931,3.5375472074050007,finale,20.0,16.0,CROISSANCE_PIB,2,elasticnet,,,
2022,2024,3.79336515978963,2.082040187904058,finale,21.0,16.0,CROISSANCE_PIB,2,elasticnet,,,
2003,2005,3.19224973015831,3.848756545680563,interne,18.0,,CROISSANCE_PIB,2,panel_avec_effets_fixes,9.0,True,
2004,2006,7.7908200104027,3.1286578850586877,interne,27.0,,CROISSANCE_PIB,2,panel_avec_effets_fixes,9.0,True,
2005,2007,3.44106776690418,4.013363914127129,interne,36.0,,CROISSANCE_PIB,2,panel_avec_effets_fixes,9.0,True,
2006,2008,5.68453936284732,5.238625634587321,interne,45.0,,CROISSANCE_PIB,2,panel_avec_effets_fixes,9.0,True,
2007,2009,3.74576940136258,4.80336776589599,interne,54.0,,CROISSANCE_PIB,2,panel_avec_effets_fixes,9.0,True,
2008,2010,3.49955709403216,5.071054745660412,interne,63.0,,CROISSANCE_PIB,2,panel_avec_effets_fixes,9.0,True,
2009,2011,5.52464523319847,3.18407471623022,interne,72.0,,CROISSANCE_PIB,2,panel_avec_effets_fixes,9.0,True,
2010,2012,3.06234368502997,4.29545562821513,interne,81.0,,CROISSANCE_PIB,2,panel_avec_effets_fixes,9.0,True,
2011,2013,4.12221286860944,4.342269403480424,interne,90.0,,CROISSANCE_PIB,2,panel_avec_effets_fixes,9.0,True,
2012,2014,2.7192440802029,4.395322683984448,interne,99.0,,CROISSANCE_PIB,2,panel_avec_effets_fixes,9.0,True,
2013,2015,4.34458297635238,4.378810508308185,interne,108.0,,CROISSANCE_PIB,2,panel_avec_effets_fixes,9.0,True,
2014,2016,0.52118550608968,4.299756284951875,interne,117.0,,CROISSANCE_PIB,2,panel_avec_effets_fixes,9.0,True,
2015,2017,5.05789816173446,4.267975173948715,interne,126.0,,CROISSANCE_PIB,2,panel_avec_effets_fixes,9.0,True,
2016,2018,3.06564133025955,3.9818300489288116,interne,135.0,,CROISSANCE_PIB,2,panel_avec_effets_fixes,9.0,True,
2017,2019,2.89097476137077,4.232918428121195,interne,144.0,,CROISSANCE_PIB,2,panel_avec_effets_fixes,9.0,True,
2018,2020,-7.17820744246774,4.0103333194731805,interne,153.0,,CROISSANCE_PIB,2,panel_avec_effets_fixes,9.0,True,
2019,2021,8.15473889823681,3.8938682573748147,finale,162.0,,CROISSANCE_PIB,2,panel_avec_effets_fixes,9.0,True,
2020,2022,1.81269242194809,2.102129804702213,finale,171.0,,CROISSANCE_PIB,2,panel_avec_effets_fixes,9.0,True,
2021,2023,3.65564411017931,4.635963707243318,finale,180.0,,CROISSANCE_PIB,2,panel_avec_effets_fixes,9.0,True,
2022,2024,3.79336515978963,4.685935955243106,finale,189.0,,CROISSANCE_PIB,2,panel_avec_effets_fixes,9.0,True,
2003,2005,3.19224973015831,3.074405022600434,interne,16.0,,CROISSANCE_PIB,2,panel_leave_one_country_out,8.0,False,
2004,2006,7.7908200104027,3.6854136844509715,interne,24.0,,CROISSANCE_PIB,2,panel_leave_one_country_out,8.0,False,
2005,2007,3.44106776690418,4.597641976189312,interne,32.0,,CROISSANCE_PIB,2,panel_leave_one_country_out,8.0,False,
2006,2008,5.68453936284732,5.151143452155874,interne,40.0,,CROISSANCE_PIB,2,panel_leave_one_country_out,8.0,False,
2007,2009,3.74576940136258,4.82203025296722,interne,48.0,,CROISSANCE_PIB,2,panel_leave_one_country_out,8.0,False,
2008,2010,3.49955709403216,4.923414943968616,interne,56.0,,CROISSANCE_PIB,2,panel_leave_one_country_out,8.0,False,
2009,2011,5.52464523319847,3.47652238796448,interne,64.0,,CROISSANCE_PIB,2,panel_leave_one_country_out,8.0,False,
2010,2012,3.06234368502997,4.011391231164327,interne,72.0,,CROISSANCE_PIB,2,panel_leave_one_country_out,8.0,False,
2011,2013,4.12221286860944,4.229610846499571,interne,80.0,,CROISSANCE_PIB,2,panel_leave_one_country_out,8.0,False,
2012,2014,2.7192440802029,3.782970426983721,interne,88.0,,CROISSANCE_PIB,2,panel_leave_one_country_out,8.0,False,
2013,2015,4.34458297635238,3.863527788874696,interne,96.0,,CROISSANCE_PIB,2,panel_leave_one_country_out,8.0,False,
2014,2016,0.52118550608968,3.785123964820741,interne,104.0,,CROISSANCE_PIB,2,panel_leave_one_country_out,8.0,False,
2015,2017,5.05789816173446,3.978692155090413,interne,112.0,,CROISSANCE_PIB,2,panel_leave_one_country_out,8.0,False,
2016,2018,3.06564133025955,3.763148582084986,interne,120.0,,CROISSANCE_PIB,2,panel_leave_one_country_out,8.0,False,
2017,2019,2.89097476137077,4.135958660619329,interne,128.0,,CROISSANCE_PIB,2,panel_leave_one_country_out,8.0,False,
2018,2020,-7.17820744246774,4.0875437572676665,interne,136.0,,CROISSANCE_PIB,2,panel_leave_one_country_out,8.0,False,
2019,2021,8.15473889823681,3.943635785253569,finale,144.0,,CROISSANCE_PIB,2,panel_leave_one_country_out,8.0,False,
2020,2022,1.81269242194809,2.338002506839599,finale,152.0,,CROISSANCE_PIB,2,panel_leave_one_country_out,8.0,False,
2021,2023,3.65564411017931,4.378490160487733,finale,160.0,,CROISSANCE_PIB,2,panel_leave_one_country_out,8.0,False,
2022,2024,3.79336515978963,4.686763056823021,finale,168.0,,CROISSANCE_PIB,2,panel_leave_one_country_out,8.0,False,
2007,2009,3.74576940136258,3.44106776690418,interne,,,CROISSANCE_PIB,2,baseline_random_walk,,,
2008,2010,3.49955709403216,5.68453936284732,interne,,,CROISSANCE_PIB,2,baseline_random_walk,,,
2009,2011,5.52464523319847,3.74576940136258,interne,,,CROISSANCE_PIB,2,baseline_random_walk,,,
2010,2012,3.06234368502997,3.49955709403216,interne,,,CROISSANCE_PIB,2,baseline_random_walk,,,
2011,2013,4.12221286860944,5.52464523319847,interne,,,CROISSANCE_PIB,2,baseline_random_walk,,,
2012,2014,2.7192440802029,3.06234368502997,interne,,,CROISSANCE_PIB,2,baseline_random_walk,,,
2013,2015,4.34458297635238,4.12221286860944,interne,,,CROISSANCE_PIB,2,baseline_random_walk,,,
2014,2016,0.52118550608968,2.7192440802029,interne,,,CROISSANCE_PIB,2,baseline_random_walk,,,
2015,2017,5.05789816173446,4.34458297635238,interne,,,CROISSANCE_PIB,2,baseline_random_walk,,,
2016,2018,3.06564133025955,0.52118550608968,interne,,,CROISSANCE_PIB,2,baseline_random_walk,,,
2017,2019,2.89097476137077,5.05789816173446,interne,,,CROISSANCE_PIB,2,baseline_random_walk,,,
2018,2020,-7.17820744246774,3.06564133025955,interne,,,CROISSANCE_PIB,2,baseline_random_walk,,,
2019,2021,8.15473889823681,2.89097476137077,finale,,,CROISSANCE_PIB,2,baseline_random_walk,,,
2020,2022,1.81269242194809,-7.17820744246774,finale,,,CROISSANCE_PIB,2,baseline_random_walk,,,
2021,2023,3.65564411017931,8.15473889823681,finale,,,CROISSANCE_PIB,2,baseline_random_walk,,,
2022,2024,3.79336515978963,1.81269242194809,finale,,,CROISSANCE_PIB,2,baseline_random_walk,,,
2007,2009,3.74576940136258,2.9691902185683463,interne,,,CROISSANCE_PIB,2,baseline_random_walk_drift,,,
2008,2010,3.49955709403216,5.504357152171611,interne,,,CROISSANCE_PIB,2,baseline_random_walk_drift,,,
2009,2011,5.52464523319847,3.3601784288927723,interne,,,CROISSANCE_PIB,2,baseline_random_walk_drift,,,
2010,2012,3.06234368502997,3.10834329828914,interne,,,CROISSANCE_PIB,2,baseline_random_walk_drift,,,
2011,2013,4.12221286860944,5.355500941159232,interne,,,CROISSANCE_PIB,2,baseline_random_walk_drift,,,
2012,2014,2.7192440802029,2.6667489737384575,interne,,,CROISSANCE_PIB,2,baseline_random_walk_drift,,,
2013,2015,4.34458297635238,3.840951479065675,interne,,,CROISSANCE_PIB,2,baseline_random_walk_drift,,,
2014,2016,0.52118550608968,2.328214160777861,interne,,,CROISSANCE_PIB,2,baseline_random_walk_drift,,,
2015,2017,5.05789816173446,4.105290878249174,interne,,,CROISSANCE_PIB,2,baseline_random_walk_drift,,,
2016,2018,3.06564133025955,-0.014406705710413803,interne,,,CROISSANCE_PIB,2,baseline_random_walk_drift,,,
2017,2019,2.89097476137077,4.891883546976277,interne,,,CROISSANCE_PIB,2,baseline_random_walk_drift,,,
2018,2020,-7.17820744246774,2.758200824827602,interne,,,CROISSANCE_PIB,2,baseline_random_walk_drift,,,
2019,2021,8.15473889823681,2.5820380904979072,finale,,,CROISSANCE_PIB,2,baseline_random_walk_drift,,,
2020,2022,1.81269242194809,-8.170917483575229,finale,,,CROISSANCE_PIB,2,baseline_random_walk_drift,,,
2021,2023,3.65564411017931,8.21731561454654,finale,,,CROISSANCE_PIB,2,baseline_random_walk_drift,,,
2022,2024,3.79336515978963,1.4640862457130732,finale,,,CROISSANCE_PIB,2,baseline_random_walk_drift,,,
2007,2009,3.74576940136258,4.85934882824272,interne,,,CROISSANCE_PIB,2,baseline_ar_p,,,3.0
2008,2010,3.49955709403216,4.192733157208205,interne,,,CROISSANCE_PIB,2,baseline_ar_p,,,3.0
2009,2011,5.52464523319847,4.47221028009889,interne,,,CROISSANCE_PIB,2,baseline_ar_p,,,3.0
2010,2012,3.06234368502997,2.951963049321021,interne,,,CROISSANCE_PIB,2,baseline_ar_p,,,3.0
2011,2013,4.12221286860944,5.464692363684898,interne,,,CROISSANCE_PIB,2,baseline_ar_p,,,3.0
2012,2014,2.7192440802029,3.7570710513324235,interne,,,CROISSANCE_PIB,2,baseline_ar_p,,,3.0
2013,2015,4.34458297635238,3.4114628124920157,interne,,,CROISSANCE_PIB,2,baseline_ar_p,,,3.0
2014,2016,0.52118550608968,3.2089564409180005,interne,,,CROISSANCE_PIB,2,baseline_ar_p,,,3.0
2015,2017,5.05789816173446,4.006541121304724,interne,,,CROISSANCE_PIB,2,baseline_ar_p,,,3.0
2016,2018,3.06564133025955,1.3391091391589718,interne,,,CROISSANCE_PIB,2,baseline_ar_p,,,3.0
2017,2019,2.89097476137077,4.046346385945359,interne,,,CROISSANCE_PIB,2,baseline_ar_p,,,3.0
2018,2020,-7.17820744246774,4.625497692272901,interne,,,CROISSANCE_PIB,2,baseline_ar_p,,,3.0
2019,2021,8.15473889823681,2.4520969952600544,finale,,,CROISSANCE_PIB,2,baseline_ar_p,,,3.0
2020,2022,1.81269242194809,-4.972379535923698,finale,,,CROISSANCE_PIB,2,baseline_ar_p,,,3.0
2021,2023,3.65564411017931,5.2451512212583085,finale,,,CROISSANCE_PIB,2,baseline_ar_p,,,3.0
2022,2024,3.79336515978963,5.3395460955530005,finale,,,CROISSANCE_PIB,2,baseline_ar_p,,,3.0
2008,2011,5.52464523319847,5.141859864167839,interne,6.0,0.0,CROISSANCE_PIB,3,elasticnet,,,
2009,2012,3.06234368502997,4.9424183694813735,interne,7.0,0.0,CROISSANCE_PIB,3,elasticnet,,,
2010,2013,4.12221286860944,4.762060710050221,interne,8.0,0.0,CROISSANCE_PIB,3,elasticnet,,,
2011,2014,2.7192440802029,4.84679232373336,interne,9.0,0.0,CROISSANCE_PIB,3,elasticnet,,,
2012,2015,4.34458297635238,4.668347459863021,interne,10.0,0.0,CROISSANCE_PIB,3,elasticnet,,,
2013,2016,0.52118550608968,4.61869886065815,interne,11.0,0.0,CROISSANCE_PIB,3,elasticnet,,,
2014,2017,5.05789816173446,4.460410962286879,interne,12.0,0.0,CROISSANCE_PIB,3,elasticnet,,,
2015,2018,3.06564133025955,4.4515011172149945,interne,13.0,0.0,CROISSANCE_PIB,3,elasticnet,,,
2016,2019,2.89097476137077,4.1707642878489,interne,14.0,0.0,CROISSANCE_PIB,3,elasticnet,,,
2017,2020,-7.17820744246774,4.229906546107938,interne,15.0,0.0,CROISSANCE_PIB,3,elasticnet,,,
2018,2021,8.15473889823681,4.157139970117414,finale,16.0,0.0,CROISSANCE_PIB,3,elasticnet,,,
2019,2022,1.81269242194809,4.082659663720553,finale,17.0,0.0,CROISSANCE_PIB,3,elasticnet,,,
2020,2023,3.65564411017931,3.457055935598981,finale,18.0,0.0,CROISSANCE_PIB,3,elasticnet,,,
2021,2024,3.79336515978963,3.7043024073167614,finale,19.0,0.0,CROISSANCE_PIB,3,elasticnet,,,
2004,2007,3.44106776690418,5.028507566825286,interne,18.0,,CROISSANCE_PIB,3,panel_avec_effets_fixes,9.0,True,
2005,2008,5.68453936284732,4.558880462056033,interne,27.0,,CROISSANCE_PIB,3,panel_avec_effets_fixes,9.0,True,
2006,2009,3.74576940136258,4.991160118480215,interne,36.0,,CROISSANCE_PIB,3,panel_avec_effets_fixes,9.0,True,
2007,2010,3.49955709403216,5.218375177226141,interne,45.0,,CROISSANCE_PIB,3,panel_avec_effets_fixes,9.0,True,
2008,2011,5.52464523319847,5.149978004560958,interne,54.0,,CROISSANCE_PIB,3,panel_avec_effets_fixes,9.0,True,
2009,2012,3.06234368502997,4.1758593575502365,interne,63.0,,CROISSANCE_PIB,3,panel_avec_effets_fixes,9.0,True,
2010,2013,4.12221286860944,4.364349245117474,interne,72.0,,CROISSANCE_PIB,3,panel_avec_effets_fixes,9.0,True,
2011,2014,2.7192440802029,4.560743492109546,interne,81.0,,CROISSANCE_PIB,3,panel_avec_effets_fixes,9.0,True,
2012,2015,4.34458297635238,4.440570371824028,interne,90.0,,CROISSANCE_PIB,3,panel_avec_effets_fixes,9.0,True,
2013,2016,0.52118550608968,4.44281048677437,interne,99.0,,CROISSANCE_PIB,3,panel_avec_effets_fixes,9.0,True,
2014,2017,5.05789816173446,4.312350436727897,interne,108.0,,CROISSANCE_PIB,3,panel_avec_effets_fixes,9.0,True,
2015,2018,3.06564133025955,4.178944042324968,interne,117.0,,CROISSANCE_PIB,3,panel_avec_effets_fixes,9.0,True,
2016,2019,2.89097476137077,4.143205231054937,interne,126.0,,CROISSANCE_PIB,3,panel_avec_effets_fixes,9.0,True,
2017,2020,-7.17820744246774,4.15906959150818,interne,135.0,,CROISSANCE_PIB,3,panel_avec_effets_fixes,9.0,True,
2018,2021,8.15473889823681,4.1642707865845505,finale,144.0,,CROISSANCE_PIB,3,panel_avec_effets_fixes,9.0,True,
2019,2022,1.81269242194809,4.040857048617053,finale,153.0,,CROISSANCE_PIB,3,panel_avec_effets_fixes,9.0,True,
2020,2023,3.65564411017931,3.3015431445517356,finale,162.0,,CROISSANCE_PIB,3,panel_avec_effets_fixes,9.0,True,
2021,2024,3.79336515978963,3.816343879309098,finale,171.0,,CROISSANCE_PIB,3,panel_avec_effets_fixes,9.0,True,
2004,2007,3.44106776690418,4.599903207727618,interne,16.0,,CROISSANCE_PIB,3,panel_leave_one_country_out,8.0,False,
2005,2008,5.68453936284732,4.631830792175785,interne,24.0,,CROISSANCE_PIB,3,panel_leave_one_country_out,8.0,False,
2006,2009,3.74576940136258,4.886683742552426,interne,32.0,,CROISSANCE_PIB,3,panel_leave_one_country_out,8.0,False,
2007,2010,3.49955709403216,5.357373127655527,interne,40.0,,CROISSANCE_PIB,3,panel_leave_one_country_out,8.0,False,
2008,2011,5.52464523319847,5.037007835924202,interne,48.0,,CROISSANCE_PIB,3,panel_leave_one_country_out,8.0,False,
2009,2012,3.06234368502997,4.161960180373069,interne,56.0,,CROISSANCE_PIB,3,panel_leave_one_country_out,8.0,False,
2010,2013,4.12221286860944,4.298424328069609,interne,64.0,,CROISSANCE_PIB,3,panel_leave_one_country_out,8.0,False,
2011,2014,2.7192440802029,4.380601721146388,interne,72.0,,CROISSANCE_PIB,3,panel_leave_one_country_out,8.0,False,
2012,2015,4.34458297635238,4.113888801226168,interne,80.0,,CROISSANCE_PIB,3,panel_leave_one_country_out,8.0,False,
2013,2016,0.52118550608968,4.164589434100523,interne,88.0,,CROISSANCE_PIB,3,panel_leave_one_country_out,8.0,False,
2014,2017,5.05789816173446,4.038216641852122,interne,96.0,,CROISSANCE_PIB,3,panel_leave_one_country_out,8.0,False,
2015,2018,3.06564133025955,3.975045202723284,interne,104.0,,CROISSANCE_PIB,3,panel_leave_one_country_out,8.0,False,
2016,2019,2.89097476137077,4.014282862228483,interne,112.0,,CROISSANCE_PIB,3,panel_leave_one_country_out,8.0,False,
2017,2020,-7.17820744246774,4.064625181971325,interne,120.0,,CROISSANCE_PIB,3,panel_leave_one_country_out,8.0,False,
2018,2021,8.15473889823681,4.07797034484126,finale,128.0,,CROISSANCE_PIB,3,panel_leave_one_country_out,8.0,False,
2019,2022,1.81269242194809,3.9416612489592744,finale,136.0,,CROISSANCE_PIB,3,panel_leave_one_country_out,8.0,False,
2020,2023,3.65564411017931,3.097701887430128,finale,144.0,,CROISSANCE_PIB,3,panel_leave_one_country_out,8.0,False,
2021,2024,3.79336515978963,3.692214682695392,finale,152.0,,CROISSANCE_PIB,3,panel_leave_one_country_out,8.0,False,
2008,2011,5.52464523319847,5.68453936284732,interne,,,CROISSANCE_PIB,3,baseline_random_walk,,,
2009,2012,3.06234368502997,3.74576940136258,interne,,,CROISSANCE_PIB,3,baseline_random_walk,,,
2010,2013,4.12221286860944,3.49955709403216,interne,,,CROISSANCE_PIB,3,baseline_random_walk,,,
2011,2014,2.7192440802029,5.52464523319847,interne,,,CROISSANCE_PIB,3,baseline_random_walk,,,
2012,2015,4.34458297635238,3.06234368502997,interne,,,CROISSANCE_PIB,3,baseline_random_walk,,,
2013,2016,0.52118550608968,4.12221286860944,interne,,,CROISSANCE_PIB,3,baseline_random_walk,,,
2014,2017,5.05789816173446,2.7192440802029,interne,,,CROISSANCE_PIB,3,baseline_random_walk,,,
2015,2018,3.06564133025955,4.34458297635238,interne,,,CROISSANCE_PIB,3,baseline_random_walk,,,
2016,2019,2.89097476137077,0.52118550608968,interne,,,CROISSANCE_PIB,3,baseline_random_walk,,,
2017,2020,-7.17820744246774,5.05789816173446,interne,,,CROISSANCE_PIB,3,baseline_random_walk,,,
2018,2021,8.15473889823681,3.06564133025955,finale,,,CROISSANCE_PIB,3,baseline_random_walk,,,
2019,2022,1.81269242194809,2.89097476137077,finale,,,CROISSANCE_PIB,3,baseline_random_walk,,,
2020,2023,3.65564411017931,-7.17820744246774,finale,,,CROISSANCE_PIB,3,baseline_random_walk,,,
2021,2024,3.79336515978963,8.15473889823681,finale,,,CROISSANCE_PIB,3,baseline_random_walk,,,
2008,2011,5.52464523319847,5.414266046833756,interne,,,CROISSANCE_PIB,3,baseline_random_walk_drift,,,
2009,2012,3.06234368502997,3.1673829426578686,interne,,,CROISSANCE_PIB,3,baseline_random_walk_drift,,,
2010,2013,4.12221286860944,2.9127364004176304,interne,,,CROISSANCE_PIB,3,baseline_random_walk_drift,,,
2011,2014,2.7192440802029,5.270928795139612,interne,,,CROISSANCE_PIB,3,baseline_random_walk_drift,,,
2012,2015,4.34458297635238,2.468951618092701,interne,,,CROISSANCE_PIB,3,baseline_random_walk_drift,,,
2013,2016,0.52118550608968,3.7003207842937926,interne,,,CROISSANCE_PIB,3,baseline_random_walk_drift,,,
2014,2017,5.05789816173446,2.1326992010653414,interne,,,CROISSANCE_PIB,3,baseline_random_walk_drift,,,
2015,2018,3.06564133025955,3.9856448291975712,interne,,,CROISSANCE_PIB,3,baseline_random_walk_drift,,,
2016,2019,2.89097476137077,-0.2822028116104607,interne,,,CROISSANCE_PIB,3,baseline_random_walk_drift,,,
2017,2020,-7.17820744246774,4.8088762395971845,interne,,,CROISSANCE_PIB,3,baseline_random_walk_drift,,,
2018,2021,8.15473889823681,2.604480572111628,finale,,,CROISSANCE_PIB,3,baseline_random_walk_drift,,,
2019,2022,1.81269242194809,2.4275697550614757,finale,,,CROISSANCE_PIB,3,baseline_random_walk_drift,,,
2020,2023,3.65564411017931,-8.667272504128974,finale,,,CROISSANCE_PIB,3,baseline_random_walk_drift,,,
2021,2024,3.79336515978963,8.248603972701405,finale,,,CROISSANCE_PIB,3,baseline_random_walk_drift,,,
2008,2011,5.52464523319847,5.6051413919771145,interne,,,CROISSANCE_PIB,3,baseline_ar_p,,,3.0
2009,2012,3.06234368502997,4.512665920864784,interne,,,CROISSANCE_PIB,3,baseline_ar_p,,,3.0
2010,2013,4.12221286860944,5.77413098489275,interne,,,CROISSANCE_PIB,3,baseline_ar_p,,,3.0
2011,2014,2.7192440802029,3.9165566794633078,interne,,,CROISSANCE_PIB,3,baseline_ar_p,,,3.0
2012,2015,4.34458297635238,4.822690103413707,interne,,,CROISSANCE_PIB,3,baseline_ar_p,,,3.0
2013,2016,0.52118550608968,5.381043584842446,interne,,,CROISSANCE_PIB,3,baseline_ar_p,,,3.0
2014,2017,5.05789816173446,4.986427070635368,interne,,,CROISSANCE_PIB,3,baseline_ar_p,,,3.0
2015,2018,3.06564133025955,4.659438254865107,interne,,,CROISSANCE_PIB,3,baseline_ar_p,,,3.0
2016,2019,2.89097476137077,5.8353478965890035,interne,,,CROISSANCE_PIB,3,baseline_ar_p,,,3.0
2017,2020,-7.17820744246774,4.460681561161362,interne,,,CROISSANCE_PIB,3,baseline_ar_p,,,3.0
2018,2021,8.15473889823681,3.3822353502875933,finale,,,CROISSANCE_PIB,3,baseline_ar_p,,,3.0
2019,2022,1.81269242194809,5.383886584699013,finale,,,CROISSANCE_PIB,3,baseline_ar_p,,,3.0
2020,2023,3.65564411017931,8.10402281921518,finale,,,CROISSANCE_PIB,3,baseline_ar_p,,,3.0
2021,2024,3.79336515978963,2.0859965621747634,finale,,,CROISSANCE_PIB,3,baseline_ar_p,,,3.0
2009,2013,4.12221286860944,4.734854168431242,interne,6.0,1.0,CROISSANCE_PIB,4,elasticnet,,,
2010,2014,2.7192440802029,4.560769075838476,interne,7.0,0.0,CROISSANCE_PIB,4,elasticnet,,,
2011,2015,4.34458297635238,4.681253595508475,interne,8.0,0.0,CROISSANCE_PIB,4,elasticnet,,,
2012,2016,0.52118550608968,4.50137471656642,interne,9.0,0.0,CROISSANCE_PIB,4,elasticnet,,,
2013,2017,5.05789816173446,4.463458531770721,interne,10.0,0.0,CROISSANCE_PIB,4,elasticnet,,,
2014,2018,3.06564133025955,4.304893581628192,interne,11.0,0.0,CROISSANCE_PIB,4,elasticnet,,,
2015,2019,2.89097476137077,4.308201031188541,interne,12.0,0.0,CROISSANCE_PIB,4,elasticnet,,,
2016,2020,-7.17820744246774,4.016892144642474,interne,13.0,0.0,CROISSANCE_PIB,4,elasticnet,,,
2017,2021,8.15473889823681,4.091249717291902,finale,14.0,0.0,CROISSANCE_PIB,4,elasticnet,,,
2018,2022,1.81269242194809,4.022875824823078,finale,15.0,0.0,CROISSANCE_PIB,4,elasticnet,,,
2019,2023,3.65564411017931,3.9521320083573093,finale,16.0,0.0,CROISSANCE_PIB,4,elasticnet,,,
2020,2024,3.79336515978963,3.293784248325615,finale,17.0,1.0,CROISSANCE_PIB,4,elasticnet,,,
2005,2009,3.74576940136258,4.615975114699651,interne,18.0,,CROISSANCE_PIB,4,panel_avec_effets_fixes,9.0,True,
2006,2010,3.49955709403216,5.524225906541665,interne,27.0,,CROISSANCE_PIB,4,panel_avec_effets_fixes,9.0,True,
2007,2011,5.52464523319847,5.738381533938205,interne,36.0,,CROISSANCE_PIB,4,panel_avec_effets_fixes,9.0,True,
2008,2012,3.06234368502997,5.44494898933075,interne,45.0,,CROISSANCE_PIB,4,panel_avec_effets_fixes,9.0,True,
2009,2013,4.12221286860944,4.341800824108242,interne,54.0,,CROISSANCE_PIB,4,panel_avec_effets_fixes,9.0,True,
2010,2014,2.7192440802029,4.510556376131636,interne,63.0,,CROISSANCE_PIB,4,panel_avec_effets_fixes,9.0,True,
2011,2015,4.34458297635238,4.779421615894429,interne,72.0,,CROISSANCE_PIB,4,panel_avec_effets_fixes,9.0,True,
2012,2016,0.52118550608968,4.595672918043991,interne,81.0,,CROISSANCE_PIB,4,panel_avec_effets_fixes,9.0,True,
2013,2017,5.05789816173446,4.564609172932432,interne,90.0,,CROISSANCE_PIB,4,panel_avec_effets_fixes,9.0,True,
2014,2018,3.06564133025955,4.47039837538046,interne,99.0,,CROISSANCE_PIB,4,panel_avec_effets_fixes,9.0,True,
2015,2019,2.89097476137077,4.302177615714156,interne,108.0,,CROISSANCE_PIB,4,panel_avec_effets_fixes,9.0,True,
2016,2020,-7.17820744246774,4.339391507517652,interne,117.0,,CROISSANCE_PIB,4,panel_avec_effets_fixes,9.0,True,
2017,2021,8.15473889823681,4.256106536631692,finale,126.0,,CROISSANCE_PIB,4,panel_avec_effets_fixes,9.0,True,
2018,2022,1.81269242194809,4.265667655577995,finale,135.0,,CROISSANCE_PIB,4,panel_avec_effets_fixes,9.0,True,
2019,2023,3.65564411017931,4.077990043879886,finale,144.0,,CROISSANCE_PIB,4,panel_avec_effets_fixes,9.0,True,
2020,2024,3.79336515978963,3.267534149889659,finale,153.0,,CROISSANCE_PIB,4,panel_avec_effets_fixes,9.0,True,
2005,2009,3.74576940136258,5.076282485578919,interne,16.0,,CROISSANCE_PIB,4,panel_leave_one_country_out,8.0,False,
2006,2010,3.49955709403216,5.464586131289825,interne,24.0,,CROISSANCE_PIB,4,panel_leave_one_country_out,8.0,False,
2007,2011,5.52464523319847,5.715766008731974,interne,32.0,,CROISSANCE_PIB,4,panel_leave_one_country_out,8.0,False,
2008,2012,3.06234368502997,5.370496584097107,interne,40.0,,CROISSANCE_PIB,4,panel_leave_one_country_out,8.0,False,
2009,2013,4.12221286860944,4.286670078168155,interne,48.0,,CROISSANCE_PIB,4,panel_leave_one_country_out,8.0,False,
2010,2014,2.7192440802029,4.460224395377187,interne,56.0,,CROISSANCE_PIB,4,panel_leave_one_country_out,8.0,False,
2011,2015,4.34458297635238,4.679821854441784,interne,64.0,,CROISSANCE_PIB,4,panel_leave_one_country_out,8.0,False,
2012,2016,0.52118550608968,4.318887744423539,interne,72.0,,CROISSANCE_PIB,4,panel_leave_one_country_out,8.0,False,
2013,2017,5.05789816173446,4.374996872981387,interne,80.0,,CROISSANCE_PIB,4,panel_leave_one_country_out,8.0,False,
2014,2018,3.06564133025955,4.304062595324791,interne,88.0,,CROISSANCE_PIB,4,panel_leave_one_country_out,8.0,False,
2015,2019,2.89097476137077,4.067794171791039,interne,96.0,,CROISSANCE_PIB,4,panel_leave_one_country_out,8.0,False,
2016,2020,-7.17820744246774,4.250990184367421,interne,104.0,,CROISSANCE_PIB,4,panel_leave_one_country_out,8.0,False,
2017,2021,8.15473889823681,4.137454700589435,finale,112.0,,CROISSANCE_PIB,4,panel_leave_one_country_out,8.0,False,
2018,2022,1.81269242194809,4.264509779121313,finale,120.0,,CROISSANCE_PIB,4,panel_leave_one_country_out,8.0,False,
2019,2023,3.65564411017931,3.9704235719487895,finale,128.0,,CROISSANCE_PIB,4,panel_leave_one_country_out,8.0,False,
2020,2024,3.79336515978963,3.1617759182098997,finale,136.0,,CROISSANCE_PIB,4,panel_leave_one_country_out,8.0,False,
2009,2013,4.12221286860944,3.74576940136258,interne,,,CROISSANCE_PIB,4,baseline_random_walk,,,
2010,2014,2.7192440802029,3.49955709403216,interne,,,CROISSANCE_PIB,4,baseline_random_walk,,,
2011,2015,4.34458297635238,5.52464523319847,interne,,,CROISSANCE_PIB,4,baseline_random_walk,,,
2012,2016,0.52118550608968,3.06234368502997,interne,,,CROISSANCE_PIB,4,baseline_random_walk,,,
2013,2017,5.05789816173446,4.12221286860944,interne,,,CROISSANCE_PIB,4,baseline_random_walk,,,
2014,2018,3.06564133025955,2.7192440802029,interne,,,CROISSANCE_PIB,4,baseline_random_walk,,,
2015,2019,2.89097476137077,4.34458297635238,interne,,,CROISSANCE_PIB,4,baseline_random_walk,,,
2016,2020,-7.17820744246774,0.52118550608968,interne,,,CROISSANCE_PIB,4,baseline_random_walk,,,
2017,2021,8.15473889823681,5.05789816173446,finale,,,CROISSANCE_PIB,4,baseline_random_walk,,,
2018,2022,1.81269242194809,3.06564133025955,finale,,,CROISSANCE_PIB,4,baseline_random_walk,,,
2019,2023,3.65564411017931,2.89097476137077,finale,,,CROISSANCE_PIB,4,baseline_random_walk,,,
2020,2024,3.79336515978963,-7.17820744246774,finale,,,CROISSANCE_PIB,4,baseline_random_walk,,,
2009,2013,4.12221286860944,2.974587456422965,interne,,,CROISSANCE_PIB,4,baseline_random_walk_drift,,,
2010,2014,2.7192440802029,2.71712950254612,interne,,,CROISSANCE_PIB,4,baseline_random_walk_drift,,,
2011,2015,4.34458297635238,5.186356649119994,interne,,,CROISSANCE_PIB,4,baseline_random_walk_drift,,,
2012,2016,0.52118550608968,2.271154262446945,interne,,,CROISSANCE_PIB,4,baseline_random_walk_drift,,,
2013,2017,5.05789816173446,3.5596900895219106,interne,,,CROISSANCE_PIB,4,baseline_random_walk_drift,,,
2014,2018,3.06564133025955,1.9371842413528215,interne,,,CROISSANCE_PIB,4,baseline_random_walk_drift,,,
2015,2019,2.89097476137077,3.8659987801459685,interne,,,CROISSANCE_PIB,4,baseline_random_walk_drift,,,
2016,2020,-7.17820744246774,-0.5499989175105076,interne,,,CROISSANCE_PIB,4,baseline_random_walk_drift,,,
2017,2021,8.15473889823681,4.725868932218092,finale,,,CROISSANCE_PIB,4,baseline_random_walk_drift,,,
2018,2022,1.81269242194809,2.4507603193956538,finale,,,CROISSANCE_PIB,4,baseline_random_walk_drift,,,
2019,2023,3.65564411017931,2.273101419625044,finale,,,CROISSANCE_PIB,4,baseline_random_walk_drift,,,
2020,2024,3.79336515978963,-9.163627524682719,finale,,,CROISSANCE_PIB,4,baseline_random_walk_drift,,,
2009,2013,4.12221286860944,4.915221934641211,interne,,,CROISSANCE_PIB,4,baseline_ar_p,,,3.0
2010,2014,2.7192440802029,3.741523486123285,interne,,,CROISSANCE_PIB,4,baseline_ar_p,,,3.0
2011,2015,4.34458297635238,4.731879806922684,interne,,,CROISSANCE_PIB,4,baseline_ar_p,,,3.0
2012,2016,0.52118550608968,4.585664624791858,interne,,,CROISSANCE_PIB,4,baseline_ar_p,,,3.0
2013,2017,5.05789816173446,3.750514407485954,interne,,,CROISSANCE_PIB,4,baseline_ar_p,,,3.0
2014,2018,3.06564133025955,4.103384429081574,interne,,,CROISSANCE_PIB,4,baseline_ar_p,,,3.0
2015,2019,2.89097476137077,3.9767063069372317,interne,,,CROISSANCE_PIB,4,baseline_ar_p,,,3.0
2016,2020,-7.17820744246774,3.484139820540671,interne,,,CROISSANCE_PIB,4,baseline_ar_p,,,3.0
2017,2021,8.15473889823681,3.466459337646727,finale,,,CROISSANCE_PIB,4,baseline_ar_p,,,3.0
2018,2022,1.81269242194809,4.893734623467557,finale,,,CROISSANCE_PIB,4,baseline_ar_p,,,3.0
2019,2023,3.65564411017931,3.391784419314278,finale,,,CROISSANCE_PIB,4,baseline_ar_p,,,3.0
2020,2024,3.79336515978963,1.2233381540057093,finale,,,CROISSANCE_PIB,4,baseline_ar_p,,,3.0
2010,2015,4.34458297635238,4.327470042021601,interne,6.0,5.0,CROISSANCE_PIB,5,elasticnet,,,
2011,2016,0.52118550608968,4.651941988399669,interne,7.0,5.0,CROISSANCE_PIB,5,elasticnet,,,
2012,2017,5.05789816173446,4.015432063310678,interne,8.0,5.0,CROISSANCE_PIB,5,elasticnet,,,
2013,2018,3.06564133025955,4.748747258958927,interne,9.0,5.0,CROISSANCE_PIB,5,elasticnet,,,
2014,2019,2.89097476137077,3.8676419911224613,interne,10.0,5.0,CROISSANCE_PIB,5,elasticnet,,,
2015,2020,-7.17820744246774,4.378463110456335,interne,11.0,4.0,CROISSANCE_PIB,5,elasticnet,,,
2016,2021,8.15473889823681,3.247455353672348,finale,12.0,4.0,CROISSANCE_PIB,5,elasticnet,,,
2017,2022,1.81269242194809,3.969065990012324,finale,13.0,4.0,CROISSANCE_PIB,5,elasticnet,,,
2018,2023,3.65564411017931,3.942204359377221,finale,14.0,3.0,CROISSANCE_PIB,5,elasticnet,,,
2019,2024,3.79336515978963,3.5065363940652303,finale,15.0,3.0,CROISSANCE_PIB,5,elasticnet,,,
2006,2011,5.52464523319847,6.081471834187754,interne,18.0,,CROISSANCE_PIB,5,panel_avec_effets_fixes,9.0,True,
2007,2012,3.06234368502997,6.126512383065217,interne,27.0,,CROISSANCE_PIB,5,panel_avec_effets_fixes,9.0,True,
2008,2013,4.12221286860944,6.046919447567474,interne,36.0,,CROISSANCE_PIB,5,panel_avec_effets_fixes,9.0,True,
2009,2014,2.7192440802029,5.80886931825153,interne,45.0,,CROISSANCE_PIB,5,panel_avec_effets_fixes,9.0,True,
2010,2015,4.34458297635238,4.844595125705005,interne,54.0,,CROISSANCE_PIB,5,panel_avec_effets_fixes,9.0,True,
2011,2016,0.52118550608968,5.309392340982973,interne,63.0,,CROISSANCE_PIB,5,panel_avec_effets_fixes,9.0,True,
2012,2017,5.05789816173446,4.808200075222013,interne,72.0,,CROISSANCE_PIB,5,panel_avec_effets_fixes,9.0,True,
2013,2018,3.06564133025955,4.708084449883414,interne,81.0,,CROISSANCE_PIB,5,panel_avec_effets_fixes,9.0,True,
2014,2019,2.89097476137077,4.6205055565488955,interne,90.0,,CROISSANCE_PIB,5,panel_avec_effets_fixes,9.0,True,
2015,2020,-7.17820744246774,4.310858546971846,interne,99.0,,CROISSANCE_PIB,5,panel_avec_effets_fixes,9.0,True,
2016,2021,8.15473889823681,4.412062257386303,finale,108.0,,CROISSANCE_PIB,5,panel_avec_effets_fixes,9.0,True,
2017,2022,1.81269242194809,4.228083589446266,finale,117.0,,CROISSANCE_PIB,5,panel_avec_effets_fixes,9.0,True,
2018,2023,3.65564411017931,4.3099480415535245,finale,126.0,,CROISSANCE_PIB,5,panel_avec_effets_fixes,9.0,True,
2019,2024,3.79336515978963,4.250711544734671,finale,135.0,,CROISSANCE_PIB,5,panel_avec_effets_fixes,9.0,True,
2006,2011,5.52464523319847,5.276775675975432,interne,16.0,,CROISSANCE_PIB,5,panel_leave_one_country_out,8.0,False,
2007,2012,3.06234368502997,5.386844643248235,interne,24.0,,CROISSANCE_PIB,5,panel_leave_one_country_out,8.0,False,
2008,2013,4.12221286860944,5.5949748424167645,interne,32.0,,CROISSANCE_PIB,5,panel_leave_one_country_out,8.0,False,
2009,2014,2.7192440802029,4.739364379746307,interne,40.0,,CROISSANCE_PIB,5,panel_leave_one_country_out,8.0,False,
2010,2015,4.34458297635238,4.093742706386338,interne,48.0,,CROISSANCE_PIB,5,panel_leave_one_country_out,8.0,False,
2011,2016,0.52118550608968,4.272906774175514,interne,56.0,,CROISSANCE_PIB,5,panel_leave_one_country_out,8.0,False,
2012,2017,5.05789816173446,3.865169444871532,interne,64.0,,CROISSANCE_PIB,5,panel_leave_one_country_out,8.0,False,
2013,2018,3.06564133025955,4.056430732870435,interne,72.0,,CROISSANCE_PIB,5,panel_leave_one_country_out,8.0,False,
2014,2019,2.89097476137077,4.085141425864626,interne,80.0,,CROISSANCE_PIB,5,panel_leave_one_country_out,8.0,False,
2015,2020,-7.17820744246774,3.8420807312602303,interne,88.0,,CROISSANCE_PIB,5,panel_leave_one_country_out,8.0,False,
2016,2021,8.15473889823681,4.156253685686855,finale,96.0,,CROISSANCE_PIB,5,panel_leave_one_country_out,8.0,False,
2017,2022,1.81269242194809,3.802803618975097,finale,104.0,,CROISSANCE_PIB,5,panel_leave_one_country_out,8.0,False,
2018,2023,3.65564411017931,4.128582999305424,finale,112.0,,CROISSANCE_PIB,5,panel_leave_one_country_out,8.0,False,
2019,2024,3.79336515978963,4.033118898110524,finale,120.0,,CROISSANCE_PIB,5,panel_leave_one_country_out,8.0,False,
2010,2015,4.34458297635238,3.49955709403216,interne,,,CROISSANCE_PIB,5,baseline_random_walk,,,
2011,2016,0.52118550608968,5.52464523319847,interne,,,CROISSANCE_PIB,5,baseline_random_walk,,,
2012,2017,5.05789816173446,3.06234368502997,interne,,,CROISSANCE_PIB,5,baseline_random_walk,,,
2013,2018,3.06564133025955,4.12221286860944,interne,,,CROISSANCE_PIB,5,baseline_random_walk,,,
2014,2019,2.89097476137077,2.7192440802029,interne,,,CROISSANCE_PIB,5,baseline_random_walk,,,
2015,2020,-7.17820744246774,4.34458297635238,interne,,,CROISSANCE_PIB,5,baseline_random_walk,,,
2016,2021,8.15473889823681,0.52118550608968,finale,,,CROISSANCE_PIB,5,baseline_random_walk,,,
2017,2022,1.81269242194809,5.05789816173446,finale,,,CROISSANCE_PIB,5,baseline_random_walk,,,
2018,2023,3.65564411017931,3.06564133025955,finale,,,CROISSANCE_PIB,5,baseline_random_walk,,,
2019,2024,3.79336515978963,2.89097476137077,finale,,,CROISSANCE_PIB,5,baseline_random_walk,,,
2010,2015,4.34458297635238,2.52152260467461,interne,,,CROISSANCE_PIB,5,baseline_random_walk_drift,,,
2011,2016,0.52118550608968,5.101784503100375,interne,,,CROISSANCE_PIB,5,baseline_random_walk_drift,,,
2012,2017,5.05789816173446,2.073356906801189,interne,,,CROISSANCE_PIB,5,baseline_random_walk_drift,,,
2013,2018,3.06564133025955,3.419059394750028,interne,,,CROISSANCE_PIB,5,baseline_random_walk_drift,,,
2014,2019,2.89097476137077,1.741669281640302,interne,,,CROISSANCE_PIB,5,baseline_random_walk_drift,,,
2015,2020,-7.17820744246774,3.7463527310943654,interne,,,CROISSANCE_PIB,5,baseline_random_walk_drift,,,
2016,2021,8.15473889823681,-0.8177950234105544,finale,,,CROISSANCE_PIB,5,baseline_random_walk_drift,,,
2017,2022,1.81269242194809,4.642861624839001,finale,,,CROISSANCE_PIB,5,baseline_random_walk_drift,,,
2018,2023,3.65564411017931,2.2970400666796795,finale,,,CROISSANCE_PIB,5,baseline_random_walk_drift,,,
2019,2024,3.79336515978963,2.1186330841886125,finale,,,CROISSANCE_PIB,5,baseline_random_walk_drift,,,
2010,2015,4.34458297635238,4.84111972989332,interne,,,CROISSANCE_PIB,5,baseline_ar_p,,,3.0
2011,2016,0.52118550608968,4.642114945814791,interne,,,CROISSANCE_PIB,5,baseline_ar_p,,,3.0
2012,2017,5.05789816173446,4.235464007585467,interne,,,CROISSANCE_PIB,5,baseline_ar_p,,,3.0
2013,2018,3.06564133025955,4.8481226914109135,interne,,,CROISSANCE_PIB,5,baseline_ar_p,,,3.0
2014,2019,2.89097476137077,4.310732209445995,interne,,,CROISSANCE_PIB,5,baseline_ar_p,,,3.0
2015,2020,-7.17820744246774,4.631876077325535,interne,,,CROISSANCE_PIB,5,baseline_ar_p,,,3.0
2016,2021,8.15473889823681,4.089094800992474,finale,,,CROISSANCE_PIB,5,baseline_ar_p,,,3.0
2017,2022,1.81269242194809,4.844014729196445,finale,,,CROISSANCE_PIB,5,baseline_ar_p,,,3.0
2018,2023,3.65564411017931,3.6779323538674022,finale,,,CROISSANCE_PIB,5,baseline_ar_p,,,3.0
2019,2024,3.79336515978963,4.403648093111115,finale,,,CROISSANCE_PIB,5,baseline_ar_p,,,3.0
2006,2007,2.04208512673344,1.646779741054532,interne,6.0,1.0,INFLATION_CPI,1,elasticnet,,,
2007,2008,3.71484311494064,1.7633961556745146,interne,7.0,1.0,INFLATION_CPI,1,elasticnet,,,
2008,2009,0.971862998667636,2.056830093732982,interne,8.0,2.0,INFLATION_CPI,1,elasticnet,,,
2009,2010,0.993557401226392,1.879143759358488,interne,9.0,1.0,INFLATION_CPI,1,elasticnet,,,
2010,2011,0.9069249096918,1.7124315902428529,interne,10.0,1.0,INFLATION_CPI,1,elasticnet,,,
2011,2012,1.28712240079219,1.7578420543713935,interne,11.0,1.0,INFLATION_CPI,1,elasticnet,,,
2012,2013,1.88065466724086,1.6883665445730962,interne,12.0,0.0,INFLATION_CPI,1,elasticnet,,,
2013,2014,0.442310053557048,1.7031579386244629,interne,13.0,0.0,INFLATION_CPI,1,elasticnet,,,
2014,2015,1.5579071134626,1.6130973754053617,interne,14.0,0.0,INFLATION_CPI,1,elasticnet,,,
2015,2016,1.63531114327064,1.6094180246091776,interne,15.0,0.0,INFLATION_CPI,1,elasticnet,,,
2016,2017,0.754663249323619,1.6110363445255187,interne,16.0,0.0,INFLATION_CPI,1,elasticnet,,,
2017,2018,1.80391671141896,1.560661456572466,interne,17.0,0.0,INFLATION_CPI,1,elasticnet,,,
2018,2019,0.303386036590383,1.574175637397271,interne,18.0,0.0,INFLATION_CPI,1,elasticnet,,,
2019,2020,0.705968661338261,1.5072919741969084,interne,19.0,0.0,INFLATION_CPI,1,elasticnet,,,
2020,2021,1.40195883962006,1.4672258085539762,finale,20.0,0.0,INFLATION_CPI,1,elasticnet,,,
2021,2022,6.65704202759067,1.464117857652361,finale,21.0,0.0,INFLATION_CPI,1,elasticnet,,,
2022,2023,6.09114152504141,1.5888861141193447,finale,22.0,2.0,INFLATION_CPI,1,elasticnet,,,
2023,2024,0.985256592004507,2.885014154852275,finale,23.0,2.0,INFLATION_CPI,1,elasticnet,,,
2002,2003,1.16773367477592,-0.6030175930732629,interne,17.0,,INFLATION_CPI,1,panel_avec_effets_fixes,9.0,True,
2003,2004,1.49344403381774,0.15521326319919027,interne,26.0,,INFLATION_CPI,1,panel_avec_effets_fixes,9.0,True,
2004,2005,0.982641660015951,4.102051357531475,interne,35.0,,INFLATION_CPI,1,panel_avec_effets_fixes,9.0,True,
2005,2006,3.28476166954811,3.5354824490624543,interne,44.0,,INFLATION_CPI,1,panel_avec_effets_fixes,9.0,True,
2006,2007,2.04208512673344,4.333136427707384,interne,53.0,,INFLATION_CPI,1,panel_avec_effets_fixes,9.0,True,
2007,2008,3.71484311494064,2.179602733995962,interne,62.0,,INFLATION_CPI,1,panel_avec_effets_fixes,9.0,True,
2008,2009,0.971862998667636,4.597536272382638,interne,71.0,,INFLATION_CPI,1,panel_avec_effets_fixes,9.0,True,
2009,2010,0.993557401226392,2.046970367372004,interne,80.0,,INFLATION_CPI,1,panel_avec_effets_fixes,9.0,True,
2010,2011,0.9069249096918,3.254857532790696,interne,89.0,,INFLATION_CPI,1,panel_avec_effets_fixes,9.0,True,
2011,2012,1.28712240079219,2.294504956334234,interne,98.0,,INFLATION_CPI,1,panel_avec_effets_fixes,9.0,True,
2012,2013,1.88065466724086,2.034855555448731,interne,107.0,,INFLATION_CPI,1,panel_avec_effets_fixes,9.0,True,
2013,2014,0.442310053557048,1.7066779239990488,interne,116.0,,INFLATION_CPI,1,panel_avec_effets_fixes,9.0,True,
2014,2015,1.5579071134626,0.9940775774534769,interne,125.0,,INFLATION_CPI,1,panel_avec_effets_fixes,9.0,True,
2015,2016,1.63531114327064,1.898986090558897,interne,134.0,,INFLATION_CPI,1,panel_avec_effets_fixes,9.0,True,
2016,2017,0.754663249323619,1.8722439328207283,interne,143.0,,INFLATION_CPI,1,panel_avec_effets_fixes,9.0,True,
2017,2018,1.80391671141896,0.4344432559565732,interne,152.0,,INFLATION_CPI,1,panel_avec_effets_fixes,9.0,True,
2018,2019,0.303386036590383,1.6828023201271538,interne,161.0,,INFLATION_CPI,1,panel_avec_effets_fixes,9.0,True,
2019,2020,0.705968661338261,0.164660876155712,interne,170.0,,INFLATION_CPI,1,panel_avec_effets_fixes,9.0,True,
2020,2021,1.40195883962006,1.7053636271907173,finale,179.0,,INFLATION_CPI,1,panel_avec_effets_fixes,9.0,True,
2021,2022,6.65704202759067,-0.4595341419632364,finale,188.0,,INFLATION_CPI,1,panel_avec_effets_fixes,9.0,True,
2022,2023,6.09114152504141,3.3841104824448,finale,197.0,,INFLATION_CPI,1,panel_avec_effets_fixes,9.0,True,
2023,2024,0.985256592004507,0.48545749061447996,finale,206.0,,INFLATION_CPI,1,panel_avec_effets_fixes,9.0,True,
2002,2003,1.16773367477592,0.2977417298018423,interne,15.0,,INFLATION_CPI,1,panel_leave_one_country_out,8.0,False,
2003,2004,1.49344403381774,-1.3241491924430253,interne,23.0,,INFLATION_CPI,1,panel_leave_one_country_out,8.0,False,
2004,2005,0.982641660015951,2.6154486304027467,interne,31.0,,INFLATION_CPI,1,panel_leave_one_country_out,8.0,False,
2005,2006,3.28476166954811,2.9285844611246494,interne,39.0,,INFLATION_CPI,1,panel_leave_one_country_out,8.0,False,
2006,2007,2.04208512673344,4.493997728448262,interne,47.0,,INFLATION_CPI,1,panel_leave_one_country_out,8.0,False,
2007,2008,3.71484311494064,2.165800927176365,interne,55.0,,INFLATION_CPI,1,panel_leave_one_country_out,8.0,False,
2008,2009,0.971862998667636,5.143743073144021,interne,63.0,,INFLATION_CPI,1,panel_leave_one_country_out,8.0,False,
2009,2010,0.993557401226392,2.1242507214330786,interne,71.0,,INFLATION_CPI,1,panel_leave_one_country_out,8.0,False,
2010,2011,0.9069249096918,3.6854410553427717,interne,79.0,,INFLATION_CPI,1,panel_leave_one_country_out,8.0,False,
2011,2012,1.28712240079219,3.1863929129145467,interne,87.0,,INFLATION_CPI,1,panel_leave_one_country_out,8.0,False,
2012,2013,1.88065466724086,2.9200773552125296,interne,95.0,,INFLATION_CPI,1,panel_leave_one_country_out,8.0,False,
2013,2014,0.442310053557048,2.7994571159628685,interne,103.0,,INFLATION_CPI,1,panel_leave_one_country_out,8.0,False,
2014,2015,1.5579071134626,2.023096195518063,interne,111.0,,INFLATION_CPI,1,panel_leave_one_country_out,8.0,False,
2015,2016,1.63531114327064,2.8567961457275857,interne,119.0,,INFLATION_CPI,1,panel_leave_one_country_out,8.0,False,
2016,2017,0.754663249323619,2.7626632475664623,interne,127.0,,INFLATION_CPI,1,panel_leave_one_country_out,8.0,False,
2017,2018,1.80391671141896,1.2991069690720831,interne,135.0,,INFLATION_CPI,1,panel_leave_one_country_out,8.0,False,
2018,2019,0.303386036590383,2.447322638382787,interne,143.0,,INFLATION_CPI,1,panel_leave_one_country_out,8.0,False,
2019,2020,0.705968661338261,0.9184566716873821,interne,151.0,,INFLATION_CPI,1,panel_leave_one_country_out,8.0,False,
2020,2021,1.40195883962006,2.7167245104469027,finale,159.0,,INFLATION_CPI,1,panel_leave_one_country_out,8.0,False,
2021,2022,6.65704202759067,0.49485601097663157,finale,167.0,,INFLATION_CPI,1,panel_leave_one_country_out,8.0,False,
2022,2023,6.09114152504141,5.227832815983693,finale,175.0,,INFLATION_CPI,1,panel_leave_one_country_out,8.0,False,
2023,2024,0.985256592004507,2.1788118555563845,finale,183.0,,INFLATION_CPI,1,panel_leave_one_country_out,8.0,False,
2006,2007,2.04208512673344,3.28476166954811,interne,,,INFLATION_CPI,1,baseline_random_walk,,,
2007,2008,3.71484311494064,2.04208512673344,interne,,,INFLATION_CPI,1,baseline_random_walk,,,
2008,2009,0.971862998667636,3.71484311494064,interne,,,INFLATION_CPI,1,baseline_random_walk,,,
2009,2010,0.993557401226392,0.971862998667636,interne,,,INFLATION_CPI,1,baseline_random_walk,,,
2010,2011,0.9069249096918,0.993557401226392,interne,,,INFLATION_CPI,1,baseline_random_walk,,,
2011,2012,1.28712240079219,0.9069249096918,interne,,,INFLATION_CPI,1,baseline_random_walk,,,
2012,2013,1.88065466724086,1.28712240079219,interne,,,INFLATION_CPI,1,baseline_random_walk,,,
2013,2014,0.442310053557048,1.88065466724086,interne,,,INFLATION_CPI,1,baseline_random_walk,,,
2014,2015,1.5579071134626,0.442310053557048,interne,,,INFLATION_CPI,1,baseline_random_walk,,,
2015,2016,1.63531114327064,1.5579071134626,interne,,,INFLATION_CPI,1,baseline_random_walk,,,
2016,2017,0.754663249323619,1.63531114327064,interne,,,INFLATION_CPI,1,baseline_random_walk,,,
2017,2018,1.80391671141896,0.754663249323619,interne,,,INFLATION_CPI,1,baseline_random_walk,,,
2018,2019,0.303386036590383,1.80391671141896,interne,,,INFLATION_CPI,1,baseline_random_walk,,,
2019,2020,0.705968661338261,0.303386036590383,interne,,,INFLATION_CPI,1,baseline_random_walk,,,
2020,2021,1.40195883962006,0.705968661338261,finale,,,INFLATION_CPI,1,baseline_random_walk,,,
2021,2022,6.65704202759067,1.40195883962006,finale,,,INFLATION_CPI,1,baseline_random_walk,,,
2022,2023,6.09114152504141,6.65704202759067,finale,,,INFLATION_CPI,1,baseline_random_walk,,,
2023,2024,0.985256592004507,6.09114152504141,finale,,,INFLATION_CPI,1,baseline_random_walk,,,
2006,2007,2.04208512673344,2.971334713657643,interne,,,INFLATION_CPI,1,baseline_random_walk_drift,,,
2007,2008,3.71484311494064,1.67058007166021,interne,,,INFLATION_CPI,1,baseline_random_walk_drift,,,
2008,2009,0.971862998667636,3.4635888271192,interne,,,INFLATION_CPI,1,baseline_random_walk_drift,,,
2009,2010,0.993557401226392,0.5821794981544426,interne,,,INFLATION_CPI,1,baseline_random_walk_drift,,,
2010,2011,0.9069249096918,0.6255253692959327,interne,,,INFLATION_CPI,1,baseline_random_walk_drift,,,
2011,2012,1.28712240079219,0.552962854781134,interne,,,INFLATION_CPI,1,baseline_random_walk_drift,,,
2012,2013,1.88065466724086,0.968120324263003,interne,,,INFLATION_CPI,1,baseline_random_walk_drift,,,
2013,2014,0.442310053557048,1.6031314244833936,interne,,,INFLATION_CPI,1,baseline_random_walk_drift,,,
2014,2015,1.5579071134626,0.11431631641147966,interne,,,INFLATION_CPI,1,baseline_random_walk_drift,,,
2015,2016,1.63531114327064,1.2900629928608283,interne,,,INFLATION_CPI,1,baseline_random_walk_drift,,,
2016,2017,0.754663249323619,1.3812769486852607,interne,,,INFLATION_CPI,1,baseline_random_walk_drift,,,
2017,2018,1.80391671141896,0.47652852783971505,interne,,,INFLATION_CPI,1,baseline_random_walk_drift,,,
2018,2019,0.303386036590383,1.574944515252806,interne,,,INFLATION_CPI,1,baseline_random_walk_drift,,,
2019,2020,0.705968661338261,0.029001037614856673,interne,,,INFLATION_CPI,1,baseline_random_walk_drift,,,
2020,2021,1.40195883962006,0.45492737352561063,finale,,,INFLATION_CPI,1,baseline_random_walk_drift,,,
2021,2022,6.65704202759067,1.1824852673438913,finale,,,INFLATION_CPI,1,baseline_random_walk_drift,,,
2022,2023,6.09114152504141,6.614167060483752,finale,,,INFLATION_CPI,1,baseline_random_walk_drift,,,
2023,2024,0.985256592004507,6.031922009951919,finale,,,INFLATION_CPI,1,baseline_random_walk_drift,,,
2006,2007,2.04208512673344,1.7005259071198606,interne,,,INFLATION_CPI,1,baseline_ar_p,,,3.0
2007,2008,3.71484311494064,2.2208366419041816,interne,,,INFLATION_CPI,1,baseline_ar_p,,,3.0
2008,2009,0.971862998667636,2.3785024790217086,interne,,,INFLATION_CPI,1,baseline_ar_p,,,3.0
2009,2010,0.993557401226392,2.5917440712548423,interne,,,INFLATION_CPI,1,baseline_ar_p,,,3.0
2010,2011,0.9069249096918,1.319763859241415,interne,,,INFLATION_CPI,1,baseline_ar_p,,,3.0
2011,2012,1.28712240079219,1.2202031598422634,interne,,,INFLATION_CPI,1,baseline_ar_p,,,3.0
2012,2013,1.88065466724086,1.2786211372937886,interne,,,INFLATION_CPI,1,baseline_ar_p,,,3.0
2013,2014,0.442310053557048,1.612974821831784,interne,,,INFLATION_CPI,1,baseline_ar_p,,,3.0
2014,2015,1.5579071134626,1.443419025210403,interne,,,INFLATION_CPI,1,baseline_ar_p,,,3.0
2015,2016,1.63531114327064,1.134610906529807,interne,,,INFLATION_CPI,1,baseline_ar_p,,,3.0
2016,2017,0.754663249323619,1.5738714397644655,interne,,,INFLATION_CPI,1,baseline_ar_p,,,3.0
2017,2018,1.80391671141896,1.4140909512471382,interne,,,INFLATION_CPI,1,baseline_ar_p,,,3.0
2018,2019,0.303386036590383,1.3135030253380284,interne,,,INFLATION_CPI,1,baseline_ar_p,,,3.0
2019,2020,0.705968661338261,1.3549338716462782,interne,,,INFLATION_CPI,1,baseline_ar_p,,,3.0
2020,2021,1.40195883962006,0.8666189840067399,finale,,,INFLATION_CPI,1,baseline_ar_p,,,3.0
2021,2022,6.65704202759067,1.0771662864072702,finale,,,INFLATION_CPI,1,baseline_ar_p,,,3.0
2022,2023,6.09114152504141,3.148279929970236,finale,,,INFLATION_CPI,1,baseline_ar_p,,,3.0
2023,2024,0.985256592004507,5.561441378184971,finale,,,INFLATION_CPI,1,baseline_ar_p,,,3.0
2007,2009,0.971862998667636,1.9294727530148157,interne,6.0,1.0,INFLATION_CPI,2,elasticnet,,,
2008,2010,0.993557401226392,2.2115898498858804,interne,7.0,0.0,INFLATION_CPI,2,elasticnet,,,
2009,2011,0.9069249096918,2.0569152133549786,interne,8.0,1.0,INFLATION_CPI,2,elasticnet,,,
2010,2012,1.28712240079219,1.9385054832327988,interne,9.0,0.0,INFLATION_CPI,2,elasticnet,,,
2011,2013,1.88065466724086,1.8431821229533136,interne,10.0,1.0,INFLATION_CPI,2,elasticnet,,,
2012,2014,0.442310053557048,1.7855087872344706,interne,11.0,0.0,INFLATION_CPI,2,elasticnet,,,
2013,2015,1.5579071134626,1.7934376105683365,interne,12.0,0.0,INFLATION_CPI,2,elasticnet,,,
2014,2016,1.63531114327064,1.6895047215674681,interne,13.0,0.0,INFLATION_CPI,2,elasticnet,,,
2015,2017,0.754663249323619,1.6801048924171205,interne,14.0,0.0,INFLATION_CPI,2,elasticnet,,,
2016,2018,1.80391671141896,1.6771186424740219,interne,15.0,0.0,INFLATION_CPI,2,elasticnet,,,
2017,2019,0.303386036590383,1.6194651804021216,interne,16.0,0.0,INFLATION_CPI,2,elasticnet,,,
2018,2020,0.705968661338261,1.6303152704619357,interne,17.0,0.0,INFLATION_CPI,2,elasticnet,,,
2019,2021,1.40195883962006,1.5565969796912937,finale,18.0,0.0,INFLATION_CPI,2,elasticnet,,,
2020,2022,6.65704202759067,1.511827068199029,finale,19.0,0.0,INFLATION_CPI,2,elasticnet,,,
2021,2023,6.09114152504141,1.5063336567700805,finale,20.0,0.0,INFLATION_CPI,2,elasticnet,,,
2022,2024,0.985256592004507,1.8153094570973334,finale,21.0,1.0,INFLATION_CPI,2,elasticnet,,,
2003,2005,0.982641660015951,3.0429420955559383,interne,17.0,,INFLATION_CPI,2,panel_avec_effets_fixes,9.0,True,
2004,2006,3.28476166954811,4.441726884343656,interne,26.0,,INFLATION_CPI,2,panel_avec_effets_fixes,9.0,True,
2005,2007,2.04208512673344,3.8951383396445514,interne,35.0,,INFLATION_CPI,2,panel_avec_effets_fixes,9.0,True,
2006,2008,3.71484311494064,4.917564586807195,interne,44.0,,INFLATION_CPI,2,panel_avec_effets_fixes,9.0,True,
2007,2009,0.971862998667636,3.62604246783909,interne,53.0,,INFLATION_CPI,2,panel_avec_effets_fixes,9.0,True,
2008,2010,0.993557401226392,4.179788381342542,interne,62.0,,INFLATION_CPI,2,panel_avec_effets_fixes,9.0,True,
2009,2011,0.9069249096918,3.7353610536628383,interne,71.0,,INFLATION_CPI,2,panel_avec_effets_fixes,9.0,True,
2010,2012,1.28712240079219,3.250103137530655,interne,80.0,,INFLATION_CPI,2,panel_avec_effets_fixes,9.0,True,
2011,2013,1.88065466724086,3.1301896098298463,interne,89.0,,INFLATION_CPI,2,panel_avec_effets_fixes,9.0,True,
2012,2014,0.442310053557048,2.1487263237196403,interne,98.0,,INFLATION_CPI,2,panel_avec_effets_fixes,9.0,True,
2013,2015,1.5579071134626,2.1971287114027,interne,107.0,,INFLATION_CPI,2,panel_avec_effets_fixes,9.0,True,
2014,2016,1.63531114327064,2.1143953558232655,interne,116.0,,INFLATION_CPI,2,panel_avec_effets_fixes,9.0,True,
2015,2017,0.754663249323619,2.109643951451303,interne,125.0,,INFLATION_CPI,2,panel_avec_effets_fixes,9.0,True,
2016,2018,1.80391671141896,2.0896707460218495,interne,134.0,,INFLATION_CPI,2,panel_avec_effets_fixes,9.0,True,
2017,2019,0.303386036590383,1.5499588367290569,interne,143.0,,INFLATION_CPI,2,panel_avec_effets_fixes,9.0,True,
2018,2020,0.705968661338261,2.066646500911322,interne,152.0,,INFLATION_CPI,2,panel_avec_effets_fixes,9.0,True,
2019,2021,1.40195883962006,1.2380123324697339,finale,161.0,,INFLATION_CPI,2,panel_avec_effets_fixes,9.0,True,
2020,2022,6.65704202759067,1.7171901141038268,finale,170.0,,INFLATION_CPI,2,panel_avec_effets_fixes,9.0,True,
2021,2023,6.09114152504141,0.8570917857269835,finale,179.0,,INFLATION_CPI,2,panel_avec_effets_fixes,9.0,True,
2022,2024,0.985256592004507,3.16603507364688,finale,188.0,,INFLATION_CPI,2,panel_avec_effets_fixes,9.0,True,
2003,2005,0.982641660015951,6.109128705722938,interne,15.0,,INFLATION_CPI,2,panel_leave_one_country_out,8.0,False,
2004,2006,3.28476166954811,4.621748764506233,interne,23.0,,INFLATION_CPI,2,panel_leave_one_country_out,8.0,False,
2005,2007,2.04208512673344,4.419688821679509,interne,31.0,,INFLATION_CPI,2,panel_leave_one_country_out,8.0,False,
2006,2008,3.71484311494064,5.413393263492809,interne,39.0,,INFLATION_CPI,2,panel_leave_one_country_out,8.0,False,
2007,2009,0.971862998667636,3.680130994044344,interne,47.0,,INFLATION_CPI,2,panel_leave_one_country_out,8.0,False,
2008,2010,0.993557401226392,5.45367176985815,interne,55.0,,INFLATION_CPI,2,panel_leave_one_country_out,8.0,False,
2009,2011,0.9069249096918,4.977055510385158,interne,63.0,,INFLATION_CPI,2,panel_leave_one_country_out,8.0,False,
2010,2012,1.28712240079219,4.330508969000924,interne,71.0,,INFLATION_CPI,2,panel_leave_one_country_out,8.0,False,
2011,2013,1.88065466724086,4.804043488562967,interne,79.0,,INFLATION_CPI,2,panel_leave_one_country_out,8.0,False,
2012,2014,0.442310053557048,3.5669759073777096,interne,87.0,,INFLATION_CPI,2,panel_leave_one_country_out,8.0,False,
2013,2015,1.5579071134626,3.6452162453202672,interne,95.0,,INFLATION_CPI,2,panel_leave_one_country_out,8.0,False,
2014,2016,1.63531114327064,3.6636532666550727,interne,103.0,,INFLATION_CPI,2,panel_leave_one_country_out,8.0,False,
2015,2017,0.754663249323619,3.4814667547679936,interne,111.0,,INFLATION_CPI,2,panel_leave_one_country_out,8.0,False,
2016,2018,1.80391671141896,3.4267917382674553,interne,119.0,,INFLATION_CPI,2,panel_leave_one_country_out,8.0,False,
2017,2019,0.303386036590383,2.8233152794184226,interne,127.0,,INFLATION_CPI,2,panel_leave_one_country_out,8.0,False,
2018,2020,0.705968661338261,3.372727000440026,interne,135.0,,INFLATION_CPI,2,panel_leave_one_country_out,8.0,False,
2019,2021,1.40195883962006,2.416097235939114,finale,143.0,,INFLATION_CPI,2,panel_leave_one_country_out,8.0,False,
2020,2022,6.65704202759067,2.974719603865509,finale,151.0,,INFLATION_CPI,2,panel_leave_one_country_out,8.0,False,
2021,2023,6.09114152504141,2.133042701689516,finale,159.0,,INFLATION_CPI,2,panel_leave_one_country_out,8.0,False,
2022,2024,0.985256592004507,5.564371019256789,finale,167.0,,INFLATION_CPI,2,panel_leave_one_country_out,8.0,False,
2007,2009,0.971862998667636,2.04208512673344,interne,,,INFLATION_CPI,2,baseline_random_walk,,,
2008,2010,0.993557401226392,3.71484311494064,interne,,,INFLATION_CPI,2,baseline_random_walk,,,
2009,2011,0.9069249096918,0.971862998667636,interne,,,INFLATION_CPI,2,baseline_random_walk,,,
2010,2012,1.28712240079219,0.993557401226392,interne,,,INFLATION_CPI,2,baseline_random_walk,,,
2011,2013,1.88065466724086,0.9069249096918,interne,,,INFLATION_CPI,2,baseline_random_walk,,,
2012,2014,0.442310053557048,1.28712240079219,interne,,,INFLATION_CPI,2,baseline_random_walk,,,
2013,2015,1.5579071134626,1.88065466724086,interne,,,INFLATION_CPI,2,baseline_random_walk,,,
2014,2016,1.63531114327064,0.442310053557048,interne,,,INFLATION_CPI,2,baseline_random_walk,,,
2015,2017,0.754663249323619,1.5579071134626,interne,,,INFLATION_CPI,2,baseline_random_walk,,,
2016,2018,1.80391671141896,1.63531114327064,interne,,,INFLATION_CPI,2,baseline_random_walk,,,
2017,2019,0.303386036590383,0.754663249323619,interne,,,INFLATION_CPI,2,baseline_random_walk,,,
2018,2020,0.705968661338261,1.80391671141896,interne,,,INFLATION_CPI,2,baseline_random_walk,,,
2019,2021,1.40195883962006,0.303386036590383,finale,,,INFLATION_CPI,2,baseline_random_walk,,,
2020,2022,6.65704202759067,0.705968661338261,finale,,,INFLATION_CPI,2,baseline_random_walk,,,
2021,2023,6.09114152504141,1.40195883962006,finale,,,INFLATION_CPI,2,baseline_random_walk,,,
2022,2024,0.985256592004507,6.65704202759067,finale,,,INFLATION_CPI,2,baseline_random_walk,,,
2007,2009,0.971862998667636,1.29907501658698,interne,,,INFLATION_CPI,2,baseline_random_walk_drift,,,
2008,2010,0.993557401226392,3.21233453929776,interne,,,INFLATION_CPI,2,baseline_random_walk_drift,,,
2009,2011,0.9069249096918,0.19249599764124903,interne,,,INFLATION_CPI,2,baseline_random_walk_drift,,,
2010,2012,1.28712240079219,0.2574933373654734,interne,,,INFLATION_CPI,2,baseline_random_walk_drift,,,
2011,2013,1.88065466724086,0.19900079987046804,interne,,,INFLATION_CPI,2,baseline_random_walk_drift,,,
2012,2014,0.442310053557048,0.6491182477338159,interne,,,INFLATION_CPI,2,baseline_random_walk_drift,,,
2013,2015,1.5579071134626,1.3256081817259273,interne,,,INFLATION_CPI,2,baseline_random_walk_drift,,,
2014,2016,1.63531114327064,-0.21367742073408869,interne,,,INFLATION_CPI,2,baseline_random_walk_drift,,,
2015,2017,0.754663249323619,1.0222188722590566,interne,,,INFLATION_CPI,2,baseline_random_walk_drift,,,
2016,2018,1.80391671141896,1.1272427540998815,interne,,,INFLATION_CPI,2,baseline_random_walk_drift,,,
2017,2019,0.303386036590383,0.19839380635581116,interne,,,INFLATION_CPI,2,baseline_random_walk_drift,,,
2018,2020,0.705968661338261,1.345972319086652,interne,,,INFLATION_CPI,2,baseline_random_walk_drift,,,
2019,2021,1.40195883962006,-0.24538396136066964,finale,,,INFLATION_CPI,2,baseline_random_walk_drift,,,
2020,2022,6.65704202759067,0.2038860857129603,finale,,,INFLATION_CPI,2,baseline_random_walk_drift,,,
2021,2023,6.09114152504141,0.9630116950677227,finale,,,INFLATION_CPI,2,baseline_random_walk_drift,,,
2022,2024,0.985256592004507,6.571292093376834,finale,,,INFLATION_CPI,2,baseline_random_walk_drift,,,
2007,2009,0.971862998667636,2.076610063088982,interne,,,INFLATION_CPI,2,baseline_ar_p,,,3.0
2008,2010,0.993557401226392,2.7902586941173015,interne,,,INFLATION_CPI,2,baseline_ar_p,,,3.0
2009,2011,0.9069249096918,1.5538026686924982,interne,,,INFLATION_CPI,2,baseline_ar_p,,,3.0
2010,2012,1.28712240079219,1.3406829651761738,interne,,,INFLATION_CPI,2,baseline_ar_p,,,3.0
2011,2013,1.88065466724086,1.2564885087221334,interne,,,INFLATION_CPI,2,baseline_ar_p,,,3.0
2012,2014,0.442310053557048,1.4216609140943746,interne,,,INFLATION_CPI,2,baseline_ar_p,,,3.0
2013,2015,1.5579071134626,1.7677359723929158,interne,,,INFLATION_CPI,2,baseline_ar_p,,,3.0
2014,2016,1.63531114327064,1.1068127931335834,interne,,,INFLATION_CPI,2,baseline_ar_p,,,3.0
2015,2017,0.754663249323619,1.4532906807251067,interne,,,INFLATION_CPI,2,baseline_ar_p,,,3.0
2016,2018,1.80391671141896,1.6150794555458374,interne,,,INFLATION_CPI,2,baseline_ar_p,,,3.0
2017,2019,0.303386036590383,1.2261204537541874,interne,,,INFLATION_CPI,2,baseline_ar_p,,,3.0
2018,2020,0.705968661338261,1.556857661258101,interne,,,INFLATION_CPI,2,baseline_ar_p,,,3.0
2019,2021,1.40195883962006,1.000678651974754,finale,,,INFLATION_CPI,2,baseline_ar_p,,,3.0
2020,2022,6.65704202759067,0.9570015863884014,finale,,,INFLATION_CPI,2,baseline_ar_p,,,3.0
2021,2023,6.09114152504141,1.2975611563187968,finale,,,INFLATION_CPI,2,baseline_ar_p,,,3.0
2022,2024,0.985256592004507,3.7603901561718684,finale,,,INFLATION_CPI,2,baseline_ar_p,,,3.0
2008,2011,0.9069249096918,2.2306611425282883,interne,6.0,2.0,INFLATION_CPI,3,elasticnet,,,
2009,2012,1.28712240079219,2.32931017657782,interne,7.0,1.0,INFLATION_CPI,3,elasticnet,,,
2010,2013,1.88065466724086,1.8313662099657286,interne,8.0,0.0,INFLATION_CPI,3,elasticnet,,,
2011,2014,0.442310053557048,1.728650509935292,interne,9.0,0.0,INFLATION_CPI,3,elasticnet,,,
2012,2015,1.5579071134626,1.684497699020982,interne,10.0,0.0,INFLATION_CPI,3,elasticnet,,,
2013,2016,1.63531114327064,1.7023301506773345,interne,11.0,0.0,INFLATION_CPI,3,elasticnet,,,
2014,2017,0.754663249323619,1.5973284759173108,interne,12.0,0.0,INFLATION_CPI,3,elasticnet,,,
2015,2018,1.80391671141896,1.5942960634207946,interne,13.0,0.0,INFLATION_CPI,3,elasticnet,,,
2016,2019,0.303386036590383,1.5972257119814979,interne,14.0,0.0,INFLATION_CPI,3,elasticnet,,,
2017,2020,0.705968661338261,1.5410548811376394,interne,15.0,0.0,INFLATION_CPI,3,elasticnet,,,
2018,2021,1.40195883962006,1.5574837455302215,finale,16.0,0.0,INFLATION_CPI,3,elasticnet,,,
2019,2022,6.65704202759067,1.4837132920631722,finale,17.0,0.0,INFLATION_CPI,3,elasticnet,,,
2020,2023,6.09114152504141,1.4405052570228993,finale,18.0,0.0,INFLATION_CPI,3,elasticnet,,,
2021,2024,0.985256592004507,1.4384764982122236,finale,19.0,0.0,INFLATION_CPI,3,elasticnet,,,
2004,2007,2.04208512673344,2.8661676354982464,interne,17.0,,INFLATION_CPI,3,panel_avec_effets_fixes,9.0,True,
2005,2008,3.71484311494064,3.2327948933053476,interne,26.0,,INFLATION_CPI,3,panel_avec_effets_fixes,9.0,True,
2006,2009,0.971862998667636,3.2570692311695124,interne,35.0,,INFLATION_CPI,3,panel_avec_effets_fixes,9.0,True,
2007,2010,0.993557401226392,2.4039381123826917,interne,44.0,,INFLATION_CPI,3,panel_avec_effets_fixes,9.0,True,
2008,2011,0.9069249096918,3.809568527041846,interne,53.0,,INFLATION_CPI,3,panel_avec_effets_fixes,9.0,True,
2009,2012,1.28712240079219,3.498956709411938,interne,62.0,,INFLATION_CPI,3,panel_avec_effets_fixes,9.0,True,
2010,2013,1.88065466724086,2.761983325966391,interne,71.0,,INFLATION_CPI,3,panel_avec_effets_fixes,9.0,True,
2011,2014,0.442310053557048,2.7287116849420703,interne,80.0,,INFLATION_CPI,3,panel_avec_effets_fixes,9.0,True,
2012,2015,1.5579071134626,2.293463010746739,interne,89.0,,INFLATION_CPI,3,panel_avec_effets_fixes,9.0,True,
2013,2016,1.63531114327064,2.3639082577632795,interne,98.0,,INFLATION_CPI,3,panel_avec_effets_fixes,9.0,True,
2014,2017,0.754663249323619,2.2944679395883987,interne,107.0,,INFLATION_CPI,3,panel_avec_effets_fixes,9.0,True,
2015,2018,1.80391671141896,2.08419642502679,interne,116.0,,INFLATION_CPI,3,panel_avec_effets_fixes,9.0,True,
2016,2019,0.303386036590383,1.9937803229487647,interne,125.0,,INFLATION_CPI,3,panel_avec_effets_fixes,9.0,True,
2017,2020,0.705968661338261,1.7765827810383001,interne,134.0,,INFLATION_CPI,3,panel_avec_effets_fixes,9.0,True,
2018,2021,1.40195883962006,2.0334457929176293,finale,143.0,,INFLATION_CPI,3,panel_avec_effets_fixes,9.0,True,
2019,2022,6.65704202759067,1.336195618376462,finale,152.0,,INFLATION_CPI,3,panel_avec_effets_fixes,9.0,True,
2020,2023,6.09114152504141,1.23397006538895,finale,161.0,,INFLATION_CPI,3,panel_avec_effets_fixes,9.0,True,
2021,2024,0.985256592004507,1.1977429633485,finale,170.0,,INFLATION_CPI,3,panel_avec_effets_fixes,9.0,True,
2004,2007,2.04208512673344,6.224171636710144,interne,15.0,,INFLATION_CPI,3,panel_leave_one_country_out,8.0,False,
2005,2008,3.71484311494064,4.910922536197742,interne,23.0,,INFLATION_CPI,3,panel_leave_one_country_out,8.0,False,
2006,2009,0.971862998667636,5.68620476411896,interne,31.0,,INFLATION_CPI,3,panel_leave_one_country_out,8.0,False,
2007,2010,0.993557401226392,4.4847169906672155,interne,39.0,,INFLATION_CPI,3,panel_leave_one_country_out,8.0,False,
2008,2011,0.9069249096918,6.3721853297048,interne,47.0,,INFLATION_CPI,3,panel_leave_one_country_out,8.0,False,
2009,2012,1.28712240079219,5.843433875190445,interne,55.0,,INFLATION_CPI,3,panel_leave_one_country_out,8.0,False,
2010,2013,1.88065466724086,4.792806431076539,interne,63.0,,INFLATION_CPI,3,panel_leave_one_country_out,8.0,False,
2011,2014,0.442310053557048,5.263368367567713,interne,71.0,,INFLATION_CPI,3,panel_leave_one_country_out,8.0,False,
2012,2015,1.5579071134626,4.358804104667273,interne,79.0,,INFLATION_CPI,3,panel_leave_one_country_out,8.0,False,
2013,2016,1.63531114327064,4.479975011207771,interne,87.0,,INFLATION_CPI,3,panel_leave_one_country_out,8.0,False,
2014,2017,0.754663249323619,4.134353303944891,interne,95.0,,INFLATION_CPI,3,panel_leave_one_country_out,8.0,False,
2015,2018,1.80391671141896,4.00823959788508,interne,103.0,,INFLATION_CPI,3,panel_leave_one_country_out,8.0,False,
2016,2019,0.303386036590383,3.6809295814576677,interne,111.0,,INFLATION_CPI,3,panel_leave_one_country_out,8.0,False,
2017,2020,0.705968661338261,3.5370653464576702,interne,119.0,,INFLATION_CPI,3,panel_leave_one_country_out,8.0,False,
2018,2021,1.40195883962006,3.8143079503700097,finale,127.0,,INFLATION_CPI,3,panel_leave_one_country_out,8.0,False,
2019,2022,6.65704202759067,2.9613331603593647,finale,135.0,,INFLATION_CPI,3,panel_leave_one_country_out,8.0,False,
2020,2023,6.09114152504141,2.702877853797797,finale,143.0,,INFLATION_CPI,3,panel_leave_one_country_out,8.0,False,
2021,2024,0.985256592004507,3.0865668129970354,finale,151.0,,INFLATION_CPI,3,panel_leave_one_country_out,8.0,False,
2008,2011,0.9069249096918,3.71484311494064,interne,,,INFLATION_CPI,3,baseline_random_walk,,,
2009,2012,1.28712240079219,0.971862998667636,interne,,,INFLATION_CPI,3,baseline_random_walk,,,
2010,2013,1.88065466724086,0.993557401226392,interne,,,INFLATION_CPI,3,baseline_random_walk,,,
2011,2014,0.442310053557048,0.9069249096918,interne,,,INFLATION_CPI,3,baseline_random_walk,,,
2012,2015,1.5579071134626,1.28712240079219,interne,,,INFLATION_CPI,3,baseline_random_walk,,,
2013,2016,1.63531114327064,1.88065466724086,interne,,,INFLATION_CPI,3,baseline_random_walk,,,
2014,2017,0.754663249323619,0.442310053557048,interne,,,INFLATION_CPI,3,baseline_random_walk,,,
2015,2018,1.80391671141896,1.5579071134626,interne,,,INFLATION_CPI,3,baseline_random_walk,,,
2016,2019,0.303386036590383,1.63531114327064,interne,,,INFLATION_CPI,3,baseline_random_walk,,,
2017,2020,0.705968661338261,0.754663249323619,interne,,,INFLATION_CPI,3,baseline_random_walk,,,
2018,2021,1.40195883962006,1.80391671141896,finale,,,INFLATION_CPI,3,baseline_random_walk,,,
2019,2022,6.65704202759067,0.303386036590383,finale,,,INFLATION_CPI,3,baseline_random_walk,,,
2020,2023,6.09114152504141,0.705968661338261,finale,,,INFLATION_CPI,3,baseline_random_walk,,,
2021,2024,0.985256592004507,1.40195883962006,finale,,,INFLATION_CPI,3,baseline_random_walk,,,
2008,2011,0.9069249096918,2.9610802514763197,interne,,,INFLATION_CPI,3,baseline_random_walk_drift,,,
2009,2012,1.28712240079219,-0.19718750287194442,interne,,,INFLATION_CPI,3,baseline_random_walk_drift,,,
2010,2013,1.88065466724086,-0.11053869456498588,interne,,,INFLATION_CPI,3,baseline_random_walk_drift,,,
2011,2014,0.442310053557048,-0.15496125504019798,interne,,,INFLATION_CPI,3,baseline_random_walk_drift,,,
2012,2015,1.5579071134626,0.33011617120462877,interne,,,INFLATION_CPI,3,baseline_random_walk_drift,,,
2013,2016,1.63531114327064,1.048084938968461,interne,,,INFLATION_CPI,3,baseline_random_walk_drift,,,
2014,2017,0.754663249323619,-0.541671157879657,interne,,,INFLATION_CPI,3,baseline_random_walk_drift,,,
2015,2018,1.80391671141896,0.754374751657285,interne,,,INFLATION_CPI,3,baseline_random_walk_drift,,,
2016,2019,0.303386036590383,0.8732085595145025,interne,,,INFLATION_CPI,3,baseline_random_walk_drift,,,
2017,2020,0.705968661338261,-0.07974091512809278,interne,,,INFLATION_CPI,3,baseline_random_walk_drift,,,
2018,2021,1.40195883962006,1.1170001229204978,finale,,,INFLATION_CPI,3,baseline_random_walk_drift,,,
2019,2022,6.65704202759067,-0.519768960336196,finale,,,INFLATION_CPI,3,baseline_random_walk_drift,,,
2020,2023,6.09114152504141,-0.04715520209969004,finale,,,INFLATION_CPI,3,baseline_random_walk_drift,,,
2021,2024,0.985256592004507,0.7435381227915541,finale,,,INFLATION_CPI,3,baseline_random_walk_drift,,,
2008,2011,0.9069249096918,2.326136778303317,interne,,,INFLATION_CPI,3,baseline_ar_p,,,3.0
2009,2012,1.28712240079219,2.172812135261218,interne,,,INFLATION_CPI,3,baseline_ar_p,,,3.0
2010,2013,1.88065466724086,1.462961451119315,interne,,,INFLATION_CPI,3,baseline_ar_p,,,3.0
2011,2014,0.442310053557048,1.3842135919251044,interne,,,INFLATION_CPI,3,baseline_ar_p,,,3.0
2012,2015,1.5579071134626,1.4479898553866328,interne,,,INFLATION_CPI,3,baseline_ar_p,,,3.0
2013,2016,1.63531114327064,1.695061809455249,interne,,,INFLATION_CPI,3,baseline_ar_p,,,3.0
2014,2017,0.754663249323619,1.394966043733672,interne,,,INFLATION_CPI,3,baseline_ar_p,,,3.0
2015,2018,1.80391671141896,1.372653967364362,interne,,,INFLATION_CPI,3,baseline_ar_p,,,3.0
2016,2019,0.303386036590383,1.602722003834948,interne,,,INFLATION_CPI,3,baseline_ar_p,,,3.0
2017,2020,0.705968661338261,1.380877294930775,interne,,,INFLATION_CPI,3,baseline_ar_p,,,3.0
2018,2021,1.40195883962006,1.4785849140073284,finale,,,INFLATION_CPI,3,baseline_ar_p,,,3.0
2019,2022,6.65704202759067,1.2710109595838928,finale,,,INFLATION_CPI,3,baseline_ar_p,,,3.0
2020,2023,6.09114152504141,1.0565168813108714,finale,,,INFLATION_CPI,3,baseline_ar_p,,,3.0
2021,2024,0.985256592004507,1.2687271089582801,finale,,,INFLATION_CPI,3,baseline_ar_p,,,3.0
2009,2013,1.88065466724086,1.8516973584044263,interne,6.0,2.0,INFLATION_CPI,4,elasticnet,,,
2010,2014,0.442310053557048,1.8936174321188357,interne,7.0,2.0,INFLATION_CPI,4,elasticnet,,,
2011,2015,1.5579071134626,1.7987651143302137,interne,8.0,0.0,INFLATION_CPI,4,elasticnet,,,
2012,2016,1.63531114327064,1.7419159239371,interne,9.0,0.0,INFLATION_CPI,4,elasticnet,,,
2013,2017,0.754663249323619,1.755789798267476,interne,10.0,0.0,INFLATION_CPI,4,elasticnet,,,
2014,2018,1.80391671141896,1.636382548748346,interne,11.0,0.0,INFLATION_CPI,4,elasticnet,,,
2015,2019,0.303386036590383,1.6298429291412007,interne,12.0,0.0,INFLATION_CPI,4,elasticnet,,,
2016,2020,0.705968661338261,1.6302635609973115,interne,13.0,0.0,INFLATION_CPI,4,elasticnet,,,
2017,2021,1.40195883962006,1.567720681592048,finale,14.0,0.0,INFLATION_CPI,4,elasticnet,,,
2018,2022,6.65704202759067,1.5834670835805087,finale,15.0,0.0,INFLATION_CPI,4,elasticnet,,,
2019,2023,6.09114152504141,1.5034620181436256,finale,16.0,0.0,INFLATION_CPI,4,elasticnet,,,
2020,2024,0.985256592004507,1.4565506442138982,finale,17.0,0.0,INFLATION_CPI,4,elasticnet,,,
2005,2009,0.971862998667636,2.1242175602213336,interne,17.0,,INFLATION_CPI,4,panel_avec_effets_fixes,9.0,True,
2006,2010,0.993557401226392,2.5322908965908297,interne,26.0,,INFLATION_CPI,4,panel_avec_effets_fixes,9.0,True,
2007,2011,0.9069249096918,2.658425303597404,interne,35.0,,INFLATION_CPI,4,panel_avec_effets_fixes,9.0,True,
2008,2012,1.28712240079219,3.3921692044834835,interne,44.0,,INFLATION_CPI,4,panel_avec_effets_fixes,9.0,True,
2009,2013,1.88065466724086,2.799665332420255,interne,53.0,,INFLATION_CPI,4,panel_avec_effets_fixes,9.0,True,
2010,2014,0.442310053557048,2.7522962698733355,interne,62.0,,INFLATION_CPI,4,panel_avec_effets_fixes,9.0,True,
2011,2015,1.5579071134626,2.55618963000333,interne,71.0,,INFLATION_CPI,4,panel_avec_effets_fixes,9.0,True,
2012,2016,1.63531114327064,2.508603674859069,interne,80.0,,INFLATION_CPI,4,panel_avec_effets_fixes,9.0,True,
2013,2017,0.754663249323619,2.514744195953431,interne,89.0,,INFLATION_CPI,4,panel_avec_effets_fixes,9.0,True,
2014,2018,1.80391671141896,2.2367188220291108,interne,98.0,,INFLATION_CPI,4,panel_avec_effets_fixes,9.0,True,
2015,2019,0.303386036590383,2.3547423573571167,interne,107.0,,INFLATION_CPI,4,panel_avec_effets_fixes,9.0,True,
2016,2020,0.705968661338261,2.0111670969773288,interne,116.0,,INFLATION_CPI,4,panel_avec_effets_fixes,9.0,True,
2017,2021,1.40195883962006,2.2071804030167304,finale,125.0,,INFLATION_CPI,4,panel_avec_effets_fixes,9.0,True,
2018,2022,6.65704202759067,2.062687542518727,finale,134.0,,INFLATION_CPI,4,panel_avec_effets_fixes,9.0,True,
2019,2023,6.09114152504141,1.8085469453765124,finale,143.0,,INFLATION_CPI,4,panel_avec_effets_fixes,9.0,True,
2020,2024,0.985256592004507,1.1961228493326437,finale,152.0,,INFLATION_CPI,4,panel_avec_effets_fixes,9.0,True,
2005,2009,0.971862998667636,5.638723004981118,interne,15.0,,INFLATION_CPI,4,panel_leave_one_country_out,8.0,False,
2006,2010,0.993557401226392,5.172004480257606,interne,23.0,,INFLATION_CPI,4,panel_leave_one_country_out,8.0,False,
2007,2011,0.9069249096918,4.57659364407507,interne,31.0,,INFLATION_CPI,4,panel_leave_one_country_out,8.0,False,
2008,2012,1.28712240079219,6.191032304288795,interne,39.0,,INFLATION_CPI,4,panel_leave_one_country_out,8.0,False,
2009,2013,1.88065466724086,4.979935194732648,interne,47.0,,INFLATION_CPI,4,panel_leave_one_country_out,8.0,False,
2010,2014,0.442310053557048,4.9146269672882195,interne,55.0,,INFLATION_CPI,4,panel_leave_one_country_out,8.0,False,
2011,2015,1.5579071134626,5.26234970677266,interne,63.0,,INFLATION_CPI,4,panel_leave_one_country_out,8.0,False,
2012,2016,1.63531114327064,4.64505719903747,interne,71.0,,INFLATION_CPI,4,panel_leave_one_country_out,8.0,False,
2013,2017,0.754663249323619,4.957127286143687,interne,79.0,,INFLATION_CPI,4,panel_leave_one_country_out,8.0,False,
2014,2018,1.80391671141896,4.136931614305488,interne,87.0,,INFLATION_CPI,4,panel_leave_one_country_out,8.0,False,
2015,2019,0.303386036590383,4.480601543065843,interne,95.0,,INFLATION_CPI,4,panel_leave_one_country_out,8.0,False,
2016,2020,0.705968661338261,3.6634786711885456,interne,103.0,,INFLATION_CPI,4,panel_leave_one_country_out,8.0,False,
2017,2021,1.40195883962006,4.1594484189817775,finale,111.0,,INFLATION_CPI,4,panel_leave_one_country_out,8.0,False,
2018,2022,6.65704202759067,3.9183756668443728,finale,119.0,,INFLATION_CPI,4,panel_leave_one_country_out,8.0,False,
2019,2023,6.09114152504141,3.6068584422307683,finale,127.0,,INFLATION_CPI,4,panel_leave_one_country_out,8.0,False,
2020,2024,0.985256592004507,2.4046914025128063,finale,135.0,,INFLATION_CPI,4,panel_leave_one_country_out,8.0,False,
2009,2013,1.88065466724086,0.971862998667636,interne,,,INFLATION_CPI,4,baseline_random_walk,,,
2010,2014,0.442310053557048,0.993557401226392,interne,,,INFLATION_CPI,4,baseline_random_walk,,,
2011,2015,1.5579071134626,0.9069249096918,interne,,,INFLATION_CPI,4,baseline_random_walk,,,
2012,2016,1.63531114327064,1.28712240079219,interne,,,INFLATION_CPI,4,baseline_random_walk,,,
2013,2017,0.754663249323619,1.88065466724086,interne,,,INFLATION_CPI,4,baseline_random_walk,,,
2014,2018,1.80391671141896,0.442310053557048,interne,,,INFLATION_CPI,4,baseline_random_walk,,,
2015,2019,0.303386036590383,1.5579071134626,interne,,,INFLATION_CPI,4,baseline_random_walk,,,
2016,2020,0.705968661338261,1.63531114327064,interne,,,INFLATION_CPI,4,baseline_random_walk,,,
2017,2021,1.40195883962006,0.754663249323619,finale,,,INFLATION_CPI,4,baseline_random_walk,,,
2018,2022,6.65704202759067,1.80391671141896,finale,,,INFLATION_CPI,4,baseline_random_walk,,,
2019,2023,6.09114152504141,0.303386036590383,finale,,,INFLATION_CPI,4,baseline_random_walk,,,
2020,2024,0.985256592004507,0.705968661338261,finale,,,INFLATION_CPI,4,baseline_random_walk,,,
2009,2013,1.88065466724086,-0.586871003385138,interne,,,INFLATION_CPI,4,baseline_random_walk_drift,,,
2010,2014,0.442310053557048,-0.4785707264954452,interne,,,INFLATION_CPI,4,baseline_random_walk_drift,,,
2011,2015,1.5579071134626,-0.5089233099508639,interne,,,INFLATION_CPI,4,baseline_random_walk_drift,,,
2012,2016,1.63531114327064,0.011114094675441777,interne,,,INFLATION_CPI,4,baseline_random_walk_drift,,,
2013,2017,0.754663249323619,0.7705616962109947,interne,,,INFLATION_CPI,4,baseline_random_walk_drift,,,
2014,2018,1.80391671141896,-0.8696648950252254,interne,,,INFLATION_CPI,4,baseline_random_walk_drift,,,
2015,2019,0.303386036590383,0.4865306310555133,interne,,,INFLATION_CPI,4,baseline_random_walk_drift,,,
2016,2020,0.705968661338261,0.6191743649291233,interne,,,INFLATION_CPI,4,baseline_random_walk_drift,,,
2017,2021,1.40195883962006,-0.3578756366119966,finale,,,INFLATION_CPI,4,baseline_random_walk_drift,,,
2018,2022,6.65704202759067,0.8880279267543438,finale,,,INFLATION_CPI,4,baseline_random_walk_drift,,,
2019,2023,6.09114152504141,-0.7941539593117223,finale,,,INFLATION_CPI,4,baseline_random_walk_drift,,,
2020,2024,0.985256592004507,-0.2981964899123404,finale,,,INFLATION_CPI,4,baseline_random_walk_drift,,,
2009,2013,1.88065466724086,1.771657407838188,interne,,,INFLATION_CPI,4,baseline_ar_p,,,3.0
2010,2014,0.442310053557048,1.501452080853073,interne,,,INFLATION_CPI,4,baseline_ar_p,,,3.0
2011,2015,1.5579071134626,1.4249026875366635,interne,,,INFLATION_CPI,4,baseline_ar_p,,,3.0
2012,2016,1.63531114327064,1.5081945516852777,interne,,,INFLATION_CPI,4,baseline_ar_p,,,3.0
2013,2017,0.754663249323619,1.7397855542495415,interne,,,INFLATION_CPI,4,baseline_ar_p,,,3.0
2014,2018,1.80391671141896,1.3417651744824954,interne,,,INFLATION_CPI,4,baseline_ar_p,,,3.0
2015,2019,0.303386036590383,1.4713138578823166,interne,,,INFLATION_CPI,4,baseline_ar_p,,,3.0
2016,2020,0.705968661338261,1.6137933618581772,interne,,,INFLATION_CPI,4,baseline_ar_p,,,3.0
2017,2021,1.40195883962006,1.3760811350085478,finale,,,INFLATION_CPI,4,baseline_ar_p,,,3.0
2018,2022,6.65704202759067,1.5263202596361887,finale,,,INFLATION_CPI,4,baseline_ar_p,,,3.0
2019,2023,6.09114152504141,1.2320524458520805,finale,,,INFLATION_CPI,4,baseline_ar_p,,,3.0
2020,2024,0.985256592004507,1.1173624328017584,finale,,,INFLATION_CPI,4,baseline_ar_p,,,3.0
2010,2015,1.5579071134626,1.9982919951886948,interne,6.0,0.0,INFLATION_CPI,5,elasticnet,,,
2011,2016,1.63531114327064,1.842382411546281,interne,7.0,0.0,INFLATION_CPI,5,elasticnet,,,
2012,2017,0.754663249323619,1.77297491020202,interne,8.0,0.0,INFLATION_CPI,5,elasticnet,,,
2013,2018,1.80391671141896,1.7849393276507801,interne,9.0,0.0,INFLATION_CPI,5,elasticnet,,,
2014,2019,0.303386036590383,1.650676400241407,interne,10.0,0.0,INFLATION_CPI,5,elasticnet,,,
2015,2020,0.705968661338261,1.6422428287160609,interne,11.0,0.0,INFLATION_CPI,5,elasticnet,,,
2016,2021,1.40195883962006,1.641665188262276,finale,12.0,0.0,INFLATION_CPI,5,elasticnet,,,
2017,2022,6.65704202759067,1.5734342698823793,finale,13.0,0.0,INFLATION_CPI,5,elasticnet,,,
2018,2023,6.09114152504141,1.5898973014207065,finale,14.0,0.0,INFLATION_CPI,5,elasticnet,,,
2019,2024,0.985256592004507,1.5041298837653516,finale,15.0,0.0,INFLATION_CPI,5,elasticnet,,,
2006,2011,0.9069249096918,3.0926983918754942,interne,17.0,,INFLATION_CPI,5,panel_avec_effets_fixes,9.0,True,
2007,2012,1.28712240079219,2.6416205698962134,interne,26.0,,INFLATION_CPI,5,panel_avec_effets_fixes,9.0,True,
2008,2013,1.88065466724086,3.2672185511526757,interne,35.0,,INFLATION_CPI,5,panel_avec_effets_fixes,9.0,True,
2009,2014,0.442310053557048,2.9534032849122505,interne,44.0,,INFLATION_CPI,5,panel_avec_effets_fixes,9.0,True,
2010,2015,1.5579071134626,2.656649922914224,interne,53.0,,INFLATION_CPI,5,panel_avec_effets_fixes,9.0,True,
2011,2016,1.63531114327064,2.526194662788358,interne,62.0,,INFLATION_CPI,5,panel_avec_effets_fixes,9.0,True,
2012,2017,0.754663249323619,2.4535035867421366,interne,71.0,,INFLATION_CPI,5,panel_avec_effets_fixes,9.0,True,
2013,2018,1.80391671141896,2.4630438444368075,interne,80.0,,INFLATION_CPI,5,panel_avec_effets_fixes,9.0,True,
2014,2019,0.303386036590383,2.2669338810361643,interne,89.0,,INFLATION_CPI,5,panel_avec_effets_fixes,9.0,True,
2015,2020,0.705968661338261,2.2608057771014907,interne,98.0,,INFLATION_CPI,5,panel_avec_effets_fixes,9.0,True,
2016,2021,1.40195883962006,2.282290963657435,finale,107.0,,INFLATION_CPI,5,panel_avec_effets_fixes,9.0,True,
2017,2022,6.65704202759067,1.9547724053310005,finale,116.0,,INFLATION_CPI,5,panel_avec_effets_fixes,9.0,True,
2018,2023,6.09114152504141,2.0958021523628076,finale,125.0,,INFLATION_CPI,5,panel_avec_effets_fixes,9.0,True,
2019,2024,0.985256592004507,1.813764555404335,finale,134.0,,INFLATION_CPI,5,panel_avec_effets_fixes,9.0,True,
2006,2011,0.9069249096918,5.461621020556858,interne,15.0,,INFLATION_CPI,5,panel_leave_one_country_out,8.0,False,
2007,2012,1.28712240079219,4.822028801822823,interne,23.0,,INFLATION_CPI,5,panel_leave_one_country_out,8.0,False,
2008,2013,1.88065466724086,6.364390987738995,interne,31.0,,INFLATION_CPI,5,panel_leave_one_country_out,8.0,False,
2009,2014,0.442310053557048,5.8596555027266355,interne,39.0,,INFLATION_CPI,5,panel_leave_one_country_out,8.0,False,
2010,2015,1.5579071134626,5.0996428097132815,interne,47.0,,INFLATION_CPI,5,panel_leave_one_country_out,8.0,False,
2011,2016,1.63531114327064,5.454860458666147,interne,55.0,,INFLATION_CPI,5,panel_leave_one_country_out,8.0,False,
2012,2017,0.754663249323619,5.027740001982099,interne,63.0,,INFLATION_CPI,5,panel_leave_one_country_out,8.0,False,
2013,2018,1.80391671141896,4.6474063142540984,interne,71.0,,INFLATION_CPI,5,panel_leave_one_country_out,8.0,False,
2014,2019,0.303386036590383,4.363333752986714,interne,79.0,,INFLATION_CPI,5,panel_leave_one_country_out,8.0,False,
2015,2020,0.705968661338261,4.208589631592168,interne,87.0,,INFLATION_CPI,5,panel_leave_one_country_out,8.0,False,
2016,2021,1.40195883962006,3.926114340900453,finale,95.0,,INFLATION_CPI,5,panel_leave_one_country_out,8.0,False,
2017,2022,6.65704202759067,3.5466464895487944,finale,103.0,,INFLATION_CPI,5,panel_leave_one_country_out,8.0,False,
2018,2023,6.09114152504141,3.833766845604521,finale,111.0,,INFLATION_CPI,5,panel_leave_one_country_out,8.0,False,
2019,2024,0.985256592004507,3.309989364423275,finale,119.0,,INFLATION_CPI,5,panel_leave_one_country_out,8.0,False,
2010,2015,1.5579071134626,0.993557401226392,interne,,,INFLATION_CPI,5,baseline_random_walk,,,
2011,2016,1.63531114327064,0.9069249096918,interne,,,INFLATION_CPI,5,baseline_random_walk,,,
2012,2017,0.754663249323619,1.28712240079219,interne,,,INFLATION_CPI,5,baseline_random_walk,,,
2013,2018,1.80391671141896,1.88065466724086,interne,,,INFLATION_CPI,5,baseline_random_walk,,,
2014,2019,0.303386036590383,0.442310053557048,interne,,,INFLATION_CPI,5,baseline_random_walk,,,
2015,2020,0.705968661338261,1.5579071134626,interne,,,INFLATION_CPI,5,baseline_random_walk,,,
2016,2021,1.40195883962006,1.63531114327064,finale,,,INFLATION_CPI,5,baseline_random_walk,,,
2017,2022,6.65704202759067,0.754663249323619,finale,,,INFLATION_CPI,5,baseline_random_walk,,,
2018,2023,6.09114152504141,1.80391671141896,finale,,,INFLATION_CPI,5,baseline_random_walk,,,
2019,2024,0.985256592004507,0.303386036590383,finale,,,INFLATION_CPI,5,baseline_random_walk,,,
2010,2015,1.5579071134626,-0.8466027584259045,interne,,,INFLATION_CPI,5,baseline_random_walk_drift,,,
2011,2016,1.63531114327064,-0.8628853648615298,interne,,,INFLATION_CPI,5,baseline_random_walk_drift,,,
2012,2017,0.754663249323619,-0.3078879818537452,interne,,,INFLATION_CPI,5,baseline_random_walk_drift,,,
2013,2018,1.80391671141896,0.49303845345352837,interne,,,INFLATION_CPI,5,baseline_random_walk_drift,,,
2014,2019,0.303386036590383,-1.1976586321707936,interne,,,INFLATION_CPI,5,baseline_random_walk_drift,,,
2015,2020,0.705968661338261,0.21868651045374166,interne,,,INFLATION_CPI,5,baseline_random_walk_drift,,,
2016,2021,1.40195883962006,0.365140170343744,finale,,,INFLATION_CPI,5,baseline_random_walk_drift,,,
2017,2022,6.65704202759067,-0.6360103580959005,finale,,,INFLATION_CPI,5,baseline_random_walk_drift,,,
2018,2023,6.09114152504141,0.6590557305881897,finale,,,INFLATION_CPI,5,baseline_random_walk_drift,,,
2019,2024,0.985256592004507,-1.0685389582872484,finale,,,INFLATION_CPI,5,baseline_random_walk_drift,,,
2010,2015,1.5579071134626,1.55371889144449,interne,,,INFLATION_CPI,5,baseline_ar_p,,,3.0
2011,2016,1.63531114327064,1.4823883187386027,interne,,,INFLATION_CPI,5,baseline_ar_p,,,3.0
2012,2017,0.754663249323619,1.5307294504913052,interne,,,INFLATION_CPI,5,baseline_ar_p,,,3.0
2013,2018,1.80391671141896,1.7207440049229326,interne,,,INFLATION_CPI,5,baseline_ar_p,,,3.0
2014,2019,0.303386036590383,1.4347190331746202,interne,,,INFLATION_CPI,5,baseline_ar_p,,,3.0
2015,2020,0.705968661338261,1.4651112620426303,interne,,,INFLATION_CPI,5,baseline_ar_p,,,3.0
2016,2021,1.40195883962006,1.612435529849671,finale,,,INFLATION_CPI,5,baseline_ar_p,,,3.0
2017,2022,6.65704202759067,1.4205441445828488,finale,,,INFLATION_CPI,5,baseline_ar_p,,,3.0
2018,2023,6.09114152504141,1.5192926797823305,finale,,,INFLATION_CPI,5,baseline_ar_p,,,3.0
2019,2024,0.985256592004507,1.3115026894262363,finale,,,INFLATION_CPI,5,baseline_ar_p,,,3.0
2006,2007,-0.11621977601717,-3.74540900163375,interne,6.0,0.0,SOBG,1,elasticnet,,,
2007,2008,0.6259062355813,-2.86831554135986,interne,7.0,2.0,SOBG,1,elasticnet,,,
2008,2009,-1.6292201850072,-1.6701679102382938,interne,8.0,3.0,SOBG,1,elasticnet,,,
2009,2010,-3.9322696122225,-2.505143671787172,interne,9.0,3.0,SOBG,1,elasticnet,,,
2010,2011,-6.0753401134425,-2.861283782128015,interne,10.0,2.0,SOBG,1,elasticnet,,,
2011,2012,-6.6317595696544,-2.9811782469265355,interne,11.0,4.0,SOBG,1,elasticnet,,,
2012,2013,-4.7017527249975,-4.282056052844482,interne,12.0,5.0,SOBG,1,elasticnet,,,
2013,2014,-4.7796503883354,-3.9943040161389525,interne,13.0,5.0,SOBG,1,elasticnet,,,
2014,2015,-4.5930742477301,-3.7501048270199355,interne,14.0,3.0,SOBG,1,elasticnet,,,
2015,2016,-4.4855400029957,-3.547394748975521,interne,15.0,3.0,SOBG,1,elasticnet,,,
2016,2017,-3.3034872638492,-3.892671570502909,interne,16.0,2.0,SOBG,1,elasticnet,,,
2017,2018,-3.5214990834454,-3.6400663659828605,interne,17.0,2.0,SOBG,1,elasticnet,,,
2018,2019,-3.8036360454124,-3.6542216490994774,interne,18.0,2.0,SOBG,1,elasticnet,,,
2019,2020,-7.1470874560234,-3.674251208775405,interne,19.0,2.0,SOBG,1,elasticnet,,,
2020,2021,-5.9244105125583,-4.3839181602453605,finale,20.0,2.0,SOBG,1,elasticnet,,,
2021,2022,-5.3656212805282,-4.228487898072258,finale,21.0,1.0,SOBG,1,elasticnet,,,
2022,2023,-4.4062396285274,-4.209817705067504,finale,22.0,1.0,SOBG,1,elasticnet,,,
2023,2024,-3.922221571142,-4.076191608401362,finale,23.0,1.0,SOBG,1,elasticnet,,,
2002,2003,-3.7449225262748,-4.152480442186389,interne,11.0,,SOBG,1,panel_avec_effets_fixes,6.0,True,
2003,2004,-3.3133721046275,-4.010531862042315,interne,17.0,,SOBG,1,panel_avec_effets_fixes,6.0,True,
2004,2005,-5.4551361961385,-3.3813415622610163,interne,23.0,,SOBG,1,panel_avec_effets_fixes,6.0,True,
2005,2006,-1.8003547749215,-5.150794873599645,interne,30.0,,SOBG,1,panel_avec_effets_fixes,7.0,True,
2006,2007,-0.11621977601717,-1.4667843954939601,interne,39.0,,SOBG,1,panel_avec_effets_fixes,9.0,True,
2007,2008,0.6259062355813,-0.31638206891068144,interne,48.0,,SOBG,1,panel_avec_effets_fixes,9.0,True,
2008,2009,-1.6292201850072,0.15621515465046643,interne,57.0,,SOBG,1,panel_avec_effets_fixes,9.0,True,
2009,2010,-3.9322696122225,-3.29753772235253,interne,66.0,,SOBG,1,panel_avec_effets_fixes,9.0,True,
2010,2011,-6.0753401134425,-3.831894904193907,interne,75.0,,SOBG,1,panel_avec_effets_fixes,9.0,True,
2011,2012,-6.6317595696544,-4.576168175558425,interne,84.0,,SOBG,1,panel_avec_effets_fixes,9.0,True,
2012,2013,-4.7017527249975,-4.869851808163588,interne,93.0,,SOBG,1,panel_avec_effets_fixes,9.0,True,
2013,2014,-4.7796503883354,-3.7864984450698587,interne,102.0,,SOBG,1,panel_avec_effets_fixes,9.0,True,
2014,2015,-4.5930742477301,-3.9268114782936108,interne,111.0,,SOBG,1,panel_avec_effets_fixes,9.0,True,
2015,2016,-4.4855400029957,-3.703429340952937,interne,120.0,,SOBG,1,panel_avec_effets_fixes,9.0,True,
2016,2017,-3.3034872638492,-3.8079637778589963,interne,129.0,,SOBG,1,panel_avec_effets_fixes,9.0,True,
2017,2018,-3.5214990834454,-3.0017398659235983,interne,138.0,,SOBG,1,panel_avec_effets_fixes,9.0,True,
2018,2019,-3.8036360454124,-3.214303963070573,interne,147.0,,SOBG,1,panel_avec_effets_fixes,9.0,True,
2019,2020,-7.1470874560234,-3.3181633941512367,interne,156.0,,SOBG,1,panel_avec_effets_fixes,9.0,True,
2020,2021,-5.9244105125583,-6.3769612368726225,finale,165.0,,SOBG,1,panel_avec_effets_fixes,9.0,True,
2021,2022,-5.3656212805282,-4.508164730701328,finale,174.0,,SOBG,1,panel_avec_effets_fixes,9.0,True,
2022,2023,-4.4062396285274,-4.384518325296611,finale,183.0,,SOBG,1,panel_avec_effets_fixes,9.0,True,
2023,2024,-3.922221571142,-3.567352707298934,finale,192.0,,SOBG,1,panel_avec_effets_fixes,9.0,True,
2003,2004,-3.3133721046275,-4.10470437604537,interne,14.0,,SOBG,1,panel_leave_one_country_out,5.0,False,
2004,2005,-5.4551361961385,-3.879760374892853,interne,19.0,,SOBG,1,panel_leave_one_country_out,5.0,False,
2005,2006,-1.8003547749215,-4.8019558985389335,interne,25.0,,SOBG,1,panel_leave_one_country_out,6.0,False,
2006,2007,-0.11621977601717,-1.42570728384622,interne,33.0,,SOBG,1,panel_leave_one_country_out,8.0,False,
2007,2008,0.6259062355813,0.04284796006671465,interne,41.0,,SOBG,1,panel_leave_one_country_out,8.0,False,
2008,2009,-1.6292201850072,0.36933519352126876,interne,49.0,,SOBG,1,panel_leave_one_country_out,8.0,False,
2009,2010,-3.9322696122225,-3.216759340123102,interne,57.0,,SOBG,1,panel_leave_one_country_out,8.0,False,
2010,2011,-6.0753401134425,-3.728765149379167,interne,65.0,,SOBG,1,panel_leave_one_country_out,8.0,False,
2011,2012,-6.6317595696544,-4.467799982966884,interne,73.0,,SOBG,1,panel_leave_one_country_out,8.0,False,
2012,2013,-4.7017527249975,-5.075076760838806,interne,81.0,,SOBG,1,panel_leave_one_country_out,8.0,False,
2013,2014,-4.7796503883354,-4.002486351530788,interne,89.0,,SOBG,1,panel_leave_one_country_out,8.0,False,
2014,2015,-4.5930742477301,-4.188398566050701,interne,97.0,,SOBG,1,panel_leave_one_country_out,8.0,False,
2015,2016,-4.4855400029957,-3.915038508720982,interne,105.0,,SOBG,1,panel_leave_one_country_out,8.0,False,
2016,2017,-3.3034872638492,-3.845232264392539,interne,113.0,,SOBG,1,panel_leave_one_country_out,8.0,False,
2017,2018,-3.5214990834454,-2.9337534140009525,interne,121.0,,SOBG,1,panel_leave_one_country_out,8.0,False,
2018,2019,-3.8036360454124,-3.08891389624629,interne,129.0,,SOBG,1,panel_leave_one_country_out,8.0,False,
2019,2020,-7.1470874560234,-3.192987104191532,interne,137.0,,SOBG,1,panel_leave_one_country_out,8.0,False,
2020,2021,-5.9244105125583,-6.310241973943335,finale,145.0,,SOBG,1,panel_leave_one_country_out,8.0,False,
2021,2022,-5.3656212805282,-4.42357830527754,finale,153.0,,SOBG,1,panel_leave_one_country_out,8.0,False,
2022,2023,-4.4062396285274,-4.5058472586392,finale,161.0,,SOBG,1,panel_leave_one_country_out,8.0,False,
2023,2024,-3.922221571142,-3.5894689599537957,finale,169.0,,SOBG,1,panel_leave_one_country_out,8.0,False,
2006,2007,-0.11621977601717,-1.8003547749215,interne,,,SOBG,1,baseline_random_walk,,,
2007,2008,0.6259062355813,-0.11621977601717,interne,,,SOBG,1,baseline_random_walk,,,
2008,2009,-1.6292201850072,0.6259062355813,interne,,,SOBG,1,baseline_random_walk,,,
2009,2010,-3.9322696122225,-1.6292201850072,interne,,,SOBG,1,baseline_random_walk,,,
2010,2011,-6.0753401134425,-3.9322696122225,interne,,,SOBG,1,baseline_random_walk,,,
2011,2012,-6.6317595696544,-6.0753401134425,interne,,,SOBG,1,baseline_random_walk,,,
2012,2013,-4.7017527249975,-6.6317595696544,interne,,,SOBG,1,baseline_random_walk,,,
2013,2014,-4.7796503883354,-4.7017527249975,interne,,,SOBG,1,baseline_random_walk,,,
2014,2015,-4.5930742477301,-4.7796503883354,interne,,,SOBG,1,baseline_random_walk,,,
2015,2016,-4.4855400029957,-4.5930742477301,interne,,,SOBG,1,baseline_random_walk,,,
2016,2017,-3.3034872638492,-4.4855400029957,interne,,,SOBG,1,baseline_random_walk,,,
2017,2018,-3.5214990834454,-3.3034872638492,interne,,,SOBG,1,baseline_random_walk,,,
2018,2019,-3.8036360454124,-3.5214990834454,interne,,,SOBG,1,baseline_random_walk,,,
2019,2020,-7.1470874560234,-3.8036360454124,interne,,,SOBG,1,baseline_random_walk,,,
2020,2021,-5.9244105125583,-7.1470874560234,finale,,,SOBG,1,baseline_random_walk,,,
2021,2022,-5.3656212805282,-5.9244105125583,finale,,,SOBG,1,baseline_random_walk,,,
2022,2023,-4.4062396285274,-5.3656212805282,finale,,,SOBG,1,baseline_random_walk,,,
2023,2024,-3.922221571142,-4.4062396285274,finale,,,SOBG,1,baseline_random_walk,,,
2006,2007,-0.11621977601717,-1.8606228662060835,interne,,,SOBG,1,baseline_random_walk_drift,,,
2007,2008,0.6259062355813,-0.06746267416494635,interne,,,SOBG,1,baseline_random_walk_drift,,,
2008,2009,-1.6292201850072,0.7154497438891851,interne,,,SOBG,1,baseline_random_walk_drift,,,
2009,2010,-3.9322696122225,-1.6699361171935583,interne,,,SOBG,1,baseline_random_walk_drift,,,
2010,2011,-6.0753401134425,-4.09205572835775,interne,,,SOBG,1,baseline_random_walk_drift,,,
2011,2012,-6.6317595696544,-6.334290448831987,interne,,,SOBG,1,baseline_random_walk_drift,,,
2012,2013,-4.7017527249975,-6.904875101273526,interne,,,SOBG,1,baseline_random_walk_drift,,,
2013,2014,-4.7796503883354,-4.874726330422262,interne,,,SOBG,1,baseline_random_walk_drift,,,
2014,2015,-4.5930742477301,-4.9484902571476885,interne,,,SOBG,1,baseline_random_walk_drift,,,
2015,2016,-4.4855400029957,-4.7471051161499895,interne,,,SOBG,1,baseline_random_walk_drift,,,
2016,2017,-3.3034872638492,-4.629108266889418,interne,,,SOBG,1,baseline_random_walk_drift,,,
2017,2018,-3.5214990834454,-3.3960701045490636,interne,,,SOBG,1,baseline_random_walk_drift,,,
2018,2019,-3.8036360454124,-3.618727441882165,interne,,,SOBG,1,baseline_random_walk_drift,,,
2019,2020,-7.1470874560234,-3.9074682825466733,interne,,,SOBG,1,baseline_random_walk_drift,,,
2020,2021,-5.9244105125583,-7.36263069913963,finale,,,SOBG,1,baseline_random_walk_drift,,,
2021,2022,-5.3656212805282,-6.092013082788485,finale,,,SOBG,1,baseline_random_walk_drift,,,
2022,2023,-4.4062396285274,-5.509791857137086,finale,,,SOBG,1,baseline_random_walk_drift,,,
2023,2024,-3.922221571142,-4.515924197992233,finale,,,SOBG,1,baseline_random_walk_drift,,,
2006,2007,-0.11621977601717,-1.329883932216089,interne,,,SOBG,1,baseline_ar_p,,,3.0
2007,2008,0.6259062355813,0.669290581797621,interne,,,SOBG,1,baseline_ar_p,,,3.0
2008,2009,-1.6292201850072,0.13073857288202148,interne,,,SOBG,1,baseline_ar_p,,,3.0
2009,2010,-3.9322696122225,-2.155376745863868,interne,,,SOBG,1,baseline_ar_p,,,3.0
2010,2011,-6.0753401134425,-3.948605650841606,interne,,,SOBG,1,baseline_ar_p,,,3.0
2011,2012,-6.6317595696544,-5.030204599403932,interne,,,SOBG,1,baseline_ar_p,,,3.0
2012,2013,-4.7017527249975,-4.8168247569704725,interne,,,SOBG,1,baseline_ar_p,,,3.0
2013,2014,-4.7796503883354,-2.389383810355632,interne,,,SOBG,1,baseline_ar_p,,,3.0
2014,2015,-4.5930742477301,-3.0689907157118927,interne,,,SOBG,1,baseline_ar_p,,,3.0
2015,2016,-4.4855400029957,-3.5996085579363704,interne,,,SOBG,1,baseline_ar_p,,,3.0
2016,2017,-3.3034872638492,-3.6061117809091865,interne,,,SOBG,1,baseline_ar_p,,,3.0
2017,2018,-3.5214990834454,-2.5662159893148835,interne,,,SOBG,1,baseline_ar_p,,,3.0
2018,2019,-3.8036360454124,-3.019806723531232,interne,,,SOBG,1,baseline_ar_p,,,3.0
2019,2020,-7.1470874560234,-3.472018836390873,interne,,,SOBG,1,baseline_ar_p,,,3.0
2020,2021,-5.9244105125583,-6.665677964907965,finale,,,SOBG,1,baseline_ar_p,,,3.0
2021,2022,-5.3656212805282,-4.917355911450494,finale,,,SOBG,1,baseline_ar_p,,,3.0
2022,2023,-4.4062396285274,-4.143872732229215,finale,,,SOBG,1,baseline_ar_p,,,3.0
2023,2024,-3.922221571142,-3.5688583811858026,finale,,,SOBG,1,baseline_ar_p,,,3.0
2007,2009,-1.6292201850072,-1.1433029527154217,interne,6.0,4.0,SOBG,2,elasticnet,,,
2008,2010,-3.9322696122225,-0.7500822895515331,interne,7.0,4.0,SOBG,2,elasticnet,,,
2009,2011,-6.0753401134425,-1.861652743611237,interne,8.0,4.0,SOBG,2,elasticnet,,,
2010,2012,-6.6317595696544,-2.1690498927097703,interne,9.0,3.0,SOBG,2,elasticnet,,,
2011,2013,-4.7017527249975,-2.458681710323301,interne,10.0,6.0,SOBG,2,elasticnet,,,
2012,2014,-4.7796503883354,-3.4636930933831036,interne,11.0,6.0,SOBG,2,elasticnet,,,
2013,2015,-4.5930742477301,-3.6358464415538325,interne,12.0,5.0,SOBG,2,elasticnet,,,
2014,2016,-4.4855400029957,-3.370258186239398,interne,13.0,5.0,SOBG,2,elasticnet,,,
2015,2017,-3.3034872638492,-2.996985961099952,interne,14.0,6.0,SOBG,2,elasticnet,,,
2016,2018,-3.5214990834454,-2.8129753765552907,interne,15.0,4.0,SOBG,2,elasticnet,,,
2017,2019,-3.8036360454124,-2.8673799915442126,interne,16.0,4.0,SOBG,2,elasticnet,,,
2018,2020,-7.1470874560234,-3.134704978119116,interne,17.0,4.0,SOBG,2,elasticnet,,,
2019,2021,-5.9244105125583,-3.3317166895622883,finale,18.0,3.0,SOBG,2,elasticnet,,,
2020,2022,-5.3656212805282,-4.421892680302946,finale,19.0,2.0,SOBG,2,elasticnet,,,
2021,2023,-4.4062396285274,-3.8199488169531843,finale,20.0,1.0,SOBG,2,elasticnet,,,
2022,2024,-3.922221571142,-4.021447177858726,finale,21.0,2.0,SOBG,2,elasticnet,,,
2003,2005,-5.4551361961385,-3.7673272191022584,interne,11.0,,SOBG,2,panel_avec_effets_fixes,6.0,True,
2004,2006,-1.8003547749215,-3.522173475416115,interne,17.0,,SOBG,2,panel_avec_effets_fixes,6.0,True,
2005,2007,-0.11621977601717,-5.2808679948330255,interne,23.0,,SOBG,2,panel_avec_effets_fixes,6.0,True,
2006,2008,0.6259062355813,-1.7921997103179974,interne,30.0,,SOBG,2,panel_avec_effets_fixes,7.0,True,
2007,2009,-1.6292201850072,-0.9860323370143929,interne,39.0,,SOBG,2,panel_avec_effets_fixes,9.0,True,
2008,2010,-3.9322696122225,-0.6508281522066055,interne,48.0,,SOBG,2,panel_avec_effets_fixes,9.0,True,
2009,2011,-6.0753401134425,-3.4518020688422824,interne,57.0,,SOBG,2,panel_avec_effets_fixes,9.0,True,
2010,2012,-6.6317595696544,-3.468086115253696,interne,66.0,,SOBG,2,panel_avec_effets_fixes,9.0,True,
2011,2013,-4.7017527249975,-2.72928039316206,interne,75.0,,SOBG,2,panel_avec_effets_fixes,9.0,True,
2012,2014,-4.7796503883354,-3.5422428514123814,interne,84.0,,SOBG,2,panel_avec_effets_fixes,9.0,True,
2013,2015,-4.5930742477301,-3.38817431783171,interne,93.0,,SOBG,2,panel_avec_effets_fixes,9.0,True,
2014,2016,-4.4855400029957,-3.198513989044228,interne,102.0,,SOBG,2,panel_avec_effets_fixes,9.0,True,
2015,2017,-3.3034872638492,-2.8142851870399515,interne,111.0,,SOBG,2,panel_avec_effets_fixes,9.0,True,
2016,2018,-3.5214990834454,-3.0415569043136528,interne,120.0,,SOBG,2,panel_avec_effets_fixes,9.0,True,
2017,2019,-3.8036360454124,-2.6719137612903645,interne,129.0,,SOBG,2,panel_avec_effets_fixes,9.0,True,
2018,2020,-7.1470874560234,-2.762536465477799,interne,138.0,,SOBG,2,panel_avec_effets_fixes,9.0,True,
2019,2021,-5.9244105125583,-2.949807592680231,finale,147.0,,SOBG,2,panel_avec_effets_fixes,9.0,True,
2020,2022,-5.3656212805282,-5.3499570048049865,finale,156.0,,SOBG,2,panel_avec_effets_fixes,9.0,True,
2021,2023,-4.4062396285274,-3.6884599153746156,finale,165.0,,SOBG,2,panel_avec_effets_fixes,9.0,True,
2022,2024,-3.922221571142,-3.8708130996326755,finale,174.0,,SOBG,2,panel_avec_effets_fixes,9.0,True,
2004,2006,-1.8003547749215,-4.082644452880789,interne,14.0,,SOBG,2,panel_leave_one_country_out,5.0,False,
2005,2007,-0.11621977601717,-5.470446171376414,interne,19.0,,SOBG,2,panel_leave_one_country_out,5.0,False,
2006,2008,0.6259062355813,-1.612880192490862,interne,25.0,,SOBG,2,panel_leave_one_country_out,6.0,False,
2007,2009,-1.6292201850072,-0.6044856913930481,interne,33.0,,SOBG,2,panel_leave_one_country_out,8.0,False,
2008,2010,-3.9322696122225,-0.2430886944435124,interne,41.0,,SOBG,2,panel_leave_one_country_out,8.0,False,
2009,2011,-6.0753401134425,-3.8986730767603,interne,49.0,,SOBG,2,panel_leave_one_country_out,8.0,False,
2010,2012,-6.6317595696544,-4.508794447894045,interne,57.0,,SOBG,2,panel_leave_one_country_out,8.0,False,
2011,2013,-4.7017527249975,-3.6749745232385442,interne,65.0,,SOBG,2,panel_leave_one_country_out,8.0,False,
2012,2014,-4.7796503883354,-4.533001265177708,interne,73.0,,SOBG,2,panel_leave_one_country_out,8.0,False,
2013,2015,-4.5930742477301,-4.369512835926647,interne,81.0,,SOBG,2,panel_leave_one_country_out,8.0,False,
2014,2016,-4.4855400029957,-4.182213086155176,interne,89.0,,SOBG,2,panel_leave_one_country_out,8.0,False,
2015,2017,-3.3034872638492,-3.6465886023289458,interne,97.0,,SOBG,2,panel_leave_one_country_out,8.0,False,
2016,2018,-3.5214990834454,-3.499158276938679,interne,105.0,,SOBG,2,panel_leave_one_country_out,8.0,False,
2017,2019,-3.8036360454124,-2.8359258987883584,interne,113.0,,SOBG,2,panel_leave_one_country_out,8.0,False,
2018,2020,-7.1470874560234,-2.9058259276682237,interne,121.0,,SOBG,2,panel_leave_one_country_out,8.0,False,
2019,2021,-5.9244105125583,-2.923385296104773,finale,129.0,,SOBG,2,panel_leave_one_country_out,8.0,False,
2020,2022,-5.3656212805282,-5.266650111666845,finale,137.0,,SOBG,2,panel_leave_one_country_out,8.0,False,
2021,2023,-4.4062396285274,-3.590419414877874,finale,145.0,,SOBG,2,panel_leave_one_country_out,8.0,False,
2022,2024,-3.922221571142,-3.6955393151835922,finale,153.0,,SOBG,2,panel_leave_one_country_out,8.0,False,
2007,2009,-1.6292201850072,-0.11621977601717,interne,,,SOBG,2,baseline_random_walk,,,
2008,2010,-3.9322696122225,0.6259062355813,interne,,,SOBG,2,baseline_random_walk,,,
2009,2011,-6.0753401134425,-1.6292201850072,interne,,,SOBG,2,baseline_random_walk,,,
2010,2012,-6.6317595696544,-3.9322696122225,interne,,,SOBG,2,baseline_random_walk,,,
2011,2013,-4.7017527249975,-6.0753401134425,interne,,,SOBG,2,baseline_random_walk,,,
2012,2014,-4.7796503883354,-6.6317595696544,interne,,,SOBG,2,baseline_random_walk,,,
2013,2015,-4.5930742477301,-4.7017527249975,interne,,,SOBG,2,baseline_random_walk,,,
2014,2016,-4.4855400029957,-4.7796503883354,interne,,,SOBG,2,baseline_random_walk,,,
2015,2017,-3.3034872638492,-4.5930742477301,interne,,,SOBG,2,baseline_random_walk,,,
2016,2018,-3.5214990834454,-4.4855400029957,interne,,,SOBG,2,baseline_random_walk,,,
2017,2019,-3.8036360454124,-3.3034872638492,interne,,,SOBG,2,baseline_random_walk,,,
2018,2020,-7.1470874560234,-3.5214990834454,interne,,,SOBG,2,baseline_random_walk,,,
2019,2021,-5.9244105125583,-3.8036360454124,finale,,,SOBG,2,baseline_random_walk,,,
2020,2022,-5.3656212805282,-7.1470874560234,finale,,,SOBG,2,baseline_random_walk,,,
2021,2023,-4.4062396285274,-5.9244105125583,finale,,,SOBG,2,baseline_random_walk,,,
2022,2024,-3.922221571142,-5.3656212805282,finale,,,SOBG,2,baseline_random_walk,,,
2007,2009,-1.6292201850072,-0.0187055723127227,interne,,,SOBG,2,baseline_random_walk_drift,,,
2008,2010,-3.9322696122225,0.8049932521970704,interne,,,SOBG,2,baseline_random_walk_drift,,,
2009,2011,-6.0753401134425,-1.7106520493799167,interne,,,SOBG,2,baseline_random_walk_drift,,,
2010,2012,-6.6317595696544,-4.251841844493001,interne,,,SOBG,2,baseline_random_walk_drift,,,
2011,2013,-4.7017527249975,-6.593240784221475,interne,,,SOBG,2,baseline_random_walk_drift,,,
2012,2014,-4.7796503883354,-7.177990632892652,interne,,,SOBG,2,baseline_random_walk_drift,,,
2013,2015,-4.5930742477301,-5.047699935847023,interne,,,SOBG,2,baseline_random_walk_drift,,,
2014,2016,-4.4855400029957,-5.117330125959978,interne,,,SOBG,2,baseline_random_walk_drift,,,
2015,2017,-3.3034872638492,-4.90113598456988,interne,,,SOBG,2,baseline_random_walk_drift,,,
2016,2018,-3.5214990834454,-4.772676530783136,interne,,,SOBG,2,baseline_random_walk_drift,,,
2017,2019,-3.8036360454124,-3.488652945248927,interne,,,SOBG,2,baseline_random_walk_drift,,,
2018,2020,-7.1470874560234,-3.7159558003189295,interne,,,SOBG,2,baseline_random_walk_drift,,,
2019,2021,-5.9244105125583,-4.011300519680947,finale,,,SOBG,2,baseline_random_walk_drift,,,
2020,2022,-5.3656212805282,-7.578173942255859,finale,,,SOBG,2,baseline_random_walk_drift,,,
2021,2023,-4.4062396285274,-6.2596156530186695,finale,,,SOBG,2,baseline_random_walk_drift,,,
2022,2024,-3.922221571142,-5.653962433745971,finale,,,SOBG,2,baseline_random_walk_drift,,,
2007,2009,-1.6292201850072,0.16959313618202676,interne,,,SOBG,2,baseline_ar_p,,,3.0
2008,2010,-3.9322696122225,-0.7268101078804482,interne,,,SOBG,2,baseline_ar_p,,,3.0
2009,2011,-6.0753401134425,-2.49596416470174,interne,,,SOBG,2,baseline_ar_p,,,3.0
2010,2012,-6.6317595696544,-3.0585084050303943,interne,,,SOBG,2,baseline_ar_p,,,3.0
2011,2013,-4.7017527249975,-3.168888049401179,interne,,,SOBG,2,baseline_ar_p,,,3.0
2012,2014,-4.7796503883354,-2.513822836269535,interne,,,SOBG,2,baseline_ar_p,,,3.0
2013,2015,-4.5930742477301,-0.5289341582308192,interne,,,SOBG,2,baseline_ar_p,,,3.0
2014,2016,-4.4855400029957,-2.0771085306962553,interne,,,SOBG,2,baseline_ar_p,,,3.0
2015,2017,-3.3034872638492,-2.7282527929916753,interne,,,SOBG,2,baseline_ar_p,,,3.0
2016,2018,-3.5214990834454,-2.8619628171295175,interne,,,SOBG,2,baseline_ar_p,,,3.0
2017,2019,-3.8036360454124,-2.104359305583184,interne,,,SOBG,2,baseline_ar_p,,,3.0
2018,2020,-7.1470874560234,-2.732846829465498,interne,,,SOBG,2,baseline_ar_p,,,3.0
2019,2021,-5.9244105125583,-3.0973408436657355,finale,,,SOBG,2,baseline_ar_p,,,3.0
2020,2022,-5.3656212805282,-5.62513397744051,finale,,,SOBG,2,baseline_ar_p,,,3.0
2021,2023,-4.4062396285274,-3.719635329943334,finale,,,SOBG,2,baseline_ar_p,,,3.0
2022,2024,-3.922221571142,-3.306375500403299,finale,,,SOBG,2,baseline_ar_p,,,3.0
2008,2011,-6.0753401134425,0.7683524825892265,interne,6.0,20.0,SOBG,3,elasticnet,,,
2009,2012,-6.6317595696544,-0.4938684810342713,interne,7.0,14.0,SOBG,3,elasticnet,,,
2010,2013,-4.7017527249975,-0.8141081971953303,interne,8.0,18.0,SOBG,3,elasticnet,,,
2011,2014,-4.7796503883354,-2.3544037772765907,interne,9.0,20.0,SOBG,3,elasticnet,,,
2012,2015,-4.5930742477301,-3.8540630840452565,interne,10.0,21.0,SOBG,3,elasticnet,,,
2013,2016,-4.4855400029957,-2.628557947114252,interne,11.0,21.0,SOBG,3,elasticnet,,,
2014,2017,-3.3034872638492,-1.881646586175388,interne,12.0,20.0,SOBG,3,elasticnet,,,
2015,2018,-3.5214990834454,-1.690910946959044,interne,13.0,20.0,SOBG,3,elasticnet,,,
2016,2019,-3.8036360454124,1.1423423624897087,interne,14.0,21.0,SOBG,3,elasticnet,,,
2017,2020,-7.1470874560234,-0.5669413764544902,interne,15.0,22.0,SOBG,3,elasticnet,,,
2018,2021,-5.9244105125583,-1.9787994249280172,finale,16.0,23.0,SOBG,3,elasticnet,,,
2019,2022,-5.3656212805282,-4.270588323959053,finale,17.0,22.0,SOBG,3,elasticnet,,,
2020,2023,-4.4062396285274,-6.330755671347882,finale,18.0,23.0,SOBG,3,elasticnet,,,
2021,2024,-3.922221571142,-13.79367265670577,finale,19.0,22.0,SOBG,3,elasticnet,,,
2004,2007,-0.11621977601717,-3.752560769417652,interne,11.0,,SOBG,3,panel_avec_effets_fixes,6.0,True,
2005,2008,0.6259062355813,-4.604322821395078,interne,17.0,,SOBG,3,panel_avec_effets_fixes,6.0,True,
2006,2009,-1.6292201850072,-2.246202299826166,interne,23.0,,SOBG,3,panel_avec_effets_fixes,6.0,True,
2007,2010,-3.9322696122225,-1.0572710517550783,interne,30.0,,SOBG,3,panel_avec_effets_fixes,7.0,True,
2008,2011,-6.0753401134425,-0.5331783213027298,interne,39.0,,SOBG,3,panel_avec_effets_fixes,9.0,True,
2009,2012,-6.6317595696544,-1.51419877014729,interne,48.0,,SOBG,3,panel_avec_effets_fixes,9.0,True,
2010,2013,-4.7017527249975,-1.659911873770417,interne,57.0,,SOBG,3,panel_avec_effets_fixes,9.0,True,
2011,2014,-4.7796503883354,-2.514631756112343,interne,66.0,,SOBG,3,panel_avec_effets_fixes,9.0,True,
2012,2015,-4.5930742477301,-3.524047982449656,interne,75.0,,SOBG,3,panel_avec_effets_fixes,9.0,True,
2013,2016,-4.4855400029957,-3.330192774288922,interne,84.0,,SOBG,3,panel_avec_effets_fixes,9.0,True,
2014,2017,-3.3034872638492,-3.3561437303065045,interne,93.0,,SOBG,3,panel_avec_effets_fixes,9.0,True,
2015,2018,-3.5214990834454,-3.1153301517672007,interne,102.0,,SOBG,3,panel_avec_effets_fixes,9.0,True,
2016,2019,-3.8036360454124,-2.9629381290376533,interne,111.0,,SOBG,3,panel_avec_effets_fixes,9.0,True,
2017,2020,-7.1470874560234,-2.550047953762833,interne,120.0,,SOBG,3,panel_avec_effets_fixes,9.0,True,
2018,2021,-5.9244105125583,-2.807472814944824,finale,129.0,,SOBG,3,panel_avec_effets_fixes,9.0,True,
2019,2022,-5.3656212805282,-2.7073100743706617,finale,138.0,,SOBG,3,panel_avec_effets_fixes,9.0,True,
2020,2023,-4.4062396285274,-4.3910123338502505,finale,147.0,,SOBG,3,panel_avec_effets_fixes,9.0,True,
2021,2024,-3.922221571142,-3.201968487925779,finale,156.0,,SOBG,3,panel_avec_effets_fixes,9.0,True,
2005,2008,0.6259062355813,-4.527097266899995,interne,14.0,,SOBG,3,panel_leave_one_country_out,5.0,False,
2006,2009,-1.6292201850072,-3.5351540931904006,interne,19.0,,SOBG,3,panel_leave_one_country_out,5.0,False,
2007,2010,-3.9322696122225,-1.4094377204269746,interne,25.0,,SOBG,3,panel_leave_one_country_out,6.0,False,
2008,2011,-6.0753401134425,-0.013819170654441992,interne,33.0,,SOBG,3,panel_leave_one_country_out,8.0,False,
2009,2012,-6.6317595696544,-1.122713937689281,interne,41.0,,SOBG,3,panel_leave_one_country_out,8.0,False,
2010,2013,-4.7017527249975,-1.7018364854850736,interne,49.0,,SOBG,3,panel_leave_one_country_out,8.0,False,
2011,2014,-4.7796503883354,-2.834856428923846,interne,57.0,,SOBG,3,panel_leave_one_country_out,8.0,False,
2012,2015,-4.5930742477301,-3.6980155374310044,interne,65.0,,SOBG,3,panel_leave_one_country_out,8.0,False,
2013,2016,-4.4855400029957,-3.723381177485898,interne,73.0,,SOBG,3,panel_leave_one_country_out,8.0,False,
2014,2017,-3.3034872638492,-3.731979957738663,interne,81.0,,SOBG,3,panel_leave_one_country_out,8.0,False,
2015,2018,-3.5214990834454,-3.405630555575124,interne,89.0,,SOBG,3,panel_leave_one_country_out,8.0,False,
2016,2019,-3.8036360454124,-3.1617929309064032,interne,97.0,,SOBG,3,panel_leave_one_country_out,8.0,False,
2017,2020,-7.1470874560234,-2.8260144242932235,interne,105.0,,SOBG,3,panel_leave_one_country_out,8.0,False,
2018,2021,-5.9244105125583,-2.7515183023644574,finale,113.0,,SOBG,3,panel_leave_one_country_out,8.0,False,
2019,2022,-5.3656212805282,-2.613347358954525,finale,121.0,,SOBG,3,panel_leave_one_country_out,8.0,False,
2020,2023,-4.4062396285274,-3.98537647786077,finale,129.0,,SOBG,3,panel_leave_one_country_out,8.0,False,
2021,2024,-3.922221571142,-3.0531325548976285,finale,137.0,,SOBG,3,panel_leave_one_country_out,8.0,False,
2008,2011,-6.0753401134425,0.6259062355813,interne,,,SOBG,3,baseline_random_walk,,,
2009,2012,-6.6317595696544,-1.6292201850072,interne,,,SOBG,3,baseline_random_walk,,,
2010,2013,-4.7017527249975,-3.9322696122225,interne,,,SOBG,3,baseline_random_walk,,,
2011,2014,-4.7796503883354,-6.0753401134425,interne,,,SOBG,3,baseline_random_walk,,,
2012,2015,-4.5930742477301,-6.6317595696544,interne,,,SOBG,3,baseline_random_walk,,,
2013,2016,-4.4855400029957,-4.7017527249975,interne,,,SOBG,3,baseline_random_walk,,,
2014,2017,-3.3034872638492,-4.7796503883354,interne,,,SOBG,3,baseline_random_walk,,,
2015,2018,-3.5214990834454,-4.5930742477301,interne,,,SOBG,3,baseline_random_walk,,,
2016,2019,-3.8036360454124,-4.4855400029957,interne,,,SOBG,3,baseline_random_walk,,,
2017,2020,-7.1470874560234,-3.3034872638492,interne,,,SOBG,3,baseline_random_walk,,,
2018,2021,-5.9244105125583,-3.5214990834454,finale,,,SOBG,3,baseline_random_walk,,,
2019,2022,-5.3656212805282,-3.8036360454124,finale,,,SOBG,3,baseline_random_walk,,,
2020,2023,-4.4062396285274,-7.1470874560234,finale,,,SOBG,3,baseline_random_walk,,,
2021,2024,-3.922221571142,-5.9244105125583,finale,,,SOBG,3,baseline_random_walk,,,
2008,2011,-6.0753401134425,0.8945367605049556,interne,,,SOBG,3,baseline_random_walk_drift,,,
2009,2012,-6.6317595696544,-1.751367981566275,interne,,,SOBG,3,baseline_random_walk_drift,,,
2010,2013,-4.7017527249975,-4.41162796062825,interne,,,SOBG,3,baseline_random_walk_drift,,,
2011,2014,-4.7796503883354,-6.852191119610962,interne,,,SOBG,3,baseline_random_walk_drift,,,
2012,2015,-4.5930742477301,-7.451106164511779,interne,,,SOBG,3,baseline_random_walk_drift,,,
2013,2016,-4.4855400029957,-5.220673541271784,interne,,,SOBG,3,baseline_random_walk_drift,,,
2014,2017,-3.3034872638492,-5.286169994772267,interne,,,SOBG,3,baseline_random_walk_drift,,,
2015,2018,-3.5214990834454,-5.055166852989769,interne,,,SOBG,3,baseline_random_walk_drift,,,
2016,2019,-3.8036360454124,-4.916244794676854,interne,,,SOBG,3,baseline_random_walk_drift,,,
2017,2020,-7.1470874560234,-3.5812357859487904,interne,,,SOBG,3,baseline_random_walk_drift,,,
2018,2021,-5.9244105125583,-3.8131841587556945,finale,,,SOBG,3,baseline_random_walk_drift,,,
2019,2022,-5.3656212805282,-4.11513275681522,finale,,,SOBG,3,baseline_random_walk_drift,,,
2020,2023,-4.4062396285274,-7.793717185372088,finale,,,SOBG,3,baseline_random_walk_drift,,,
2021,2024,-3.922221571142,-6.427218223248855,finale,,,SOBG,3,baseline_random_walk_drift,,,
2008,2011,-6.0753401134425,-1.5232907255219728,interne,,,SOBG,3,baseline_ar_p,,,3.0
2009,2012,-6.6317595696544,-2.152464377585795,interne,,,SOBG,3,baseline_ar_p,,,3.0
2010,2013,-4.7017527249975,-1.8504833584604892,interne,,,SOBG,3,baseline_ar_p,,,3.0
2011,2014,-4.7796503883354,-1.204949857851087,interne,,,SOBG,3,baseline_ar_p,,,3.0
2012,2015,-4.5930742477301,-0.634655947927643,interne,,,SOBG,3,baseline_ar_p,,,3.0
2013,2016,-4.4855400029957,0.13259313735431866,interne,,,SOBG,3,baseline_ar_p,,,3.0
2014,2017,-3.3034872638492,-1.3893633396450944,interne,,,SOBG,3,baseline_ar_p,,,3.0
2015,2018,-3.5214990834454,-2.1376213841292784,interne,,,SOBG,3,baseline_ar_p,,,3.0
2016,2019,-3.8036360454124,-2.345990099306473,interne,,,SOBG,3,baseline_ar_p,,,3.0
2017,2020,-7.1470874560234,-2.0042558896514118,interne,,,SOBG,3,baseline_ar_p,,,3.0
2018,2021,-5.9244105125583,-2.513668053099991,finale,,,SOBG,3,baseline_ar_p,,,3.0
2019,2022,-5.3656212805282,-2.772094812207714,finale,,,SOBG,3,baseline_ar_p,,,3.0
2020,2023,-4.4062396285274,-4.306605088595166,finale,,,SOBG,3,baseline_ar_p,,,3.0
2021,2024,-3.922221571142,-2.960832853548544,finale,,,SOBG,3,baseline_ar_p,,,3.0
2009,2013,-4.7017527249975,0.6919324136476324,interne,6.0,19.0,SOBG,4,elasticnet,,,
2010,2014,-4.7796503883354,-1.59489025279035,interne,7.0,13.0,SOBG,4,elasticnet,,,
2011,2015,-4.5930742477301,-2.659949339997529,interne,8.0,18.0,SOBG,4,elasticnet,,,
2012,2016,-4.4855400029957,-0.13219331383296362,interne,9.0,15.0,SOBG,4,elasticnet,,,
2013,2017,-3.3034872638492,0.8793127388715245,interne,10.0,15.0,SOBG,4,elasticnet,,,
2014,2018,-3.5214990834454,-0.6551854107899868,interne,11.0,15.0,SOBG,4,elasticnet,,,
2015,2019,-3.8036360454124,-1.9482317480076217,interne,12.0,15.0,SOBG,4,elasticnet,,,
2016,2020,-7.1470874560234,-2.1731775560503497,interne,13.0,16.0,SOBG,4,elasticnet,,,
2017,2021,-5.9244105125583,-3.514135645351626,finale,14.0,17.0,SOBG,4,elasticnet,,,
2018,2022,-5.3656212805282,-4.047279515546336,finale,15.0,16.0,SOBG,4,elasticnet,,,
2019,2023,-4.4062396285274,-3.0973185137551034,finale,16.0,16.0,SOBG,4,elasticnet,,,
2020,2024,-3.922221571142,-5.974232895806033,finale,17.0,19.0,SOBG,4,elasticnet,,,
2005,2009,-1.6292201850072,-3.4957588829913977,interne,11.0,,SOBG,4,panel_avec_effets_fixes,6.0,True,
2006,2010,-3.9322696122225,-2.202259563658258,interne,17.0,,SOBG,4,panel_avec_effets_fixes,6.0,True,
2007,2011,-6.0753401134425,-0.2963153572272931,interne,23.0,,SOBG,4,panel_avec_effets_fixes,6.0,True,
2008,2012,-6.6317595696544,0.3990116324852731,interne,30.0,,SOBG,4,panel_avec_effets_fixes,7.0,True,
2009,2013,-4.7017527249975,-0.7214605597491974,interne,39.0,,SOBG,4,panel_avec_effets_fixes,9.0,True,
2010,2014,-4.7796503883354,-1.1019633792301295,interne,48.0,,SOBG,4,panel_avec_effets_fixes,9.0,True,
2011,2015,-4.5930742477301,-1.8186189023922403,interne,57.0,,SOBG,4,panel_avec_effets_fixes,9.0,True,
2012,2016,-4.4855400029957,-2.518954168715733,interne,66.0,,SOBG,4,panel_avec_effets_fixes,9.0,True,
2013,2017,-3.3034872638492,-2.8708930429193114,interne,75.0,,SOBG,4,panel_avec_effets_fixes,9.0,True,
2014,2018,-3.5214990834454,-3.104439952520143,interne,84.0,,SOBG,4,panel_avec_effets_fixes,9.0,True,
2015,2019,-3.8036360454124,-3.056181310288155,interne,93.0,,SOBG,4,panel_avec_effets_fixes,9.0,True,
2016,2020,-7.1470874560234,-2.9285639848478895,interne,102.0,,SOBG,4,panel_avec_effets_fixes,9.0,True,
2017,2021,-5.9244105125583,-2.7755403045229867,finale,111.0,,SOBG,4,panel_avec_effets_fixes,9.0,True,
2018,2022,-5.3656212805282,-2.7257275775075938,finale,120.0,,SOBG,4,panel_avec_effets_fixes,9.0,True,
2019,2023,-4.4062396285274,-2.62421250865254,finale,129.0,,SOBG,4,panel_avec_effets_fixes,9.0,True,
2020,2024,-3.922221571142,-3.176754710783181,finale,138.0,,SOBG,4,panel_avec_effets_fixes,9.0,True,
2006,2010,-3.9322696122225,-1.510760338526049,interne,14.0,,SOBG,4,panel_leave_one_country_out,5.0,False,
2007,2011,-6.0753401134425,0.023614876543584462,interne,19.0,,SOBG,4,panel_leave_one_country_out,5.0,False,
2008,2012,-6.6317595696544,1.134687474945474,interne,25.0,,SOBG,4,panel_leave_one_country_out,6.0,False,
2009,2013,-4.7017527249975,-0.1960021999431384,interne,33.0,,SOBG,4,panel_leave_one_country_out,8.0,False,
2010,2014,-4.7796503883354,-0.8052487528016606,interne,41.0,,SOBG,4,panel_leave_one_country_out,8.0,False,
2011,2015,-4.5930742477301,-1.468555107459324,interne,49.0,,SOBG,4,panel_leave_one_country_out,8.0,False,
2012,2016,-4.4855400029957,-2.227947870488047,interne,57.0,,SOBG,4,panel_leave_one_country_out,8.0,False,
2013,2017,-3.3034872638492,-2.603748593195742,interne,65.0,,SOBG,4,panel_leave_one_country_out,8.0,False,
2014,2018,-3.5214990834454,-2.75764704193589,interne,73.0,,SOBG,4,panel_leave_one_country_out,8.0,False,
2015,2019,-3.8036360454124,-2.6476818010710557,interne,81.0,,SOBG,4,panel_leave_one_country_out,8.0,False,
2016,2020,-7.1470874560234,-2.488172807922498,interne,89.0,,SOBG,4,panel_leave_one_country_out,8.0,False,
2017,2021,-5.9244105125583,-2.39630403221493,finale,97.0,,SOBG,4,panel_leave_one_country_out,8.0,False,
2018,2022,-5.3656212805282,-2.3065268459316695,finale,105.0,,SOBG,4,panel_leave_one_country_out,8.0,False,
2019,2023,-4.4062396285274,-2.2392869193707483,finale,113.0,,SOBG,4,panel_leave_one_country_out,8.0,False,
2020,2024,-3.922221571142,-2.5273423432558606,finale,121.0,,SOBG,4,panel_leave_one_country_out,8.0,False,
2009,2013,-4.7017527249975,-1.6292201850072,interne,,,SOBG,4,baseline_random_walk,,,
2010,2014,-4.7796503883354,-3.9322696122225,interne,,,SOBG,4,baseline_random_walk,,,
2011,2015,-4.5930742477301,-6.0753401134425,interne,,,SOBG,4,baseline_random_walk,,,
2012,2016,-4.4855400029957,-6.6317595696544,interne,,,SOBG,4,baseline_random_walk,,,
2013,2017,-3.3034872638492,-4.7017527249975,interne,,,SOBG,4,baseline_random_walk,,,
2014,2018,-3.5214990834454,-4.7796503883354,interne,,,SOBG,4,baseline_random_walk,,,
2015,2019,-3.8036360454124,-4.5930742477301,interne,,,SOBG,4,baseline_random_walk,,,
2016,2020,-7.1470874560234,-4.4855400029957,interne,,,SOBG,4,baseline_random_walk,,,
2017,2021,-5.9244105125583,-3.3034872638492,finale,,,SOBG,4,baseline_random_walk,,,
2018,2022,-5.3656212805282,-3.5214990834454,finale,,,SOBG,4,baseline_random_walk,,,
2019,2023,-4.4062396285274,-3.8036360454124,finale,,,SOBG,4,baseline_random_walk,,,
2020,2024,-3.922221571142,-7.1470874560234,finale,,,SOBG,4,baseline_random_walk,,,
2009,2013,-4.7017527249975,-1.7920839137526334,interne,,,SOBG,4,baseline_random_walk_drift,,,
2010,2014,-4.7796503883354,-4.5714140767635,interne,,,SOBG,4,baseline_random_walk_drift,,,
2011,2015,-4.5930742477301,-7.11114145500045,interne,,,SOBG,4,baseline_random_walk_drift,,,
2012,2016,-4.4855400029957,-7.724221696130905,interne,,,SOBG,4,baseline_random_walk_drift,,,
2013,2017,-3.3034872638492,-5.393647146696546,interne,,,SOBG,4,baseline_random_walk_drift,,,
2014,2018,-3.5214990834454,-5.455009863584556,interne,,,SOBG,4,baseline_random_walk_drift,,,
2015,2019,-3.8036360454124,-5.209197721409659,interne,,,SOBG,4,baseline_random_walk_drift,,,
2016,2020,-7.1470874560234,-5.0598130585705725,interne,,,SOBG,4,baseline_random_walk_drift,,,
2017,2021,-5.9244105125583,-3.673818626648654,finale,,,SOBG,4,baseline_random_walk_drift,,,
2018,2022,-5.3656212805282,-3.9104125171924595,finale,,,SOBG,4,baseline_random_walk_drift,,,
2019,2023,-4.4062396285274,-4.218964993949493,finale,,,SOBG,4,baseline_random_walk_drift,,,
2020,2024,-3.922221571142,-8.009260428488318,finale,,,SOBG,4,baseline_random_walk_drift,,,
2009,2013,-4.7017527249975,-1.7519728320388086,interne,,,SOBG,4,baseline_ar_p,,,3.0
2010,2014,-4.7796503883354,-1.082090861997531,interne,,,SOBG,4,baseline_ar_p,,,3.0
2011,2015,-4.5930742477301,-0.2168738378516141,interne,,,SOBG,4,baseline_ar_p,,,3.0
2012,2016,-4.4855400029957,0.08955261856906095,interne,,,SOBG,4,baseline_ar_p,,,3.0
2013,2017,-3.3034872638492,-0.28561023323036433,interne,,,SOBG,4,baseline_ar_p,,,3.0
2014,2018,-3.5214990834454,-1.3332873513194272,interne,,,SOBG,4,baseline_ar_p,,,3.0
2015,2019,-3.8036360454124,-1.9221969408274089,interne,,,SOBG,4,baseline_ar_p,,,3.0
2016,2020,-7.1470874560234,-2.1421319770146243,interne,,,SOBG,4,baseline_ar_p,,,3.0
2017,2021,-5.9244105125583,-2.110792360077355,finale,,,SOBG,4,baseline_ar_p,,,3.0
2018,2022,-5.3656212805282,-2.440626393577521,finale,,,SOBG,4,baseline_ar_p,,,3.0
2019,2023,-4.4062396285274,-2.586653654497055,finale,,,SOBG,4,baseline_ar_p,,,3.0
2020,2024,-3.922221571142,-3.3210223829118055,finale,,,SOBG,4,baseline_ar_p,,,3.0
2010,2015,-4.5930742477301,-4.59132832324172,interne,6.0,18.0,SOBG,5,elasticnet,,,
2011,2016,-4.4855400029957,-4.141209288017515,interne,7.0,18.0,SOBG,5,elasticnet,,,
2012,2017,-3.3034872638492,-0.7687299319976257,interne,8.0,18.0,SOBG,5,elasticnet,,,
2013,2018,-3.5214990834454,-1.5113590533219932,interne,9.0,20.0,SOBG,5,elasticnet,,,
2014,2019,-3.8036360454124,-4.211142637189064,interne,10.0,19.0,SOBG,5,elasticnet,,,
2015,2020,-7.1470874560234,-5.585494983182752,interne,11.0,19.0,SOBG,5,elasticnet,,,
2016,2021,-5.9244105125583,-7.235452872367464,finale,12.0,20.0,SOBG,5,elasticnet,,,
2017,2022,-5.3656212805282,-9.660527810875777,finale,13.0,21.0,SOBG,5,elasticnet,,,
2018,2023,-4.4062396285274,-9.792301032796068,finale,14.0,21.0,SOBG,5,elasticnet,,,
2019,2024,-3.922221571142,-8.696899079097902,finale,15.0,21.0,SOBG,5,elasticnet,,,
2006,2011,-6.0753401134425,0.23572089389757253,interne,11.0,,SOBG,5,panel_avec_effets_fixes,6.0,True,
2007,2012,-6.6317595696544,0.9393680381576353,interne,17.0,,SOBG,5,panel_avec_effets_fixes,6.0,True,
2008,2013,-4.7017527249975,1.4586828135719214,interne,23.0,,SOBG,5,panel_avec_effets_fixes,6.0,True,
2009,2014,-4.7796503883354,-0.15065391721666477,interne,30.0,,SOBG,5,panel_avec_effets_fixes,7.0,True,
2010,2015,-4.5930742477301,-1.0084361219795672,interne,39.0,,SOBG,5,panel_avec_effets_fixes,9.0,True,
2011,2016,-4.4855400029957,-1.647848991105266,interne,48.0,,SOBG,5,panel_avec_effets_fixes,9.0,True,
2012,2017,-3.3034872638492,-2.1985021569121064,interne,57.0,,SOBG,5,panel_avec_effets_fixes,9.0,True,
2013,2018,-3.5214990834454,-2.4599574497106453,interne,66.0,,SOBG,5,panel_avec_effets_fixes,9.0,True,
2014,2019,-3.8036360454124,-2.5837901816847553,interne,75.0,,SOBG,5,panel_avec_effets_fixes,9.0,True,
2015,2020,-7.1470874560234,-2.52916085581439,interne,84.0,,SOBG,5,panel_avec_effets_fixes,9.0,True,
2016,2021,-5.9244105125583,-2.447362232658928,finale,93.0,,SOBG,5,panel_avec_effets_fixes,9.0,True,
2017,2022,-5.3656212805282,-2.3956509388378993,finale,102.0,,SOBG,5,panel_avec_effets_fixes,9.0,True,
2018,2023,-4.4062396285274,-2.3678705520146583,finale,111.0,,SOBG,5,panel_avec_effets_fixes,9.0,True,
2019,2024,-3.922221571142,-2.3738088139083393,finale,120.0,,SOBG,5,panel_avec_effets_fixes,9.0,True,
2007,2012,-6.6317595696544,0.5516388041854834,interne,14.0,,SOBG,5,panel_leave_one_country_out,5.0,False,
2008,2013,-4.7017527249975,1.8849008560431195,interne,19.0,,SOBG,5,panel_leave_one_country_out,5.0,False,
2009,2014,-4.7796503883354,0.6072640950124476,interne,25.0,,SOBG,5,panel_leave_one_country_out,6.0,False,
2010,2015,-4.5930742477301,-0.6123829182965557,interne,33.0,,SOBG,5,panel_leave_one_country_out,8.0,False,
2011,2016,-4.4855400029957,-1.6104067683699563,interne,41.0,,SOBG,5,panel_leave_one_country_out,8.0,False,
2012,2017,-3.3034872638492,-2.343600149871354,interne,49.0,,SOBG,5,panel_leave_one_country_out,8.0,False,
2013,2018,-3.5214990834454,-2.6144690875877608,interne,57.0,,SOBG,5,panel_leave_one_country_out,8.0,False,
2014,2019,-3.8036360454124,-2.6961958534943635,interne,65.0,,SOBG,5,panel_leave_one_country_out,8.0,False,
2015,2020,-7.1470874560234,-2.5743390338870866,interne,73.0,,SOBG,5,panel_leave_one_country_out,8.0,False,
2016,2021,-5.9244105125583,-2.431803432468947,finale,81.0,,SOBG,5,panel_leave_one_country_out,8.0,False,
2017,2022,-5.3656212805282,-2.333551299683534,finale,89.0,,SOBG,5,panel_leave_one_country_out,8.0,False,
2018,2023,-4.4062396285274,-2.24540872474824,finale,97.0,,SOBG,5,panel_leave_one_country_out,8.0,False,
2019,2024,-3.922221571142,-2.200013712224075,finale,105.0,,SOBG,5,panel_leave_one_country_out,8.0,False,
2010,2015,-4.5930742477301,-3.9322696122225,interne,,,SOBG,5,baseline_random_walk,,,
2011,2016,-4.4855400029957,-6.0753401134425,interne,,,SOBG,5,baseline_random_walk,,,
2012,2017,-3.3034872638492,-6.6317595696544,interne,,,SOBG,5,baseline_random_walk,,,
2013,2018,-3.5214990834454,-4.7017527249975,interne,,,SOBG,5,baseline_random_walk,,,
2014,2019,-3.8036360454124,-4.7796503883354,interne,,,SOBG,5,baseline_random_walk,,,
2015,2020,-7.1470874560234,-4.5930742477301,interne,,,SOBG,5,baseline_random_walk,,,
2016,2021,-5.9244105125583,-4.4855400029957,finale,,,SOBG,5,baseline_random_walk,,,
2017,2022,-5.3656212805282,-3.3034872638492,finale,,,SOBG,5,baseline_random_walk,,,
2018,2023,-4.4062396285274,-3.5214990834454,finale,,,SOBG,5,baseline_random_walk,,,
2019,2024,-3.922221571142,-3.8036360454124,finale,,,SOBG,5,baseline_random_walk,,,
2010,2015,-4.5930742477301,-4.731200192898751,interne,,,SOBG,5,baseline_random_walk_drift,,,
2011,2016,-4.4855400029957,-7.370091790389937,interne,,,SOBG,5,baseline_random_walk_drift,,,
2012,2017,-3.3034872638492,-7.997337227750031,interne,,,SOBG,5,baseline_random_walk_drift,,,
2013,2018,-3.5214990834454,-5.566620752121308,interne,,,SOBG,5,baseline_random_walk_drift,,,
2014,2019,-3.8036360454124,-5.623849732396845,interne,,,SOBG,5,baseline_random_walk_drift,,,
2015,2020,-7.1470874560234,-5.363228589829548,interne,,,SOBG,5,baseline_random_walk_drift,,,
2016,2021,-5.9244105125583,-5.20338132246429,finale,,,SOBG,5,baseline_random_walk_drift,,,
2017,2022,-5.3656212805282,-3.7664014673485178,finale,,,SOBG,5,baseline_random_walk_drift,,,
2018,2023,-4.4062396285274,-4.0076408756292246,finale,,,SOBG,5,baseline_random_walk_drift,,,
2019,2024,-3.922221571142,-4.322797231083767,finale,,,SOBG,5,baseline_random_walk_drift,,,
2010,2015,-4.5930742477301,-0.9078849779812463,interne,,,SOBG,5,baseline_ar_p,,,3.0
2011,2016,-4.4855400029957,-0.27349432783157485,interne,,,SOBG,5,baseline_ar_p,,,3.0
2012,2017,-3.3034872638492,-0.2674299118400791,interne,,,SOBG,5,baseline_ar_p,,,3.0
2013,2018,-3.5214990834454,-1.3113396287093828,interne,,,SOBG,5,baseline_ar_p,,,3.0
2014,2019,-3.8036360454124,-1.6065209335446549,interne,,,SOBG,5,baseline_ar_p,,,3.0
2015,2020,-7.1470874560234,-1.9763928014022216,interne,,,SOBG,5,baseline_ar_p,,,3.0
2016,2021,-5.9244105125583,-2.1615463820932423,finale,,,SOBG,5,baseline_ar_p,,,3.0
2017,2022,-5.3656212805282,-2.3003582179167266,finale,,,SOBG,5,baseline_ar_p,,,3.0
2018,2023,-4.4062396285274,-2.4533526740655702,finale,,,SOBG,5,baseline_ar_p,,,3.0
2019,2024,-3.922221571142,-2.5253995997906724,finale,,,SOBG,5,baseline_ar_p,,,3.0
2006,2007,47.1,53.945050797015746,interne,6.0,7.0,DETTE_PUBLIQUE,1,elasticnet,,,
2007,2008,42.0,48.56342071079116,interne,7.0,8.0,DETTE_PUBLIQUE,1,elasticnet,,,
2008,2009,42.6,39.46529803566753,interne,8.0,9.0,DETTE_PUBLIQUE,1,elasticnet,,,
2009,2010,45.3,43.982736724767804,interne,9.0,11.0,DETTE_PUBLIQUE,1,elasticnet,,,
2010,2011,48.6,48.09801951152705,interne,10.0,10.0,DETTE_PUBLIQUE,1,elasticnet,,,
2011,2012,52.3,50.257456185290316,interne,11.0,9.0,DETTE_PUBLIQUE,1,elasticnet,,,
2012,2013,57.1,52.31453870639211,interne,12.0,11.0,DETTE_PUBLIQUE,1,elasticnet,,,
2013,2014,58.6,55.10428937153007,interne,13.0,10.0,DETTE_PUBLIQUE,1,elasticnet,,,
2014,2015,58.4,57.48522021460579,interne,14.0,7.0,DETTE_PUBLIQUE,1,elasticnet,,,
2015,2016,60.1,57.23968730460929,interne,15.0,7.0,DETTE_PUBLIQUE,1,elasticnet,,,
2016,2017,60.3,57.958131398486934,interne,16.0,6.0,DETTE_PUBLIQUE,1,elasticnet,,,
2017,2018,60.5,62.37392590829929,interne,17.0,7.0,DETTE_PUBLIQUE,1,elasticnet,,,
2018,2019,60.3,59.411605371898226,interne,18.0,6.0,DETTE_PUBLIQUE,1,elasticnet,,,
2019,2020,72.2,59.728585901993526,interne,19.0,6.0,DETTE_PUBLIQUE,1,elasticnet,,,
2020,2021,69.4,72.29580221723884,finale,20.0,7.0,DETTE_PUBLIQUE,1,elasticnet,,,
2021,2022,71.4,78.68761658612863,finale,21.0,9.0,DETTE_PUBLIQUE,1,elasticnet,,,
2022,2023,68.7,67.74558769880959,finale,22.0,8.0,DETTE_PUBLIQUE,1,elasticnet,,,
2023,2024,67.7,70.81776566918313,finale,23.0,8.0,DETTE_PUBLIQUE,1,elasticnet,,,
2002,2003,56.9,56.58237578710431,interne,11.0,,DETTE_PUBLIQUE,1,panel_avec_effets_fixes,6.0,True,
2003,2004,54.4,54.11794532000463,interne,17.0,,DETTE_PUBLIQUE,1,panel_avec_effets_fixes,6.0,True,
2004,2005,54.8,52.5159178300963,interne,23.0,,DETTE_PUBLIQUE,1,panel_avec_effets_fixes,6.0,True,
2005,2006,50.6,52.351995331080296,interne,30.0,,DETTE_PUBLIQUE,1,panel_avec_effets_fixes,7.0,True,
2006,2007,47.1,47.466300013959916,interne,39.0,,DETTE_PUBLIQUE,1,panel_avec_effets_fixes,9.0,True,
2007,2008,42.0,44.9360974033883,interne,48.0,,DETTE_PUBLIQUE,1,panel_avec_effets_fixes,9.0,True,
2008,2009,42.6,41.79494099138909,interne,57.0,,DETTE_PUBLIQUE,1,panel_avec_effets_fixes,9.0,True,
2009,2010,45.3,46.695043223694626,interne,66.0,,DETTE_PUBLIQUE,1,panel_avec_effets_fixes,9.0,True,
2010,2011,48.6,48.124078780929345,interne,75.0,,DETTE_PUBLIQUE,1,panel_avec_effets_fixes,9.0,True,
2011,2012,52.3,50.62410682349156,interne,84.0,,DETTE_PUBLIQUE,1,panel_avec_effets_fixes,9.0,True,
2012,2013,57.1,55.240056706789375,interne,93.0,,DETTE_PUBLIQUE,1,panel_avec_effets_fixes,9.0,True,
2013,2014,58.6,58.704413445105665,interne,102.0,,DETTE_PUBLIQUE,1,panel_avec_effets_fixes,9.0,True,
2014,2015,58.4,58.94312307247727,interne,111.0,,DETTE_PUBLIQUE,1,panel_avec_effets_fixes,9.0,True,
2015,2016,60.1,57.05728944697168,interne,120.0,,DETTE_PUBLIQUE,1,panel_avec_effets_fixes,9.0,True,
2016,2017,60.3,59.6104410967597,interne,129.0,,DETTE_PUBLIQUE,1,panel_avec_effets_fixes,9.0,True,
2017,2018,60.5,57.772956085770716,interne,138.0,,DETTE_PUBLIQUE,1,panel_avec_effets_fixes,9.0,True,
2018,2019,60.3,58.661220778045454,interne,147.0,,DETTE_PUBLIQUE,1,panel_avec_effets_fixes,9.0,True,
2019,2020,72.2,57.80583050468074,interne,156.0,,DETTE_PUBLIQUE,1,panel_avec_effets_fixes,9.0,True,
2020,2021,69.4,76.00678003259806,finale,165.0,,DETTE_PUBLIQUE,1,panel_avec_effets_fixes,9.0,True,
2021,2022,71.4,67.31800082666288,finale,174.0,,DETTE_PUBLIQUE,1,panel_avec_effets_fixes,9.0,True,
2022,2023,68.7,68.06375212388687,finale,183.0,,DETTE_PUBLIQUE,1,panel_avec_effets_fixes,9.0,True,
2023,2024,67.7,64.09863069824397,finale,192.0,,DETTE_PUBLIQUE,1,panel_avec_effets_fixes,9.0,True,
2003,2004,54.4,54.67233686336968,interne,14.0,,DETTE_PUBLIQUE,1,panel_leave_one_country_out,5.0,False,
2004,2005,54.8,55.36483289588538,interne,19.0,,DETTE_PUBLIQUE,1,panel_leave_one_country_out,5.0,False,
2005,2006,50.6,55.2695552577299,interne,25.0,,DETTE_PUBLIQUE,1,panel_leave_one_country_out,6.0,False,
2006,2007,47.1,48.30622365690559,interne,33.0,,DETTE_PUBLIQUE,1,panel_leave_one_country_out,8.0,False,
2007,2008,42.0,46.175111590771806,interne,41.0,,DETTE_PUBLIQUE,1,panel_leave_one_country_out,8.0,False,
2008,2009,42.6,42.480416842794746,interne,49.0,,DETTE_PUBLIQUE,1,panel_leave_one_country_out,8.0,False,
2009,2010,45.3,47.62509482840093,interne,57.0,,DETTE_PUBLIQUE,1,panel_leave_one_country_out,8.0,False,
2010,2011,48.6,49.21400849800073,interne,65.0,,DETTE_PUBLIQUE,1,panel_leave_one_country_out,8.0,False,
2011,2012,52.3,52.88783558538823,interne,73.0,,DETTE_PUBLIQUE,1,panel_leave_one_country_out,8.0,False,
2012,2013,57.1,58.459339117691954,interne,81.0,,DETTE_PUBLIQUE,1,panel_leave_one_country_out,8.0,False,
2013,2014,58.6,60.95399058424579,interne,89.0,,DETTE_PUBLIQUE,1,panel_leave_one_country_out,8.0,False,
2014,2015,58.4,61.86015347344444,interne,97.0,,DETTE_PUBLIQUE,1,panel_leave_one_country_out,8.0,False,
2015,2016,60.1,59.794955603132166,interne,105.0,,DETTE_PUBLIQUE,1,panel_leave_one_country_out,8.0,False,
2016,2017,60.3,62.50159745552488,interne,113.0,,DETTE_PUBLIQUE,1,panel_leave_one_country_out,8.0,False,
2017,2018,60.5,59.681097223038584,interne,121.0,,DETTE_PUBLIQUE,1,panel_leave_one_country_out,8.0,False,
2018,2019,60.3,61.017119493958745,interne,129.0,,DETTE_PUBLIQUE,1,panel_leave_one_country_out,8.0,False,
2019,2020,72.2,59.762065979156915,interne,137.0,,DETTE_PUBLIQUE,1,panel_leave_one_country_out,8.0,False,
2020,2021,69.4,79.47982997020164,finale,145.0,,DETTE_PUBLIQUE,1,panel_leave_one_country_out,8.0,False,
2021,2022,71.4,70.38882570168087,finale,153.0,,DETTE_PUBLIQUE,1,panel_leave_one_country_out,8.0,False,
2022,2023,68.7,72.14920832147597,finale,161.0,,DETTE_PUBLIQUE,1,panel_leave_one_country_out,8.0,False,
2023,2024,67.7,65.98373107099556,finale,169.0,,DETTE_PUBLIQUE,1,panel_leave_one_country_out,8.0,False,
2006,2007,47.1,50.6,interne,,,DETTE_PUBLIQUE,1,baseline_random_walk,,,
2007,2008,42.0,47.1,interne,,,DETTE_PUBLIQUE,1,baseline_random_walk,,,
2008,2009,42.6,42.0,interne,,,DETTE_PUBLIQUE,1,baseline_random_walk,,,
2009,2010,45.3,42.6,interne,,,DETTE_PUBLIQUE,1,baseline_random_walk,,,
2010,2011,48.6,45.3,interne,,,DETTE_PUBLIQUE,1,baseline_random_walk,,,
2011,2012,52.3,48.6,interne,,,DETTE_PUBLIQUE,1,baseline_random_walk,,,
2012,2013,57.1,52.3,interne,,,DETTE_PUBLIQUE,1,baseline_random_walk,,,
2013,2014,58.6,57.1,interne,,,DETTE_PUBLIQUE,1,baseline_random_walk,,,
2014,2015,58.4,58.6,interne,,,DETTE_PUBLIQUE,1,baseline_random_walk,,,
2015,2016,60.1,58.4,interne,,,DETTE_PUBLIQUE,1,baseline_random_walk,,,
2016,2017,60.3,60.1,interne,,,DETTE_PUBLIQUE,1,baseline_random_walk,,,
2017,2018,60.5,60.3,interne,,,DETTE_PUBLIQUE,1,baseline_random_walk,,,
2018,2019,60.3,60.5,interne,,,DETTE_PUBLIQUE,1,baseline_random_walk,,,
2019,2020,72.2,60.3,interne,,,DETTE_PUBLIQUE,1,baseline_random_walk,,,
2020,2021,69.4,72.2,finale,,,DETTE_PUBLIQUE,1,baseline_random_walk,,,
2021,2022,71.4,69.4,finale,,,DETTE_PUBLIQUE,1,baseline_random_walk,,,
2022,2023,68.7,71.4,finale,,,DETTE_PUBLIQUE,1,baseline_random_walk,,,
2023,2024,67.7,68.7,finale,,,DETTE_PUBLIQUE,1,baseline_random_walk,,,
2006,2007,47.1,50.03333333333333,interne,,,DETTE_PUBLIQUE,1,baseline_random_walk_drift,,,
2007,2008,42.0,46.35,interne,,,DETTE_PUBLIQUE,1,baseline_random_walk_drift,,,
2008,2009,42.6,40.99411764705882,interne,,,DETTE_PUBLIQUE,1,baseline_random_walk_drift,,,
2009,2010,45.3,41.68333333333334,interne,,,DETTE_PUBLIQUE,1,baseline_random_walk_drift,,,
2010,2011,48.6,44.57368421052631,interne,,,DETTE_PUBLIQUE,1,baseline_random_walk_drift,,,
2011,2012,52.3,48.075,interne,,,DETTE_PUBLIQUE,1,baseline_random_walk_drift,,,
2012,2013,57.1,51.976190476190474,interne,,,DETTE_PUBLIQUE,1,baseline_random_walk_drift,,,
2013,2014,58.6,57.00909090909091,interne,,,DETTE_PUBLIQUE,1,baseline_random_walk_drift,,,
2014,2015,58.4,58.57826086956522,interne,,,DETTE_PUBLIQUE,1,baseline_random_walk_drift,,,
2015,2016,60.1,58.37083333333333,interne,,,DETTE_PUBLIQUE,1,baseline_random_walk_drift,,,
2016,2017,60.3,60.14,interne,,,DETTE_PUBLIQUE,1,baseline_random_walk_drift,,,
2017,2018,60.5,60.34615384615384,interne,,,DETTE_PUBLIQUE,1,baseline_random_walk_drift,,,
2018,2019,60.3,60.55185185185185,interne,,,DETTE_PUBLIQUE,1,baseline_random_walk_drift,,,
2019,2020,72.2,60.34285714285714,interne,,,DETTE_PUBLIQUE,1,baseline_random_walk_drift,,,
2020,2021,69.4,72.65172413793104,finale,,,DETTE_PUBLIQUE,1,baseline_random_walk_drift,,,
2021,2022,71.4,69.74333333333334,finale,,,DETTE_PUBLIQUE,1,baseline_random_walk_drift,,,
2022,2023,68.7,71.79677419354839,finale,,,DETTE_PUBLIQUE,1,baseline_random_walk_drift,,,
2023,2024,67.7,69.0,finale,,,DETTE_PUBLIQUE,1,baseline_random_walk_drift,,,
2006,2007,47.1,50.39831403195949,interne,,,DETTE_PUBLIQUE,1,baseline_ar_p,,,3.0
2007,2008,42.0,44.620450177441725,interne,,,DETTE_PUBLIQUE,1,baseline_ar_p,,,3.0
2008,2009,42.6,38.974879669679794,interne,,,DETTE_PUBLIQUE,1,baseline_ar_p,,,3.0
2009,2010,45.3,36.91014668159415,interne,,,DETTE_PUBLIQUE,1,baseline_ar_p,,,3.0
2010,2011,48.6,42.37611789316905,interne,,,DETTE_PUBLIQUE,1,baseline_ar_p,,,3.0
2011,2012,52.3,48.112623094778705,interne,,,DETTE_PUBLIQUE,1,baseline_ar_p,,,3.0
2012,2013,57.1,52.63530096265333,interne,,,DETTE_PUBLIQUE,1,baseline_ar_p,,,3.0
2013,2014,58.6,57.59505697384884,interne,,,DETTE_PUBLIQUE,1,baseline_ar_p,,,3.0
2014,2015,58.4,59.66046993191315,interne,,,DETTE_PUBLIQUE,1,baseline_ar_p,,,3.0
2015,2016,60.1,58.16680142325823,interne,,,DETTE_PUBLIQUE,1,baseline_ar_p,,,3.0
2016,2017,60.3,58.82644805909562,interne,,,DETTE_PUBLIQUE,1,baseline_ar_p,,,3.0
2017,2018,60.5,59.92175066863482,interne,,,DETTE_PUBLIQUE,1,baseline_ar_p,,,3.0
2018,2019,60.3,59.50976766480336,interne,,,DETTE_PUBLIQUE,1,baseline_ar_p,,,3.0
2019,2020,72.2,59.40375551149771,interne,,,DETTE_PUBLIQUE,1,baseline_ar_p,,,3.0
2020,2021,69.4,68.85209942917544,finale,,,DETTE_PUBLIQUE,1,baseline_ar_p,,,3.0
2021,2022,71.4,72.23655441588085,finale,,,DETTE_PUBLIQUE,1,baseline_ar_p,,,3.0
2022,2023,68.7,67.870058053841,finale,,,DETTE_PUBLIQUE,1,baseline_ar_p,,,3.0
2023,2024,67.7,67.712188760427,finale,,,DETTE_PUBLIQUE,1,baseline_ar_p,,,3.0
2007,2009,42.6,47.6912392249593,interne,6.0,21.0,DETTE_PUBLIQUE,2,elasticnet,,,
2008,2010,45.3,42.409888590460056,interne,7.0,18.0,DETTE_PUBLIQUE,2,elasticnet,,,
2009,2011,48.6,43.38228010443894,interne,8.0,19.0,DETTE_PUBLIQUE,2,elasticnet,,,
2010,2012,52.3,44.2607943259475,interne,9.0,19.0,DETTE_PUBLIQUE,2,elasticnet,,,
2011,2013,57.1,46.962292811992945,interne,10.0,20.0,DETTE_PUBLIQUE,2,elasticnet,,,
2012,2014,58.6,50.04582689219885,interne,11.0,20.0,DETTE_PUBLIQUE,2,elasticnet,,,
2013,2015,58.4,51.86138904516891,interne,12.0,20.0,DETTE_PUBLIQUE,2,elasticnet,,,
2014,2016,60.1,49.39967297813863,interne,13.0,20.0,DETTE_PUBLIQUE,2,elasticnet,,,
2015,2017,60.3,51.0918249977748,interne,14.0,21.0,DETTE_PUBLIQUE,2,elasticnet,,,
2016,2018,60.5,52.622906887297695,interne,15.0,21.0,DETTE_PUBLIQUE,2,elasticnet,,,
2017,2019,60.3,58.20639191311657,interne,16.0,21.0,DETTE_PUBLIQUE,2,elasticnet,,,
2018,2020,72.2,57.11627212486256,interne,17.0,21.0,DETTE_PUBLIQUE,2,elasticnet,,,
2019,2021,69.4,56.807134332660375,finale,18.0,21.0,DETTE_PUBLIQUE,2,elasticnet,,,
2020,2022,71.4,74.29232276339543,finale,19.0,21.0,DETTE_PUBLIQUE,2,elasticnet,,,
2021,2023,68.7,79.58556588702719,finale,20.0,19.0,DETTE_PUBLIQUE,2,elasticnet,,,
2022,2024,67.7,78.19262931830232,finale,21.0,20.0,DETTE_PUBLIQUE,2,elasticnet,,,
2003,2005,54.8,54.417339398495244,interne,11.0,,DETTE_PUBLIQUE,2,panel_avec_effets_fixes,6.0,True,
2004,2006,50.6,51.9224610765997,interne,17.0,,DETTE_PUBLIQUE,2,panel_avec_effets_fixes,6.0,True,
2005,2007,47.1,52.845989710061545,interne,23.0,,DETTE_PUBLIQUE,2,panel_avec_effets_fixes,6.0,True,
2006,2008,42.0,46.7815353945016,interne,30.0,,DETTE_PUBLIQUE,2,panel_avec_effets_fixes,7.0,True,
2007,2009,42.6,41.79664119530869,interne,39.0,,DETTE_PUBLIQUE,2,panel_avec_effets_fixes,9.0,True,
2008,2010,45.3,39.575833695762725,interne,48.0,,DETTE_PUBLIQUE,2,panel_avec_effets_fixes,9.0,True,
2009,2011,48.6,42.05771171664653,interne,57.0,,DETTE_PUBLIQUE,2,panel_avec_effets_fixes,9.0,True,
2010,2012,52.3,44.9104034531847,interne,66.0,,DETTE_PUBLIQUE,2,panel_avec_effets_fixes,9.0,True,
2011,2013,57.1,47.50069761516709,interne,75.0,,DETTE_PUBLIQUE,2,panel_avec_effets_fixes,9.0,True,
2012,2014,58.6,53.421151096470126,interne,84.0,,DETTE_PUBLIQUE,2,panel_avec_effets_fixes,9.0,True,
2013,2015,58.4,57.06966124665392,interne,93.0,,DETTE_PUBLIQUE,2,panel_avec_effets_fixes,9.0,True,
2014,2016,60.1,56.68462015267863,interne,102.0,,DETTE_PUBLIQUE,2,panel_avec_effets_fixes,9.0,True,
2015,2017,60.3,55.7625069806438,interne,111.0,,DETTE_PUBLIQUE,2,panel_avec_effets_fixes,9.0,True,
2016,2018,60.5,57.3416530782123,interne,120.0,,DETTE_PUBLIQUE,2,panel_avec_effets_fixes,9.0,True,
2017,2019,60.3,56.26246273879095,interne,129.0,,DETTE_PUBLIQUE,2,panel_avec_effets_fixes,9.0,True,
2018,2020,72.2,56.32362322951677,interne,138.0,,DETTE_PUBLIQUE,2,panel_avec_effets_fixes,9.0,True,
2019,2021,69.4,56.50247048286912,finale,147.0,,DETTE_PUBLIQUE,2,panel_avec_effets_fixes,9.0,True,
2020,2022,71.4,74.11710727476789,finale,156.0,,DETTE_PUBLIQUE,2,panel_avec_effets_fixes,9.0,True,
2021,2023,68.7,64.41622160315319,finale,165.0,,DETTE_PUBLIQUE,2,panel_avec_effets_fixes,9.0,True,
2022,2024,67.7,66.5801435965096,finale,174.0,,DETTE_PUBLIQUE,2,panel_avec_effets_fixes,9.0,True,
2004,2006,50.6,55.83012586108589,interne,14.0,,DETTE_PUBLIQUE,2,panel_leave_one_country_out,5.0,False,
2005,2007,47.1,59.12630646178697,interne,19.0,,DETTE_PUBLIQUE,2,panel_leave_one_country_out,5.0,False,
2006,2008,42.0,49.406393700825234,interne,25.0,,DETTE_PUBLIQUE,2,panel_leave_one_country_out,6.0,False,
2007,2009,42.6,43.11434175762194,interne,33.0,,DETTE_PUBLIQUE,2,panel_leave_one_country_out,8.0,False,
2008,2010,45.3,40.37602653261317,interne,41.0,,DETTE_PUBLIQUE,2,panel_leave_one_country_out,8.0,False,
2009,2011,48.6,44.852423926857576,interne,49.0,,DETTE_PUBLIQUE,2,panel_leave_one_country_out,8.0,False,
2010,2012,52.3,49.573325519142664,interne,57.0,,DETTE_PUBLIQUE,2,panel_leave_one_country_out,8.0,False,
2011,2013,57.1,50.94937644734088,interne,65.0,,DETTE_PUBLIQUE,2,panel_leave_one_country_out,8.0,False,
2012,2014,58.6,58.54540949011253,interne,73.0,,DETTE_PUBLIQUE,2,panel_leave_one_country_out,8.0,False,
2013,2015,58.4,62.655930763812435,interne,81.0,,DETTE_PUBLIQUE,2,panel_leave_one_country_out,8.0,False,
2014,2016,60.1,62.44827550533153,interne,89.0,,DETTE_PUBLIQUE,2,panel_leave_one_country_out,8.0,False,
2015,2017,60.3,61.526864377247094,interne,97.0,,DETTE_PUBLIQUE,2,panel_leave_one_country_out,8.0,False,
2016,2018,60.5,63.66089925301513,interne,105.0,,DETTE_PUBLIQUE,2,panel_leave_one_country_out,8.0,False,
2017,2019,60.3,61.04139205523324,interne,113.0,,DETTE_PUBLIQUE,2,panel_leave_one_country_out,8.0,False,
2018,2020,72.2,60.66973131521927,interne,121.0,,DETTE_PUBLIQUE,2,panel_leave_one_country_out,8.0,False,
2019,2021,69.4,60.58262136440876,finale,129.0,,DETTE_PUBLIQUE,2,panel_leave_one_country_out,8.0,False,
2020,2022,71.4,81.76700613692796,finale,137.0,,DETTE_PUBLIQUE,2,panel_leave_one_country_out,8.0,False,
2021,2023,68.7,68.47810393800052,finale,145.0,,DETTE_PUBLIQUE,2,panel_leave_one_country_out,8.0,False,
2022,2024,67.7,70.1942583813877,finale,153.0,,DETTE_PUBLIQUE,2,panel_leave_one_country_out,8.0,False,
2007,2009,42.6,47.1,interne,,,DETTE_PUBLIQUE,2,baseline_random_walk,,,
2008,2010,45.3,42.0,interne,,,DETTE_PUBLIQUE,2,baseline_random_walk,,,
2009,2011,48.6,42.6,interne,,,DETTE_PUBLIQUE,2,baseline_random_walk,,,
2010,2012,52.3,45.3,interne,,,DETTE_PUBLIQUE,2,baseline_random_walk,,,
2011,2013,57.1,48.6,interne,,,DETTE_PUBLIQUE,2,baseline_random_walk,,,
2012,2014,58.6,52.3,interne,,,DETTE_PUBLIQUE,2,baseline_random_walk,,,
2013,2015,58.4,57.1,interne,,,DETTE_PUBLIQUE,2,baseline_random_walk,,,
2014,2016,60.1,58.6,interne,,,DETTE_PUBLIQUE,2,baseline_random_walk,,,
2015,2017,60.3,58.4,interne,,,DETTE_PUBLIQUE,2,baseline_random_walk,,,
2016,2018,60.5,60.1,interne,,,DETTE_PUBLIQUE,2,baseline_random_walk,,,
2017,2019,60.3,60.3,interne,,,DETTE_PUBLIQUE,2,baseline_random_walk,,,
2018,2020,72.2,60.5,interne,,,DETTE_PUBLIQUE,2,baseline_random_walk,,,
2019,2021,69.4,60.3,finale,,,DETTE_PUBLIQUE,2,baseline_random_walk,,,
2020,2022,71.4,72.2,finale,,,DETTE_PUBLIQUE,2,baseline_random_walk,,,
2021,2023,68.7,69.4,finale,,,DETTE_PUBLIQUE,2,baseline_random_walk,,,
2022,2024,67.7,71.4,finale,,,DETTE_PUBLIQUE,2,baseline_random_walk,,,
2007,2009,42.6,45.6,interne,,,DETTE_PUBLIQUE,2,baseline_random_walk_drift,,,
2008,2010,45.3,39.98823529411764,interne,,,DETTE_PUBLIQUE,2,baseline_random_walk_drift,,,
2009,2011,48.6,40.766666666666666,interne,,,DETTE_PUBLIQUE,2,baseline_random_walk_drift,,,
2010,2012,52.3,43.84736842105263,interne,,,DETTE_PUBLIQUE,2,baseline_random_walk_drift,,,
2011,2013,57.1,47.550000000000004,interne,,,DETTE_PUBLIQUE,2,baseline_random_walk_drift,,,
2012,2014,58.6,51.65238095238095,interne,,,DETTE_PUBLIQUE,2,baseline_random_walk_drift,,,
2013,2015,58.4,56.91818181818182,interne,,,DETTE_PUBLIQUE,2,baseline_random_walk_drift,,,
2014,2016,60.1,58.55652173913044,interne,,,DETTE_PUBLIQUE,2,baseline_random_walk_drift,,,
2015,2017,60.3,58.34166666666667,interne,,,DETTE_PUBLIQUE,2,baseline_random_walk_drift,,,
2016,2018,60.5,60.18,interne,,,DETTE_PUBLIQUE,2,baseline_random_walk_drift,,,
2017,2019,60.3,60.39230769230769,interne,,,DETTE_PUBLIQUE,2,baseline_random_walk_drift,,,
2018,2020,72.2,60.6037037037037,interne,,,DETTE_PUBLIQUE,2,baseline_random_walk_drift,,,
2019,2021,69.4,60.385714285714286,finale,,,DETTE_PUBLIQUE,2,baseline_random_walk_drift,,,
2020,2022,71.4,73.10344827586208,finale,,,DETTE_PUBLIQUE,2,baseline_random_walk_drift,,,
2021,2023,68.7,70.08666666666667,finale,,,DETTE_PUBLIQUE,2,baseline_random_walk_drift,,,
2022,2024,67.7,72.19354838709678,finale,,,DETTE_PUBLIQUE,2,baseline_random_walk_drift,,,
2007,2009,42.6,41.18603700881168,interne,,,DETTE_PUBLIQUE,2,baseline_ar_p,,,3.0
2008,2010,45.3,33.89985747482171,interne,,,DETTE_PUBLIQUE,2,baseline_ar_p,,,3.0
2009,2011,48.6,35.27795064785913,interne,,,DETTE_PUBLIQUE,2,baseline_ar_p,,,3.0
2010,2012,52.3,42.292440351094456,interne,,,DETTE_PUBLIQUE,2,baseline_ar_p,,,3.0
2011,2013,57.1,48.80817225193534,interne,,,DETTE_PUBLIQUE,2,baseline_ar_p,,,3.0
2012,2014,58.6,53.59326103567116,interne,,,DETTE_PUBLIQUE,2,baseline_ar_p,,,3.0
2013,2015,58.4,58.7842535323843,interne,,,DETTE_PUBLIQUE,2,baseline_ar_p,,,3.0
2014,2016,60.1,59.19157156275251,interne,,,DETTE_PUBLIQUE,2,baseline_ar_p,,,3.0
2015,2017,60.3,57.3103168063943,interne,,,DETTE_PUBLIQUE,2,baseline_ar_p,,,3.0
2016,2018,60.5,58.76408669617122,interne,,,DETTE_PUBLIQUE,2,baseline_ar_p,,,3.0
2017,2019,60.3,59.050268142942265,interne,,,DETTE_PUBLIQUE,2,baseline_ar_p,,,3.0
2018,2020,72.2,58.77634223844742,interne,,,DETTE_PUBLIQUE,2,baseline_ar_p,,,3.0
2019,2021,69.4,58.55501801398111,finale,,,DETTE_PUBLIQUE,2,baseline_ar_p,,,3.0
2020,2022,71.4,71.8468931450965,finale,,,DETTE_PUBLIQUE,2,baseline_ar_p,,,3.0
2021,2023,68.7,68.50770820952941,finale,,,DETTE_PUBLIQUE,2,baseline_ar_p,,,3.0
2022,2024,67.7,66.99729703148668,finale,,,DETTE_PUBLIQUE,2,baseline_ar_p,,,3.0
2008,2011,48.6,44.2471624225647,interne,6.0,11.0,DETTE_PUBLIQUE,3,elasticnet,,,
2009,2012,52.3,38.78812657582058,interne,7.0,12.0,DETTE_PUBLIQUE,3,elasticnet,,,
2010,2013,57.1,42.870075995983925,interne,8.0,11.0,DETTE_PUBLIQUE,3,elasticnet,,,
2011,2014,58.6,44.86052682773118,interne,9.0,10.0,DETTE_PUBLIQUE,3,elasticnet,,,
2012,2015,58.4,45.18450892894192,interne,10.0,9.0,DETTE_PUBLIQUE,3,elasticnet,,,
2013,2016,60.1,49.50549372453353,interne,11.0,11.0,DETTE_PUBLIQUE,3,elasticnet,,,
2014,2017,60.3,46.22270907475165,interne,12.0,15.0,DETTE_PUBLIQUE,3,elasticnet,,,
2015,2018,60.5,46.76807208319413,interne,13.0,14.0,DETTE_PUBLIQUE,3,elasticnet,,,
2016,2019,60.3,47.20051371704471,interne,14.0,14.0,DETTE_PUBLIQUE,3,elasticnet,,,
2017,2020,72.2,54.82647745288414,interne,15.0,13.0,DETTE_PUBLIQUE,3,elasticnet,,,
2018,2021,69.4,50.42816439995755,finale,16.0,12.0,DETTE_PUBLIQUE,3,elasticnet,,,
2019,2022,71.4,51.39786552931119,finale,17.0,12.0,DETTE_PUBLIQUE,3,elasticnet,,,
2020,2023,68.7,62.65689546295299,finale,18.0,16.0,DETTE_PUBLIQUE,3,elasticnet,,,
2021,2024,67.7,101.32378806013017,finale,19.0,16.0,DETTE_PUBLIQUE,3,elasticnet,,,
2004,2007,47.1,51.74666658810158,interne,11.0,,DETTE_PUBLIQUE,3,panel_avec_effets_fixes,6.0,True,
2005,2008,42.0,51.011168924240316,interne,17.0,,DETTE_PUBLIQUE,3,panel_avec_effets_fixes,6.0,True,
2006,2009,42.6,46.07874035897884,interne,23.0,,DETTE_PUBLIQUE,3,panel_avec_effets_fixes,6.0,True,
2007,2010,45.3,41.54265142321325,interne,30.0,,DETTE_PUBLIQUE,3,panel_avec_effets_fixes,7.0,True,
2008,2011,48.6,38.435730044714475,interne,39.0,,DETTE_PUBLIQUE,3,panel_avec_effets_fixes,9.0,True,
2009,2012,52.3,38.42378729914705,interne,48.0,,DETTE_PUBLIQUE,3,panel_avec_effets_fixes,9.0,True,
2010,2013,57.1,40.68696279380337,interne,57.0,,DETTE_PUBLIQUE,3,panel_avec_effets_fixes,9.0,True,
2011,2014,58.6,45.47677670265034,interne,66.0,,DETTE_PUBLIQUE,3,panel_avec_effets_fixes,9.0,True,
2012,2015,58.4,51.11861983783542,interne,75.0,,DETTE_PUBLIQUE,3,panel_avec_effets_fixes,9.0,True,
2013,2016,60.1,55.493387326647756,interne,84.0,,DETTE_PUBLIQUE,3,panel_avec_effets_fixes,9.0,True,
2014,2017,60.3,57.2898707853295,interne,93.0,,DETTE_PUBLIQUE,3,panel_avec_effets_fixes,9.0,True,
2015,2018,60.5,56.339433506697446,interne,102.0,,DETTE_PUBLIQUE,3,panel_avec_effets_fixes,9.0,True,
2016,2019,60.3,57.80007539550784,interne,111.0,,DETTE_PUBLIQUE,3,panel_avec_effets_fixes,9.0,True,
2017,2020,72.2,55.787710234971684,interne,120.0,,DETTE_PUBLIQUE,3,panel_avec_effets_fixes,9.0,True,
2018,2021,69.4,56.16055299026427,finale,129.0,,DETTE_PUBLIQUE,3,panel_avec_effets_fixes,9.0,True,
2019,2022,71.4,55.71816184659215,finale,138.0,,DETTE_PUBLIQUE,3,panel_avec_effets_fixes,9.0,True,
2020,2023,68.7,73.73213431919764,finale,147.0,,DETTE_PUBLIQUE,3,panel_avec_effets_fixes,9.0,True,
2021,2024,67.7,62.43493766899983,finale,156.0,,DETTE_PUBLIQUE,3,panel_avec_effets_fixes,9.0,True,
2005,2008,42.0,60.70734979309019,interne,14.0,,DETTE_PUBLIQUE,3,panel_leave_one_country_out,5.0,False,
2006,2009,42.6,56.94338599322457,interne,19.0,,DETTE_PUBLIQUE,3,panel_leave_one_country_out,5.0,False,
2007,2010,45.3,44.609993306845105,interne,25.0,,DETTE_PUBLIQUE,3,panel_leave_one_country_out,6.0,False,
2008,2011,48.6,38.195150624523144,interne,33.0,,DETTE_PUBLIQUE,3,panel_leave_one_country_out,8.0,False,
2009,2012,52.3,42.35136636832885,interne,41.0,,DETTE_PUBLIQUE,3,panel_leave_one_country_out,8.0,False,
2010,2013,57.1,45.80554635535807,interne,49.0,,DETTE_PUBLIQUE,3,panel_leave_one_country_out,8.0,False,
2011,2014,58.6,52.89472296043857,interne,57.0,,DETTE_PUBLIQUE,3,panel_leave_one_country_out,8.0,False,
2012,2015,58.4,61.20959791717868,interne,65.0,,DETTE_PUBLIQUE,3,panel_leave_one_country_out,8.0,False,
2013,2016,60.1,65.41696639755986,interne,73.0,,DETTE_PUBLIQUE,3,panel_leave_one_country_out,8.0,False,
2014,2017,60.3,66.32839255383293,interne,81.0,,DETTE_PUBLIQUE,3,panel_leave_one_country_out,8.0,False,
2015,2018,60.5,64.37583439469194,interne,89.0,,DETTE_PUBLIQUE,3,panel_leave_one_country_out,8.0,False,
2016,2019,60.3,66.66143392884547,interne,97.0,,DETTE_PUBLIQUE,3,panel_leave_one_country_out,8.0,False,
2017,2020,72.2,62.237160086838685,interne,105.0,,DETTE_PUBLIQUE,3,panel_leave_one_country_out,8.0,False,
2018,2021,69.4,62.11944439023869,finale,113.0,,DETTE_PUBLIQUE,3,panel_leave_one_country_out,8.0,False,
2019,2022,71.4,61.33060068846072,finale,121.0,,DETTE_PUBLIQUE,3,panel_leave_one_country_out,8.0,False,
2020,2023,68.7,84.21793868474333,finale,129.0,,DETTE_PUBLIQUE,3,panel_leave_one_country_out,8.0,False,
2021,2024,67.7,67.43092700530023,finale,137.0,,DETTE_PUBLIQUE,3,panel_leave_one_country_out,8.0,False,
2008,2011,48.6,42.0,interne,,,DETTE_PUBLIQUE,3,baseline_random_walk,,,
2009,2012,52.3,42.6,interne,,,DETTE_PUBLIQUE,3,baseline_random_walk,,,
2010,2013,57.1,45.3,interne,,,DETTE_PUBLIQUE,3,baseline_random_walk,,,
2011,2014,58.6,48.6,interne,,,DETTE_PUBLIQUE,3,baseline_random_walk,,,
2012,2015,58.4,52.3,interne,,,DETTE_PUBLIQUE,3,baseline_random_walk,,,
2013,2016,60.1,57.1,interne,,,DETTE_PUBLIQUE,3,baseline_random_walk,,,
2014,2017,60.3,58.6,interne,,,DETTE_PUBLIQUE,3,baseline_random_walk,,,
2015,2018,60.5,58.4,interne,,,DETTE_PUBLIQUE,3,baseline_random_walk,,,
2016,2019,60.3,60.1,interne,,,DETTE_PUBLIQUE,3,baseline_random_walk,,,
2017,2020,72.2,60.3,interne,,,DETTE_PUBLIQUE,3,baseline_random_walk,,,
2018,2021,69.4,60.5,finale,,,DETTE_PUBLIQUE,3,baseline_random_walk,,,
2019,2022,71.4,60.3,finale,,,DETTE_PUBLIQUE,3,baseline_random_walk,,,
2020,2023,68.7,72.2,finale,,,DETTE_PUBLIQUE,3,baseline_random_walk,,,
2021,2024,67.7,69.4,finale,,,DETTE_PUBLIQUE,3,baseline_random_walk,,,
2008,2011,48.6,38.98235294117647,interne,,,DETTE_PUBLIQUE,3,baseline_random_walk_drift,,,
2009,2012,52.3,39.85,interne,,,DETTE_PUBLIQUE,3,baseline_random_walk_drift,,,
2010,2013,57.1,43.12105263157894,interne,,,DETTE_PUBLIQUE,3,baseline_random_walk_drift,,,
2011,2014,58.6,47.025,interne,,,DETTE_PUBLIQUE,3,baseline_random_walk_drift,,,
2012,2015,58.4,51.32857142857142,interne,,,DETTE_PUBLIQUE,3,baseline_random_walk_drift,,,
2013,2016,60.1,56.82727272727273,interne,,,DETTE_PUBLIQUE,3,baseline_random_walk_drift,,,
2014,2017,60.3,58.53478260869565,interne,,,DETTE_PUBLIQUE,3,baseline_random_walk_drift,,,
2015,2018,60.5,58.3125,interne,,,DETTE_PUBLIQUE,3,baseline_random_walk_drift,,,
2016,2019,60.3,60.22,interne,,,DETTE_PUBLIQUE,3,baseline_random_walk_drift,,,
2017,2020,72.2,60.43846153846154,interne,,,DETTE_PUBLIQUE,3,baseline_random_walk_drift,,,
2018,2021,69.4,60.65555555555556,finale,,,DETTE_PUBLIQUE,3,baseline_random_walk_drift,,,
2019,2022,71.4,60.42857142857142,finale,,,DETTE_PUBLIQUE,3,baseline_random_walk_drift,,,
2020,2023,68.7,73.5551724137931,finale,,,DETTE_PUBLIQUE,3,baseline_random_walk_drift,,,
2021,2024,67.7,70.43,finale,,,DETTE_PUBLIQUE,3,baseline_random_walk_drift,,,
2008,2011,48.6,29.513716080954737,interne,,,DETTE_PUBLIQUE,3,baseline_ar_p,,,3.0
2009,2012,52.3,30.278326409247025,interne,,,DETTE_PUBLIQUE,3,baseline_ar_p,,,3.0
2010,2013,57.1,40.27094032852592,interne,,,DETTE_PUBLIQUE,3,baseline_ar_p,,,3.0
2011,2014,58.6,48.16510627056535,interne,,,DETTE_PUBLIQUE,3,baseline_ar_p,,,3.0
2012,2015,58.4,53.18282650823335,interne,,,DETTE_PUBLIQUE,3,baseline_ar_p,,,3.0
2013,2016,60.1,57.977611991979245,interne,,,DETTE_PUBLIQUE,3,baseline_ar_p,,,3.0
2014,2017,60.3,58.728738595505284,interne,,,DETTE_PUBLIQUE,3,baseline_ar_p,,,3.0
2015,2018,60.5,56.64562484935474,interne,,,DETTE_PUBLIQUE,3,baseline_ar_p,,,3.0
2016,2019,60.3,57.434080055934665,interne,,,DETTE_PUBLIQUE,3,baseline_ar_p,,,3.0
2017,2020,72.2,58.14096872436252,interne,,,DETTE_PUBLIQUE,3,baseline_ar_p,,,3.0
2018,2021,69.4,57.68641663668335,finale,,,DETTE_PUBLIQUE,3,baseline_ar_p,,,3.0
2019,2022,71.4,57.58182807370859,finale,,,DETTE_PUBLIQUE,3,baseline_ar_p,,,3.0
2020,2023,68.7,67.86685545004434,finale,,,DETTE_PUBLIQUE,3,baseline_ar_p,,,3.0
2021,2024,67.7,67.9625288863149,finale,,,DETTE_PUBLIQUE,3,baseline_ar_p,,,3.0
2009,2013,57.1,40.75489916323636,interne,6.0,7.0,DETTE_PUBLIQUE,4,elasticnet,,,
2010,2014,58.6,45.54896797266334,interne,7.0,6.0,DETTE_PUBLIQUE,4,elasticnet,,,
2011,2015,58.4,45.28461158590497,interne,8.0,8.0,DETTE_PUBLIQUE,4,elasticnet,,,
2012,2016,60.1,43.19292381020439,interne,9.0,8.0,DETTE_PUBLIQUE,4,elasticnet,,,
2013,2017,60.3,42.91224260887552,interne,10.0,8.0,DETTE_PUBLIQUE,4,elasticnet,,,
2014,2018,60.5,41.965356066807374,interne,11.0,8.0,DETTE_PUBLIQUE,4,elasticnet,,,
2015,2019,60.3,41.47689515810326,interne,12.0,6.0,DETTE_PUBLIQUE,4,elasticnet,,,
2016,2020,72.2,46.44772336698715,interne,13.0,11.0,DETTE_PUBLIQUE,4,elasticnet,,,
2017,2021,69.4,53.03084776893061,finale,14.0,11.0,DETTE_PUBLIQUE,4,elasticnet,,,
2018,2022,71.4,53.46762977927671,finale,15.0,10.0,DETTE_PUBLIQUE,4,elasticnet,,,
2019,2023,68.7,48.46428634622243,finale,16.0,10.0,DETTE_PUBLIQUE,4,elasticnet,,,
2020,2024,67.7,78.89575530766888,finale,17.0,12.0,DETTE_PUBLIQUE,4,elasticnet,,,
2005,2009,42.6,53.62670721564347,interne,11.0,,DETTE_PUBLIQUE,4,panel_avec_effets_fixes,6.0,True,
2006,2010,45.3,45.15661197659472,interne,17.0,,DETTE_PUBLIQUE,4,panel_avec_effets_fixes,6.0,True,
2007,2011,48.6,40.45835386572459,interne,23.0,,DETTE_PUBLIQUE,4,panel_avec_effets_fixes,6.0,True,
2008,2012,52.3,36.19529164516144,interne,30.0,,DETTE_PUBLIQUE,4,panel_avec_effets_fixes,7.0,True,
2009,2013,57.1,36.68013490859309,interne,39.0,,DETTE_PUBLIQUE,4,panel_avec_effets_fixes,9.0,True,
2010,2014,58.6,39.500326573794226,interne,48.0,,DETTE_PUBLIQUE,4,panel_avec_effets_fixes,9.0,True,
2011,2015,58.4,43.42701183456904,interne,57.0,,DETTE_PUBLIQUE,4,panel_avec_effets_fixes,9.0,True,
2012,2016,60.1,48.02584122942049,interne,66.0,,DETTE_PUBLIQUE,4,panel_avec_effets_fixes,9.0,True,
2013,2017,60.3,52.083026413086756,interne,75.0,,DETTE_PUBLIQUE,4,panel_avec_effets_fixes,9.0,True,
2014,2018,60.5,56.74786242240947,interne,84.0,,DETTE_PUBLIQUE,4,panel_avec_effets_fixes,9.0,True,
2015,2019,60.3,57.8740264705302,interne,93.0,,DETTE_PUBLIQUE,4,panel_avec_effets_fixes,9.0,True,
2016,2020,72.2,58.81756122777192,interne,102.0,,DETTE_PUBLIQUE,4,panel_avec_effets_fixes,9.0,True,
2017,2021,69.4,56.852030935579926,finale,111.0,,DETTE_PUBLIQUE,4,panel_avec_effets_fixes,9.0,True,
2018,2022,71.4,56.81309281940051,finale,120.0,,DETTE_PUBLIQUE,4,panel_avec_effets_fixes,9.0,True,
2019,2023,68.7,55.92664861654019,finale,129.0,,DETTE_PUBLIQUE,4,panel_avec_effets_fixes,9.0,True,
2020,2024,67.7,72.69409687644784,finale,138.0,,DETTE_PUBLIQUE,4,panel_avec_effets_fixes,9.0,True,
2006,2010,45.3,60.48432571006448,interne,14.0,,DETTE_PUBLIQUE,4,panel_leave_one_country_out,5.0,False,
2007,2011,48.6,50.52089449702433,interne,19.0,,DETTE_PUBLIQUE,4,panel_leave_one_country_out,5.0,False,
2008,2012,52.3,37.341048095919106,interne,25.0,,DETTE_PUBLIQUE,4,panel_leave_one_country_out,6.0,False,
2009,2013,57.1,39.632523936731076,interne,33.0,,DETTE_PUBLIQUE,4,panel_leave_one_country_out,8.0,False,
2010,2014,58.6,42.43176810697309,interne,41.0,,DETTE_PUBLIQUE,4,panel_leave_one_country_out,8.0,False,
2011,2015,58.4,52.809819082079,interne,49.0,,DETTE_PUBLIQUE,4,panel_leave_one_country_out,8.0,False,
2012,2016,60.1,64.86918982004737,interne,57.0,,DETTE_PUBLIQUE,4,panel_leave_one_country_out,8.0,False,
2013,2017,60.3,68.51992263970939,interne,65.0,,DETTE_PUBLIQUE,4,panel_leave_one_country_out,8.0,False,
2014,2018,60.5,70.52416766534944,interne,73.0,,DETTE_PUBLIQUE,4,panel_leave_one_country_out,8.0,False,
2015,2019,60.3,69.97947955325114,interne,81.0,,DETTE_PUBLIQUE,4,panel_leave_one_country_out,8.0,False,
2016,2020,72.2,69.65092074937229,interne,89.0,,DETTE_PUBLIQUE,4,panel_leave_one_country_out,8.0,False,
2017,2021,69.4,65.62726924939582,finale,97.0,,DETTE_PUBLIQUE,4,panel_leave_one_country_out,8.0,False,
2018,2022,71.4,64.96705522591623,finale,105.0,,DETTE_PUBLIQUE,4,panel_leave_one_country_out,8.0,False,
2019,2023,68.7,63.521939475608505,finale,113.0,,DETTE_PUBLIQUE,4,panel_leave_one_country_out,8.0,False,
2020,2024,67.7,86.16186327314303,finale,121.0,,DETTE_PUBLIQUE,4,panel_leave_one_country_out,8.0,False,
2009,2013,57.1,42.6,interne,,,DETTE_PUBLIQUE,4,baseline_random_walk,,,
2010,2014,58.6,45.3,interne,,,DETTE_PUBLIQUE,4,baseline_random_walk,,,
2011,2015,58.4,48.6,interne,,,DETTE_PUBLIQUE,4,baseline_random_walk,,,
2012,2016,60.1,52.3,interne,,,DETTE_PUBLIQUE,4,baseline_random_walk,,,
2013,2017,60.3,57.1,interne,,,DETTE_PUBLIQUE,4,baseline_random_walk,,,
2014,2018,60.5,58.6,interne,,,DETTE_PUBLIQUE,4,baseline_random_walk,,,
2015,2019,60.3,58.4,interne,,,DETTE_PUBLIQUE,4,baseline_random_walk,,,
2016,2020,72.2,60.1,interne,,,DETTE_PUBLIQUE,4,baseline_random_walk,,,
2017,2021,69.4,60.3,finale,,,DETTE_PUBLIQUE,4,baseline_random_walk,,,
2018,2022,71.4,60.5,finale,,,DETTE_PUBLIQUE,4,baseline_random_walk,,,
2019,2023,68.7,60.3,finale,,,DETTE_PUBLIQUE,4,baseline_random_walk,,,
2020,2024,67.7,72.2,finale,,,DETTE_PUBLIQUE,4,baseline_random_walk,,,
2009,2013,57.1,38.93333333333334,interne,,,DETTE_PUBLIQUE,4,baseline_random_walk_drift,,,
2010,2014,58.6,42.39473684210526,interne,,,DETTE_PUBLIQUE,4,baseline_random_walk_drift,,,
2011,2015,58.4,46.5,interne,,,DETTE_PUBLIQUE,4,baseline_random_walk_drift,,,
2012,2016,60.1,51.0047619047619,interne,,,DETTE_PUBLIQUE,4,baseline_random_walk_drift,,,
2013,2017,60.3,56.736363636363635,interne,,,DETTE_PUBLIQUE,4,baseline_random_walk_drift,,,
2014,2018,60.5,58.51304347826087,interne,,,DETTE_PUBLIQUE,4,baseline_random_walk_drift,,,
2015,2019,60.3,58.28333333333333,interne,,,DETTE_PUBLIQUE,4,baseline_random_walk_drift,,,
2016,2020,72.2,60.26,interne,,,DETTE_PUBLIQUE,4,baseline_random_walk_drift,,,
2017,2021,69.4,60.48461538461538,finale,,,DETTE_PUBLIQUE,4,baseline_random_walk_drift,,,
2018,2022,71.4,60.70740740740741,finale,,,DETTE_PUBLIQUE,4,baseline_random_walk_drift,,,
2019,2023,68.7,60.47142857142857,finale,,,DETTE_PUBLIQUE,4,baseline_random_walk_drift,,,
2020,2024,67.7,74.00689655172414,finale,,,DETTE_PUBLIQUE,4,baseline_random_walk_drift,,,
2009,2013,57.1,27.312882938151695,interne,,,DETTE_PUBLIQUE,4,baseline_ar_p,,,3.0
2010,2014,58.6,39.51627587745802,interne,,,DETTE_PUBLIQUE,4,baseline_ar_p,,,3.0
2011,2015,58.4,48.24061676337176,interne,,,DETTE_PUBLIQUE,4,baseline_ar_p,,,3.0
2012,2016,60.1,53.26577036872217,interne,,,DETTE_PUBLIQUE,4,baseline_ar_p,,,3.0
2013,2017,60.3,57.76034942626506,interne,,,DETTE_PUBLIQUE,4,baseline_ar_p,,,3.0
2014,2018,60.5,57.725272704516804,interne,,,DETTE_PUBLIQUE,4,baseline_ar_p,,,3.0
2015,2019,60.3,55.84718524809151,interne,,,DETTE_PUBLIQUE,4,baseline_ar_p,,,3.0
2016,2020,72.2,56.93017051601484,interne,,,DETTE_PUBLIQUE,4,baseline_ar_p,,,3.0
2017,2021,69.4,57.20725549610497,finale,,,DETTE_PUBLIQUE,4,baseline_ar_p,,,3.0
2018,2022,71.4,56.92484875741991,finale,,,DETTE_PUBLIQUE,4,baseline_ar_p,,,3.0
2019,2023,68.7,56.8160462439425,finale,,,DETTE_PUBLIQUE,4,baseline_ar_p,,,3.0
2020,2024,67.7,67.52845840983028,finale,,,DETTE_PUBLIQUE,4,baseline_ar_p,,,3.0
2010,2015,58.4,44.44550983849709,interne,6.0,19.0,DETTE_PUBLIQUE,5,elasticnet,,,
2011,2016,60.1,45.82768161522637,interne,7.0,19.0,DETTE_PUBLIQUE,5,elasticnet,,,
2012,2017,60.3,41.37020765231384,interne,8.0,21.0,DETTE_PUBLIQUE,5,elasticnet,,,
2013,2018,60.5,42.052073996369145,interne,9.0,20.0,DETTE_PUBLIQUE,5,elasticnet,,,
2014,2019,60.3,48.65953297701768,interne,10.0,22.0,DETTE_PUBLIQUE,5,elasticnet,,,
2015,2020,72.2,48.050164787966075,interne,11.0,18.0,DETTE_PUBLIQUE,5,elasticnet,,,
2016,2021,69.4,46.66226103055525,finale,12.0,20.0,DETTE_PUBLIQUE,5,elasticnet,,,
2017,2022,71.4,57.41508358074873,finale,13.0,21.0,DETTE_PUBLIQUE,5,elasticnet,,,
2018,2023,68.7,59.038783839771625,finale,14.0,22.0,DETTE_PUBLIQUE,5,elasticnet,,,
2019,2024,67.7,52.79485221755909,finale,15.0,21.0,DETTE_PUBLIQUE,5,elasticnet,,,
2006,2011,48.6,44.35111036053693,interne,11.0,,DETTE_PUBLIQUE,5,panel_avec_effets_fixes,6.0,True,
2007,2012,52.3,41.04463716432745,interne,17.0,,DETTE_PUBLIQUE,5,panel_avec_effets_fixes,6.0,True,
2008,2013,57.1,33.25768792868892,interne,23.0,,DETTE_PUBLIQUE,5,panel_avec_effets_fixes,6.0,True,
2009,2014,58.6,31.906813964340174,interne,30.0,,DETTE_PUBLIQUE,5,panel_avec_effets_fixes,7.0,True,
2010,2015,58.4,35.37932334975158,interne,39.0,,DETTE_PUBLIQUE,5,panel_avec_effets_fixes,9.0,True,
2011,2016,60.1,41.07346185494647,interne,48.0,,DETTE_PUBLIQUE,5,panel_avec_effets_fixes,9.0,True,
2012,2017,60.3,46.29615523308758,interne,57.0,,DETTE_PUBLIQUE,5,panel_avec_effets_fixes,9.0,True,
2013,2018,60.5,51.453846344769126,interne,66.0,,DETTE_PUBLIQUE,5,panel_avec_effets_fixes,9.0,True,
2014,2019,60.3,59.311292936719546,interne,75.0,,DETTE_PUBLIQUE,5,panel_avec_effets_fixes,9.0,True,
2015,2020,72.2,60.80910686790994,interne,84.0,,DETTE_PUBLIQUE,5,panel_avec_effets_fixes,9.0,True,
2016,2021,69.4,60.30596316953665,finale,93.0,,DETTE_PUBLIQUE,5,panel_avec_effets_fixes,9.0,True,
2017,2022,71.4,57.462250493600585,finale,102.0,,DETTE_PUBLIQUE,5,panel_avec_effets_fixes,9.0,True,
2018,2023,68.7,58.58675798126953,finale,111.0,,DETTE_PUBLIQUE,5,panel_avec_effets_fixes,9.0,True,
2019,2024,67.7,57.87126590933508,finale,120.0,,DETTE_PUBLIQUE,5,panel_avec_effets_fixes,9.0,True,
2007,2012,52.3,46.93887511876537,interne,14.0,,DETTE_PUBLIQUE,5,panel_leave_one_country_out,5.0,False,
2008,2013,57.1,32.94234064166126,interne,19.0,,DETTE_PUBLIQUE,5,panel_leave_one_country_out,5.0,False,
2009,2014,58.6,32.166844485987454,interne,25.0,,DETTE_PUBLIQUE,5,panel_leave_one_country_out,6.0,False,
2010,2015,58.4,39.36681711631399,interne,33.0,,DETTE_PUBLIQUE,5,panel_leave_one_country_out,8.0,False,
2011,2016,60.1,51.23690779546929,interne,41.0,,DETTE_PUBLIQUE,5,panel_leave_one_country_out,8.0,False,
2012,2017,60.3,64.66955872525004,interne,49.0,,DETTE_PUBLIQUE,5,panel_leave_one_country_out,8.0,False,
2013,2018,60.5,70.353907401153,interne,57.0,,DETTE_PUBLIQUE,5,panel_leave_one_country_out,8.0,False,
2014,2019,60.3,74.1667242611769,interne,65.0,,DETTE_PUBLIQUE,5,panel_leave_one_country_out,8.0,False,
2015,2020,72.2,72.04507689184523,interne,73.0,,DETTE_PUBLIQUE,5,panel_leave_one_country_out,8.0,False,
2016,2021,69.4,72.05704467375807,finale,81.0,,DETTE_PUBLIQUE,5,panel_leave_one_country_out,8.0,False,
2017,2022,71.4,66.6858446415545,finale,89.0,,DETTE_PUBLIQUE,5,panel_leave_one_country_out,8.0,False,
2018,2023,68.7,65.55026625457242,finale,97.0,,DETTE_PUBLIQUE,5,panel_leave_one_country_out,8.0,False,
2019,2024,67.7,64.00629246849591,finale,105.0,,DETTE_PUBLIQUE,5,panel_leave_one_country_out,8.0,False,
2010,2015,58.4,45.3,interne,,,DETTE_PUBLIQUE,5,baseline_random_walk,,,
2011,2016,60.1,48.6,interne,,,DETTE_PUBLIQUE,5,baseline_random_walk,,,
2012,2017,60.3,52.3,interne,,,DETTE_PUBLIQUE,5,baseline_random_walk,,,
2013,2018,60.5,57.1,interne,,,DETTE_PUBLIQUE,5,baseline_random_walk,,,
2014,2019,60.3,58.6,interne,,,DETTE_PUBLIQUE,5,baseline_random_walk,,,
2015,2020,72.2,58.4,interne,,,DETTE_PUBLIQUE,5,baseline_random_walk,,,
2016,2021,69.4,60.1,finale,,,DETTE_PUBLIQUE,5,baseline_random_walk,,,
2017,2022,71.4,60.3,finale,,,DETTE_PUBLIQUE,5,baseline_random_walk,,,
2018,2023,68.7,60.5,finale,,,DETTE_PUBLIQUE,5,baseline_random_walk,,,
2019,2024,67.7,60.3,finale,,,DETTE_PUBLIQUE,5,baseline_random_walk,,,
2010,2015,58.4,41.66842105263157,interne,,,DETTE_PUBLIQUE,5,baseline_random_walk_drift,,,
2011,2016,60.1,45.975,interne,,,DETTE_PUBLIQUE,5,baseline_random_walk_drift,,,
2012,2017,60.3,50.68095238095238,interne,,,DETTE_PUBLIQUE,5,baseline_random_walk_drift,,,
2013,2018,60.5,56.64545454545455,interne,,,DETTE_PUBLIQUE,5,baseline_random_walk_drift,,,
2014,2019,60.3,58.49130434782609,interne,,,DETTE_PUBLIQUE,5,baseline_random_walk_drift,,,
2015,2020,72.2,58.25416666666666,interne,,,DETTE_PUBLIQUE,5,baseline_random_walk_drift,,,
2016,2021,69.4,60.300000000000004,finale,,,DETTE_PUBLIQUE,5,baseline_random_walk_drift,,,
2017,2022,71.4,60.530769230769224,finale,,,DETTE_PUBLIQUE,5,baseline_random_walk_drift,,,
2018,2023,68.7,60.75925925925926,finale,,,DETTE_PUBLIQUE,5,baseline_random_walk_drift,,,
2019,2024,67.7,60.51428571428571,finale,,,DETTE_PUBLIQUE,5,baseline_random_walk_drift,,,
2010,2015,58.4,37.98893384840657,interne,,,DETTE_PUBLIQUE,5,baseline_ar_p,,,3.0
2011,2016,60.1,47.78631333298594,interne,,,DETTE_PUBLIQUE,5,baseline_ar_p,,,3.0
2012,2017,60.3,52.80265410194858,interne,,,DETTE_PUBLIQUE,5,baseline_ar_p,,,3.0
2013,2018,60.5,56.74013549394796,interne,,,DETTE_PUBLIQUE,5,baseline_ar_p,,,3.0
2014,2019,60.3,56.949605732036076,interne,,,DETTE_PUBLIQUE,5,baseline_ar_p,,,3.0
2015,2020,72.2,55.28396282525416,interne,,,DETTE_PUBLIQUE,5,baseline_ar_p,,,3.0
2016,2021,69.4,55.95433222686422,finale,,,DETTE_PUBLIQUE,5,baseline_ar_p,,,3.0
2017,2022,71.4,56.4348035794173,finale,,,DETTE_PUBLIQUE,5,baseline_ar_p,,,3.0
2018,2023,68.7,56.142634302171786,finale,,,DETTE_PUBLIQUE,5,baseline_ar_p,,,3.0
2019,2024,67.7,56.130359900877984,finale,,,DETTE_PUBLIQUE,5,baseline_ar_p,,,3.0
2006,2007,-0.140355839695735,2.3960215254560215,interne,6.0,0.0,BALANCE_COURANTE,1,elasticnet,,,
2007,2008,-4.4474051229375,2.0303492779841714,interne,7.0,1.0,BALANCE_COURANTE,1,elasticnet,,,
2008,2009,-4.91456971921294,1.059889915842203,interne,8.0,2.0,BALANCE_COURANTE,1,elasticnet,,,
2009,2010,-3.89149487244856,-0.10835362883220023,interne,9.0,5.0,BALANCE_COURANTE,1,elasticnet,,,
2010,2011,-7.26703537698178,-0.5091148696640819,interne,10.0,5.0,BALANCE_COURANTE,1,elasticnet,,,
2011,2012,-8.95034696939187,-2.418931643229117,interne,11.0,7.0,BALANCE_COURANTE,1,elasticnet,,,
2012,2013,-6.77731894447504,-4.280448223672668,interne,12.0,8.0,BALANCE_COURANTE,1,elasticnet,,,
2013,2014,-5.53783287947428,-3.9983084245961655,interne,13.0,9.0,BALANCE_COURANTE,1,elasticnet,,,
2014,2015,-1.95690775142638,-4.1128183670161755,interne,14.0,9.0,BALANCE_COURANTE,1,elasticnet,,,
2015,2016,-3.74613174513,-2.5570943297348316,interne,15.0,8.0,BALANCE_COURANTE,1,elasticnet,,,
2016,2017,-3.10210665362039,-3.378288576517686,interne,16.0,8.0,BALANCE_COURANTE,1,elasticnet,,,
2017,2018,-4.87290163435469,-2.9532604395433064,interne,17.0,8.0,BALANCE_COURANTE,1,elasticnet,,,
2018,2019,-3.4182057355437,-3.1634900894818925,interne,18.0,8.0,BALANCE_COURANTE,1,elasticnet,,,
2019,2020,-1.1275993199651,-2.9092156865377365,interne,19.0,8.0,BALANCE_COURANTE,1,elasticnet,,,
2020,2021,-2.35786783699057,-2.1058012314366144,finale,20.0,8.0,BALANCE_COURANTE,1,elasticnet,,,
2021,2022,-3.6574911910038,-2.1844154849697595,finale,21.0,8.0,BALANCE_COURANTE,1,elasticnet,,,
2022,2023,-1.04767760599469,-2.6674093068291564,finale,22.0,8.0,BALANCE_COURANTE,1,elasticnet,,,
2023,2024,-1.23072108998601,-2.2731198751286072,finale,23.0,8.0,BALANCE_COURANTE,1,elasticnet,,,
2002,2003,2.72583245907781,3.470402445243447,interne,18.0,,BALANCE_COURANTE,1,panel_avec_effets_fixes,9.0,True,
2003,2004,1.46649924876604,2.652252411129749,interne,27.0,,BALANCE_COURANTE,1,panel_avec_effets_fixes,9.0,True,
2004,2005,1.51129572542934,2.2144335209943686,interne,36.0,,BALANCE_COURANTE,1,panel_avec_effets_fixes,9.0,True,
2005,2006,1.85973036169923,1.8832210738826087,interne,45.0,,BALANCE_COURANTE,1,panel_avec_effets_fixes,9.0,True,
2006,2007,-0.140355839695735,2.0002151527728587,interne,54.0,,BALANCE_COURANTE,1,panel_avec_effets_fixes,9.0,True,
2007,2008,-4.4474051229375,0.33504036346062815,interne,63.0,,BALANCE_COURANTE,1,panel_avec_effets_fixes,9.0,True,
2008,2009,-4.91456971921294,-3.3218559820164066,interne,72.0,,BALANCE_COURANTE,1,panel_avec_effets_fixes,9.0,True,
2009,2010,-3.89149487244856,-2.8366763020417896,interne,81.0,,BALANCE_COURANTE,1,panel_avec_effets_fixes,9.0,True,
2010,2011,-7.26703537698178,-2.8223752390457655,interne,90.0,,BALANCE_COURANTE,1,panel_avec_effets_fixes,9.0,True,
2011,2012,-8.95034696939187,-5.631093553056162,interne,99.0,,BALANCE_COURANTE,1,panel_avec_effets_fixes,9.0,True,
2012,2013,-6.77731894447504,-6.7444264238436675,interne,108.0,,BALANCE_COURANTE,1,panel_avec_effets_fixes,9.0,True,
2013,2014,-5.53783287947428,-5.642346246070349,interne,117.0,,BALANCE_COURANTE,1,panel_avec_effets_fixes,9.0,True,
2014,2015,-1.95690775142638,-4.804159156006723,interne,126.0,,BALANCE_COURANTE,1,panel_avec_effets_fixes,9.0,True,
2015,2016,-3.74613174513,-2.049974254453862,interne,135.0,,BALANCE_COURANTE,1,panel_avec_effets_fixes,9.0,True,
2016,2017,-3.10210665362039,-3.2953459511527625,interne,144.0,,BALANCE_COURANTE,1,panel_avec_effets_fixes,9.0,True,
2017,2018,-4.87290163435469,-2.701381438730158,interne,153.0,,BALANCE_COURANTE,1,panel_avec_effets_fixes,9.0,True,
2018,2019,-3.4182057355437,-4.050464556456752,interne,162.0,,BALANCE_COURANTE,1,panel_avec_effets_fixes,9.0,True,
2019,2020,-1.1275993199651,-2.8907032285550227,interne,171.0,,BALANCE_COURANTE,1,panel_avec_effets_fixes,9.0,True,
2020,2021,-2.35786783699057,-1.3687737153774926,finale,180.0,,BALANCE_COURANTE,1,panel_avec_effets_fixes,9.0,True,
2021,2022,-3.6574911910038,-2.2290190960112937,finale,189.0,,BALANCE_COURANTE,1,panel_avec_effets_fixes,9.0,True,
2022,2023,-1.04767760599469,-3.0205980142681064,finale,198.0,,BALANCE_COURANTE,1,panel_avec_effets_fixes,9.0,True,
2023,2024,-1.23072108998601,-1.1956014039736398,finale,207.0,,BALANCE_COURANTE,1,panel_avec_effets_fixes,9.0,True,
2002,2003,2.72583245907781,2.873948223219688,interne,16.0,,BALANCE_COURANTE,1,panel_leave_one_country_out,8.0,False,
2003,2004,1.46649924876604,1.999607998546193,interne,24.0,,BALANCE_COURANTE,1,panel_leave_one_country_out,8.0,False,
2004,2005,1.51129572542934,2.105636684912935,interne,32.0,,BALANCE_COURANTE,1,panel_leave_one_country_out,8.0,False,
2005,2006,1.85973036169923,2.1074441454908035,interne,40.0,,BALANCE_COURANTE,1,panel_leave_one_country_out,8.0,False,
2006,2007,-0.140355839695735,2.2809672334633873,interne,48.0,,BALANCE_COURANTE,1,panel_leave_one_country_out,8.0,False,
2007,2008,-4.4474051229375,0.3964617079106049,interne,56.0,,BALANCE_COURANTE,1,panel_leave_one_country_out,8.0,False,
2008,2009,-4.91456971921294,-3.13037692886817,interne,64.0,,BALANCE_COURANTE,1,panel_leave_one_country_out,8.0,False,
2009,2010,-3.89149487244856,-2.743186828826976,interne,72.0,,BALANCE_COURANTE,1,panel_leave_one_country_out,8.0,False,
2010,2011,-7.26703537698178,-3.109171809716151,interne,80.0,,BALANCE_COURANTE,1,panel_leave_one_country_out,8.0,False,
2011,2012,-8.95034696939187,-6.055635059926215,interne,88.0,,BALANCE_COURANTE,1,panel_leave_one_country_out,8.0,False,
2012,2013,-6.77731894447504,-7.0470995427635845,interne,96.0,,BALANCE_COURANTE,1,panel_leave_one_country_out,8.0,False,
2013,2014,-5.53783287947428,-5.848485026532106,interne,104.0,,BALANCE_COURANTE,1,panel_leave_one_country_out,8.0,False,
2014,2015,-1.95690775142638,-5.0386091774347515,interne,112.0,,BALANCE_COURANTE,1,panel_leave_one_country_out,8.0,False,
2015,2016,-3.74613174513,-2.114005122875043,interne,120.0,,BALANCE_COURANTE,1,panel_leave_one_country_out,8.0,False,
2016,2017,-3.10210665362039,-3.2888469102340467,interne,128.0,,BALANCE_COURANTE,1,panel_leave_one_country_out,8.0,False,
2017,2018,-4.87290163435469,-2.5462673386668078,interne,136.0,,BALANCE_COURANTE,1,panel_leave_one_country_out,8.0,False,
2018,2019,-3.4182057355437,-3.9489677446574034,interne,144.0,,BALANCE_COURANTE,1,panel_leave_one_country_out,8.0,False,
2019,2020,-1.1275993199651,-2.775213724340491,interne,152.0,,BALANCE_COURANTE,1,panel_leave_one_country_out,8.0,False,
2020,2021,-2.35786783699057,-1.2767763984184664,finale,160.0,,BALANCE_COURANTE,1,panel_leave_one_country_out,8.0,False,
2021,2022,-3.6574911910038,-2.1298564514984832,finale,168.0,,BALANCE_COURANTE,1,panel_leave_one_country_out,8.0,False,
2022,2023,-1.04767760599469,-2.876681408803523,finale,176.0,,BALANCE_COURANTE,1,panel_leave_one_country_out,8.0,False,
2023,2024,-1.23072108998601,-0.9977047332178489,finale,184.0,,BALANCE_COURANTE,1,panel_leave_one_country_out,8.0,False,
2006,2007,-0.140355839695735,1.85973036169923,interne,,,BALANCE_COURANTE,1,baseline_random_walk,,,
2007,2008,-4.4474051229375,-0.140355839695735,interne,,,BALANCE_COURANTE,1,baseline_random_walk,,,
2008,2009,-4.91456971921294,-4.4474051229375,interne,,,BALANCE_COURANTE,1,baseline_random_walk,,,
2009,2010,-3.89149487244856,-4.91456971921294,interne,,,BALANCE_COURANTE,1,baseline_random_walk,,,
2010,2011,-7.26703537698178,-3.89149487244856,interne,,,BALANCE_COURANTE,1,baseline_random_walk,,,
2011,2012,-8.95034696939187,-7.26703537698178,interne,,,BALANCE_COURANTE,1,baseline_random_walk,,,
2012,2013,-6.77731894447504,-8.95034696939187,interne,,,BALANCE_COURANTE,1,baseline_random_walk,,,
2013,2014,-5.53783287947428,-6.77731894447504,interne,,,BALANCE_COURANTE,1,baseline_random_walk,,,
2014,2015,-1.95690775142638,-5.53783287947428,interne,,,BALANCE_COURANTE,1,baseline_random_walk,,,
2015,2016,-3.74613174513,-1.95690775142638,interne,,,BALANCE_COURANTE,1,baseline_random_walk,,,
2016,2017,-3.10210665362039,-3.74613174513,interne,,,BALANCE_COURANTE,1,baseline_random_walk,,,
2017,2018,-4.87290163435469,-3.10210665362039,interne,,,BALANCE_COURANTE,1,baseline_random_walk,,,
2018,2019,-3.4182057355437,-4.87290163435469,interne,,,BALANCE_COURANTE,1,baseline_random_walk,,,
2019,2020,-1.1275993199651,-3.4182057355437,interne,,,BALANCE_COURANTE,1,baseline_random_walk,,,
2020,2021,-2.35786783699057,-1.1275993199651,finale,,,BALANCE_COURANTE,1,baseline_random_walk,,,
2021,2022,-3.6574911910038,-2.35786783699057,finale,,,BALANCE_COURANTE,1,baseline_random_walk,,,
2022,2023,-1.04767760599469,-3.6574911910038,finale,,,BALANCE_COURANTE,1,baseline_random_walk,,,
2023,2024,-1.23072108998601,-1.04767760599469,finale,,,BALANCE_COURANTE,1,baseline_random_walk,,,
2006,2007,-0.140355839695735,2.069045048065883,interne,,,BALANCE_COURANTE,1,baseline_random_walk_drift,,,
2007,2008,-4.4474051229375,-0.06912870881418345,interne,,,BALANCE_COURANTE,1,baseline_random_walk_drift,,,
2008,2009,-4.91456971921294,-4.633723663474967,interne,,,BALANCE_COURANTE,1,baseline_random_walk_drift,,,
2009,2010,-3.89149487244856,-5.116490818402517,interne,,,BALANCE_COURANTE,1,baseline_random_walk_drift,,,
2010,2011,-7.26703537698178,-4.028942500798455,interne,,,BALANCE_COURANTE,1,baseline_random_walk_drift,,,
2011,2012,-8.95034696939187,-7.566387649140841,interne,,,BALANCE_COURANTE,1,baseline_random_walk_drift,,,
2012,2013,-6.77731894447504,-9.31560206632479,interne,,,BALANCE_COURANTE,1,baseline_random_walk_drift,,,
2013,2014,-5.53783287947428,-7.027197535869334,interne,,,BALANCE_COURANTE,1,baseline_random_walk_drift,,,
2014,2015,-1.95690775142638,-5.72295648580792,interne,,,BALANCE_COURANTE,1,baseline_random_walk_drift,,,
2015,2016,-3.74613174513,-1.9851126604941225,interne,,,BALANCE_COURANTE,1,baseline_random_walk_drift,,,
2016,2017,-3.10210665362039,-3.8447774175831775,interne,,,BALANCE_COURANTE,1,baseline_random_walk_drift,,,
2017,2018,-4.87290163435469,-3.1721880659211523,interne,,,BALANCE_COURANTE,1,baseline_random_walk_drift,,,
2018,2019,-3.4182057355437,-5.005972438078917,interne,,,BALANCE_COURANTE,1,baseline_random_walk_drift,,,
2019,2020,-1.1275993199651,-3.4945705856059552,interne,,,BALANCE_COURANTE,1,baseline_random_walk_drift,,,
2020,2021,-2.35786783699057,-1.122344471212153,finale,,,BALANCE_COURANTE,1,baseline_random_walk_drift,,,
2021,2022,-3.6574911910038,-2.3937971004302367,finale,,,BALANCE_COURANTE,1,baseline_random_walk_drift,,,
2022,2023,-1.04767760599469,-3.7341847799458403,finale,,,BALANCE_COURANTE,1,baseline_random_walk_drift,,,
2023,2024,-1.23072108998601,-1.0404178457507565,finale,,,BALANCE_COURANTE,1,baseline_random_walk_drift,,,
2006,2007,-0.140355839695735,1.6225804687445593,interne,,,BALANCE_COURANTE,1,baseline_ar_p,,,3.0
2007,2008,-4.4474051229375,0.3721678091274238,interne,,,BALANCE_COURANTE,1,baseline_ar_p,,,3.0
2008,2009,-4.91456971921294,-3.5326785509297696,interne,,,BALANCE_COURANTE,1,baseline_ar_p,,,3.0
2009,2010,-3.89149487244856,-3.6439599887861616,interne,,,BALANCE_COURANTE,1,baseline_ar_p,,,3.0
2010,2011,-7.26703537698178,-2.17232524081409,interne,,,BALANCE_COURANTE,1,baseline_ar_p,,,3.0
2011,2012,-8.95034696939187,-6.953874546307728,interne,,,BALANCE_COURANTE,1,baseline_ar_p,,,3.0
2012,2013,-6.77731894447504,-8.889463502530635,interne,,,BALANCE_COURANTE,1,baseline_ar_p,,,3.0
2013,2014,-5.53783287947428,-6.298003598041969,interne,,,BALANCE_COURANTE,1,baseline_ar_p,,,3.0
2014,2015,-1.95690775142638,-5.587103230099155,interne,,,BALANCE_COURANTE,1,baseline_ar_p,,,3.0
2015,2016,-3.74613174513,-1.0605795833684226,interne,,,BALANCE_COURANTE,1,baseline_ar_p,,,3.0
2016,2017,-3.10210665362039,-3.721946043515614,interne,,,BALANCE_COURANTE,1,baseline_ar_p,,,3.0
2017,2018,-4.87290163435469,-2.835886933811423,interne,,,BALANCE_COURANTE,1,baseline_ar_p,,,3.0
2018,2019,-3.4182057355437,-4.522991103006004,interne,,,BALANCE_COURANTE,1,baseline_ar_p,,,3.0
2019,2020,-1.1275993199651,-3.1769907729789852,interne,,,BALANCE_COURANTE,1,baseline_ar_p,,,3.0
2020,2021,-2.35786783699057,-1.0397499740255531,finale,,,BALANCE_COURANTE,1,baseline_ar_p,,,3.0
2021,2022,-3.6574911910038,-2.3841289463950557,finale,,,BALANCE_COURANTE,1,baseline_ar_p,,,3.0
2022,2023,-1.04767760599469,-3.436521714886373,finale,,,BALANCE_COURANTE,1,baseline_ar_p,,,3.0
2023,2024,-1.23072108998601,-1.0280367826909012,finale,,,BALANCE_COURANTE,1,baseline_ar_p,,,3.0
2007,2009,-4.91456971921294,1.7600316659582742,interne,6.0,0.0,BALANCE_COURANTE,2,elasticnet,,,
2008,2010,-3.89149487244856,0.651933961996007,interne,7.0,3.0,BALANCE_COURANTE,2,elasticnet,,,
2009,2011,-7.26703537698178,0.1722735635060681,interne,8.0,3.0,BALANCE_COURANTE,2,elasticnet,,,
2010,2012,-8.95034696939187,-0.23310424523887308,interne,9.0,6.0,BALANCE_COURANTE,2,elasticnet,,,
2011,2013,-6.77731894447504,-2.187985807395014,interne,10.0,6.0,BALANCE_COURANTE,2,elasticnet,,,
2012,2014,-5.53783287947428,-4.418981404370092,interne,11.0,8.0,BALANCE_COURANTE,2,elasticnet,,,
2013,2015,-1.95690775142638,-4.683727113839193,interne,12.0,8.0,BALANCE_COURANTE,2,elasticnet,,,
2014,2016,-3.74613174513,-4.315836340040624,interne,13.0,9.0,BALANCE_COURANTE,2,elasticnet,,,
2015,2017,-3.10210665362039,-3.133710111676283,interne,14.0,8.0,BALANCE_COURANTE,2,elasticnet,,,
2016,2018,-4.87290163435469,-3.650313726423343,interne,15.0,7.0,BALANCE_COURANTE,2,elasticnet,,,
2017,2019,-3.4182057355437,-3.3558711397184244,interne,16.0,6.0,BALANCE_COURANTE,2,elasticnet,,,
2018,2020,-1.1275993199651,-3.369523824153988,interne,17.0,6.0,BALANCE_COURANTE,2,elasticnet,,,
2019,2021,-2.35786783699057,-3.181087568882221,finale,18.0,6.0,BALANCE_COURANTE,2,elasticnet,,,
2020,2022,-3.6574911910038,-2.4123252599915164,finale,19.0,6.0,BALANCE_COURANTE,2,elasticnet,,,
2021,2023,-1.04767760599469,-2.2557815819819798,finale,20.0,6.0,BALANCE_COURANTE,2,elasticnet,,,
2022,2024,-1.23072108998601,-2.648310967160895,finale,21.0,6.0,BALANCE_COURANTE,2,elasticnet,,,
2003,2005,1.51129572542934,2.9226046151887046,interne,18.0,,BALANCE_COURANTE,2,panel_avec_effets_fixes,9.0,True,
2004,2006,1.85973036169923,3.1821008303823386,interne,27.0,,BALANCE_COURANTE,2,panel_avec_effets_fixes,9.0,True,
2005,2007,-0.140355839695735,2.897028404025431,interne,36.0,,BALANCE_COURANTE,2,panel_avec_effets_fixes,9.0,True,
2006,2008,-4.4474051229375,2.725500154922156,interne,45.0,,BALANCE_COURANTE,2,panel_avec_effets_fixes,9.0,True,
2007,2009,-4.91456971921294,1.0905216496307717,interne,54.0,,BALANCE_COURANTE,2,panel_avec_effets_fixes,9.0,True,
2008,2010,-3.89149487244856,-1.693557654179544,interne,63.0,,BALANCE_COURANTE,2,panel_avec_effets_fixes,9.0,True,
2009,2011,-7.26703537698178,-2.1041881843656185,interne,72.0,,BALANCE_COURANTE,2,panel_avec_effets_fixes,9.0,True,
2010,2012,-8.95034696939187,-2.0789601845233325,interne,81.0,,BALANCE_COURANTE,2,panel_avec_effets_fixes,9.0,True,
2011,2013,-6.77731894447504,-4.192837591895307,interne,90.0,,BALANCE_COURANTE,2,panel_avec_effets_fixes,9.0,True,
2012,2014,-5.53783287947428,-4.95974947393295,interne,99.0,,BALANCE_COURANTE,2,panel_avec_effets_fixes,9.0,True,
2013,2015,-1.95690775142638,-4.276525588096029,interne,108.0,,BALANCE_COURANTE,2,panel_avec_effets_fixes,9.0,True,
2014,2016,-3.74613174513,-3.95443807885711,interne,117.0,,BALANCE_COURANTE,2,panel_avec_effets_fixes,9.0,True,
2015,2017,-3.10210665362039,-2.0738955682165603,interne,126.0,,BALANCE_COURANTE,2,panel_avec_effets_fixes,9.0,True,
2016,2018,-4.87290163435469,-3.026574250421034,interne,135.0,,BALANCE_COURANTE,2,panel_avec_effets_fixes,9.0,True,
2017,2019,-3.4182057355437,-2.6659048752717465,interne,144.0,,BALANCE_COURANTE,2,panel_avec_effets_fixes,9.0,True,
2018,2020,-1.1275993199651,-3.6903218764709167,interne,153.0,,BALANCE_COURANTE,2,panel_avec_effets_fixes,9.0,True,
2019,2021,-2.35786783699057,-2.8157087192047294,finale,162.0,,BALANCE_COURANTE,2,panel_avec_effets_fixes,9.0,True,
2020,2022,-3.6574911910038,-1.4433344839711786,finale,171.0,,BALANCE_COURANTE,2,panel_avec_effets_fixes,9.0,True,
2021,2023,-1.04767760599469,-2.2567938202751545,finale,180.0,,BALANCE_COURANTE,2,panel_avec_effets_fixes,9.0,True,
2022,2024,-1.23072108998601,-2.9838837679352155,finale,189.0,,BALANCE_COURANTE,2,panel_avec_effets_fixes,9.0,True,
2003,2005,1.51129572542934,2.0578181068645547,interne,16.0,,BALANCE_COURANTE,2,panel_leave_one_country_out,8.0,False,
2004,2006,1.85973036169923,2.87906734878551,interne,24.0,,BALANCE_COURANTE,2,panel_leave_one_country_out,8.0,False,
2005,2007,-0.140355839695735,2.7274943158178417,interne,32.0,,BALANCE_COURANTE,2,panel_leave_one_country_out,8.0,False,
2006,2008,-4.4474051229375,2.8074646832562404,interne,40.0,,BALANCE_COURANTE,2,panel_leave_one_country_out,8.0,False,
2007,2009,-4.91456971921294,0.8348199982131849,interne,48.0,,BALANCE_COURANTE,2,panel_leave_one_country_out,8.0,False,
2008,2010,-3.89149487244856,-2.0584669387049512,interne,56.0,,BALANCE_COURANTE,2,panel_leave_one_country_out,8.0,False,
2009,2011,-7.26703537698178,-2.2021591548222794,interne,64.0,,BALANCE_COURANTE,2,panel_leave_one_country_out,8.0,False,
2010,2012,-8.95034696939187,-2.9395546546134086,interne,72.0,,BALANCE_COURANTE,2,panel_leave_one_country_out,8.0,False,
2011,2013,-6.77731894447504,-5.812538613171036,interne,80.0,,BALANCE_COURANTE,2,panel_leave_one_country_out,8.0,False,
2012,2014,-5.53783287947428,-6.480907289457303,interne,88.0,,BALANCE_COURANTE,2,panel_leave_one_country_out,8.0,False,
2013,2015,-1.95690775142638,-5.267137625156381,interne,96.0,,BALANCE_COURANTE,2,panel_leave_one_country_out,8.0,False,
2014,2016,-3.74613174513,-4.868228572554264,interne,104.0,,BALANCE_COURANTE,2,panel_leave_one_country_out,8.0,False,
2015,2017,-3.10210665362039,-2.5882795597523383,interne,112.0,,BALANCE_COURANTE,2,panel_leave_one_country_out,8.0,False,
2016,2018,-4.87290163435469,-3.389801709209874,interne,120.0,,BALANCE_COURANTE,2,panel_leave_one_country_out,8.0,False,
2017,2019,-3.4182057355437,-2.70332246998559,interne,128.0,,BALANCE_COURANTE,2,panel_leave_one_country_out,8.0,False,
2018,2020,-1.1275993199651,-3.6101721801447173,interne,136.0,,BALANCE_COURANTE,2,panel_leave_one_country_out,8.0,False,
2019,2021,-2.35786783699057,-2.6596400976794428,finale,144.0,,BALANCE_COURANTE,2,panel_leave_one_country_out,8.0,False,
2020,2022,-3.6574911910038,-1.1767792214204753,finale,152.0,,BALANCE_COURANTE,2,panel_leave_one_country_out,8.0,False,
2021,2023,-1.04767760599469,-2.1164692335036666,finale,160.0,,BALANCE_COURANTE,2,panel_leave_one_country_out,8.0,False,
2022,2024,-1.23072108998601,-2.7656590573998114,finale,168.0,,BALANCE_COURANTE,2,panel_leave_one_country_out,8.0,False,
2007,2009,-4.91456971921294,-0.140355839695735,interne,,,BALANCE_COURANTE,2,baseline_random_walk,,,
2008,2010,-3.89149487244856,-4.4474051229375,interne,,,BALANCE_COURANTE,2,baseline_random_walk,,,
2009,2011,-7.26703537698178,-4.91456971921294,interne,,,BALANCE_COURANTE,2,baseline_random_walk,,,
2010,2012,-8.95034696939187,-3.89149487244856,interne,,,BALANCE_COURANTE,2,baseline_random_walk,,,
2011,2013,-6.77731894447504,-7.26703537698178,interne,,,BALANCE_COURANTE,2,baseline_random_walk,,,
2012,2014,-5.53783287947428,-8.95034696939187,interne,,,BALANCE_COURANTE,2,baseline_random_walk,,,
2013,2015,-1.95690775142638,-6.77731894447504,interne,,,BALANCE_COURANTE,2,baseline_random_walk,,,
2014,2016,-3.74613174513,-5.53783287947428,interne,,,BALANCE_COURANTE,2,baseline_random_walk,,,
2015,2017,-3.10210665362039,-1.95690775142638,interne,,,BALANCE_COURANTE,2,baseline_random_walk,,,
2016,2018,-4.87290163435469,-3.74613174513,interne,,,BALANCE_COURANTE,2,baseline_random_walk,,,
2017,2019,-3.4182057355437,-3.10210665362039,interne,,,BALANCE_COURANTE,2,baseline_random_walk,,,
2018,2020,-1.1275993199651,-4.87290163435469,interne,,,BALANCE_COURANTE,2,baseline_random_walk,,,
2019,2021,-2.35786783699057,-3.4182057355437,finale,,,BALANCE_COURANTE,2,baseline_random_walk,,,
2020,2022,-3.6574911910038,-1.1275993199651,finale,,,BALANCE_COURANTE,2,baseline_random_walk,,,
2021,2023,-1.04767760599469,-2.35786783699057,finale,,,BALANCE_COURANTE,2,baseline_random_walk,,,
2022,2024,-1.23072108998601,-3.6574911910038,finale,,,BALANCE_COURANTE,2,baseline_random_walk,,,
2007,2009,-4.91456971921294,0.0020984220673680998,interne,,,BALANCE_COURANTE,2,baseline_random_walk_drift,,,
2008,2010,-3.89149487244856,-4.820042204012434,interne,,,BALANCE_COURANTE,2,baseline_random_walk_drift,,,
2009,2011,-7.26703537698178,-5.318411917592093,interne,,,BALANCE_COURANTE,2,baseline_random_walk_drift,,,
2010,2012,-8.95034696939187,-4.16639012914835,interne,,,BALANCE_COURANTE,2,baseline_random_walk_drift,,,
2011,2013,-6.77731894447504,-7.865739921299902,interne,,,BALANCE_COURANTE,2,baseline_random_walk_drift,,,
2012,2014,-5.53783287947428,-9.68085716325771,interne,,,BALANCE_COURANTE,2,baseline_random_walk_drift,,,
2013,2015,-1.95690775142638,-7.277076127263629,interne,,,BALANCE_COURANTE,2,baseline_random_walk_drift,,,
2014,2016,-3.74613174513,-5.90808009214156,interne,,,BALANCE_COURANTE,2,baseline_random_walk_drift,,,
2015,2017,-3.10210665362039,-2.013317569561865,interne,,,BALANCE_COURANTE,2,baseline_random_walk_drift,,,
2016,2018,-4.87290163435469,-3.9434230900363554,interne,,,BALANCE_COURANTE,2,baseline_random_walk_drift,,,
2017,2019,-3.4182057355437,-3.2422694782219152,interne,,,BALANCE_COURANTE,2,baseline_random_walk_drift,,,
2018,2020,-1.1275993199651,-5.139043241803145,interne,,,BALANCE_COURANTE,2,baseline_random_walk_drift,,,
2019,2021,-2.35786783699057,-3.57093543566821,finale,,,BALANCE_COURANTE,2,baseline_random_walk_drift,,,
2020,2022,-3.6574911910038,-1.1170896224592062,finale,,,BALANCE_COURANTE,2,baseline_random_walk_drift,,,
2021,2023,-1.04767760599469,-2.4297263638699036,finale,,,BALANCE_COURANTE,2,baseline_random_walk_drift,,,
2022,2024,-1.23072108998601,-3.81087836888788,finale,,,BALANCE_COURANTE,2,baseline_random_walk_drift,,,
2007,2009,-4.91456971921294,0.4853395239365752,interne,,,BALANCE_COURANTE,2,baseline_ar_p,,,3.0
2008,2010,-3.89149487244856,-2.0941503121559486,interne,,,BALANCE_COURANTE,2,baseline_ar_p,,,3.0
2009,2011,-7.26703537698178,-1.8985981378216628,interne,,,BALANCE_COURANTE,2,baseline_ar_p,,,3.0
2010,2012,-8.95034696939187,-0.7587186643469563,interne,,,BALANCE_COURANTE,2,baseline_ar_p,,,3.0
2011,2013,-6.77731894447504,-6.4609973946708115,interne,,,BALANCE_COURANTE,2,baseline_ar_p,,,3.0
2012,2014,-5.53783287947428,-9.077002789858915,interne,,,BALANCE_COURANTE,2,baseline_ar_p,,,3.0
2013,2015,-1.95690775142638,-6.574706989547984,interne,,,BALANCE_COURANTE,2,baseline_ar_p,,,3.0
2014,2016,-3.74613174513,-5.580940101013525,interne,,,BALANCE_COURANTE,2,baseline_ar_p,,,3.0
2015,2017,-3.10210665362039,-0.8429755569902881,interne,,,BALANCE_COURANTE,2,baseline_ar_p,,,3.0
2016,2018,-4.87290163435469,-3.381094353086465,interne,,,BALANCE_COURANTE,2,baseline_ar_p,,,3.0
2017,2019,-3.4182057355437,-2.655463525813098,interne,,,BALANCE_COURANTE,2,baseline_ar_p,,,3.0
2018,2020,-1.1275993199651,-4.170053870428902,interne,,,BALANCE_COURANTE,2,baseline_ar_p,,,3.0
2019,2021,-2.35786783699057,-2.9087869849515835,finale,,,BALANCE_COURANTE,2,baseline_ar_p,,,3.0
2020,2022,-3.6574911910038,-1.155962225879522,finale,,,BALANCE_COURANTE,2,baseline_ar_p,,,3.0
2021,2023,-1.04767760599469,-2.316255947064309,finale,,,BALANCE_COURANTE,2,baseline_ar_p,,,3.0
2022,2024,-1.23072108998601,-3.1504251421510783,finale,,,BALANCE_COURANTE,2,baseline_ar_p,,,3.0
2008,2011,-7.26703537698178,0.10691554624579636,interne,6.0,2.0,BALANCE_COURANTE,3,elasticnet,,,
2009,2012,-8.95034696939187,-0.8491845783114741,interne,7.0,2.0,BALANCE_COURANTE,3,elasticnet,,,
2010,2013,-6.77731894447504,-0.776277902795792,interne,8.0,3.0,BALANCE_COURANTE,3,elasticnet,,,
2011,2014,-5.53783287947428,-3.1240932031701316,interne,9.0,4.0,BALANCE_COURANTE,3,elasticnet,,,
2012,2015,-1.95690775142638,-5.892671588920839,interne,10.0,5.0,BALANCE_COURANTE,3,elasticnet,,,
2013,2016,-3.74613174513,-5.279186114180946,interne,11.0,4.0,BALANCE_COURANTE,3,elasticnet,,,
2014,2017,-3.10210665362039,-4.989855997889355,interne,12.0,4.0,BALANCE_COURANTE,3,elasticnet,,,
2015,2018,-4.87290163435469,-4.423710535161588,interne,13.0,3.0,BALANCE_COURANTE,3,elasticnet,,,
2016,2019,-3.4182057355437,-5.711493097674166,interne,14.0,3.0,BALANCE_COURANTE,3,elasticnet,,,
2017,2020,-1.1275993199651,-4.5753027413150145,interne,15.0,3.0,BALANCE_COURANTE,3,elasticnet,,,
2018,2021,-2.35786783699057,-4.5110677136107,finale,16.0,3.0,BALANCE_COURANTE,3,elasticnet,,,
2019,2022,-3.6574911910038,-4.1597708470007575,finale,17.0,3.0,BALANCE_COURANTE,3,elasticnet,,,
2020,2023,-1.04767760599469,-2.777200630266802,finale,18.0,3.0,BALANCE_COURANTE,3,elasticnet,,,
2021,2024,-1.23072108998601,-1.9696989223554244,finale,19.0,3.0,BALANCE_COURANTE,3,elasticnet,,,
2004,2007,-0.140355839695735,0.6996211104283201,interne,18.0,,BALANCE_COURANTE,3,panel_avec_effets_fixes,9.0,True,
2005,2008,-4.4474051229375,0.865002147095706,interne,27.0,,BALANCE_COURANTE,3,panel_avec_effets_fixes,9.0,True,
2006,2009,-4.91456971921294,0.9677375397953749,interne,36.0,,BALANCE_COURANTE,3,panel_avec_effets_fixes,9.0,True,
2007,2010,-3.89149487244856,0.06255762399567022,interne,45.0,,BALANCE_COURANTE,3,panel_avec_effets_fixes,9.0,True,
2008,2011,-7.26703537698178,-1.5971687937212855,interne,54.0,,BALANCE_COURANTE,3,panel_avec_effets_fixes,9.0,True,
2009,2012,-8.95034696939187,-1.989670243103357,interne,63.0,,BALANCE_COURANTE,3,panel_avec_effets_fixes,9.0,True,
2010,2013,-6.77731894447504,-2.5250345010697783,interne,72.0,,BALANCE_COURANTE,3,panel_avec_effets_fixes,9.0,True,
2011,2014,-5.53783287947428,-3.170976243017435,interne,81.0,,BALANCE_COURANTE,3,panel_avec_effets_fixes,9.0,True,
2012,2015,-1.95690775142638,-2.9838609493800505,interne,90.0,,BALANCE_COURANTE,3,panel_avec_effets_fixes,9.0,True,
2013,2016,-3.74613174513,-2.5473614738866335,interne,99.0,,BALANCE_COURANTE,3,panel_avec_effets_fixes,9.0,True,
2014,2017,-3.10210665362039,-2.088490682073661,interne,108.0,,BALANCE_COURANTE,3,panel_avec_effets_fixes,9.0,True,
2015,2018,-4.87290163435469,-1.1818405299976975,interne,117.0,,BALANCE_COURANTE,3,panel_avec_effets_fixes,9.0,True,
2016,2019,-3.4182057355437,-1.4242066246638094,interne,126.0,,BALANCE_COURANTE,3,panel_avec_effets_fixes,9.0,True,
2017,2020,-1.1275993199651,-1.210274070100523,interne,135.0,,BALANCE_COURANTE,3,panel_avec_effets_fixes,9.0,True,
2018,2021,-2.35786783699057,-1.58035961169116,finale,144.0,,BALANCE_COURANTE,3,panel_avec_effets_fixes,9.0,True,
2019,2022,-3.6574911910038,-1.1675548104159224,finale,153.0,,BALANCE_COURANTE,3,panel_avec_effets_fixes,9.0,True,
2020,2023,-1.04767760599469,-0.6402039197209798,finale,162.0,,BALANCE_COURANTE,3,panel_avec_effets_fixes,9.0,True,
2021,2024,-1.23072108998601,-0.8821626514838882,finale,171.0,,BALANCE_COURANTE,3,panel_avec_effets_fixes,9.0,True,
2004,2007,-0.140355839695735,0.7201539257344822,interne,16.0,,BALANCE_COURANTE,3,panel_leave_one_country_out,8.0,False,
2005,2008,-4.4474051229375,1.0045758934542888,interne,24.0,,BALANCE_COURANTE,3,panel_leave_one_country_out,8.0,False,
2006,2009,-4.91456971921294,1.241177056725329,interne,32.0,,BALANCE_COURANTE,3,panel_leave_one_country_out,8.0,False,
2007,2010,-3.89149487244856,0.3471752064907817,interne,40.0,,BALANCE_COURANTE,3,panel_leave_one_country_out,8.0,False,
2008,2011,-7.26703537698178,-1.3731602229378224,interne,48.0,,BALANCE_COURANTE,3,panel_leave_one_country_out,8.0,False,
2009,2012,-8.95034696939187,-1.693672328189284,interne,56.0,,BALANCE_COURANTE,3,panel_leave_one_country_out,8.0,False,
2010,2013,-6.77731894447504,-2.4790796264137147,interne,64.0,,BALANCE_COURANTE,3,panel_leave_one_country_out,8.0,False,
2011,2014,-5.53783287947428,-3.364224675685888,interne,72.0,,BALANCE_COURANTE,3,panel_leave_one_country_out,8.0,False,
2012,2015,-1.95690775142638,-3.067508185859627,interne,80.0,,BALANCE_COURANTE,3,panel_leave_one_country_out,8.0,False,
2013,2016,-3.74613174513,-2.679473201175054,interne,88.0,,BALANCE_COURANTE,3,panel_leave_one_country_out,8.0,False,
2014,2017,-3.10210665362039,-2.218757864195845,interne,96.0,,BALANCE_COURANTE,3,panel_leave_one_country_out,8.0,False,
2015,2018,-4.87290163435469,-1.1167105513474176,interne,104.0,,BALANCE_COURANTE,3,panel_leave_one_country_out,8.0,False,
2016,2019,-3.4182057355437,-1.3128018924159557,interne,112.0,,BALANCE_COURANTE,3,panel_leave_one_country_out,8.0,False,
2017,2020,-1.1275993199651,-0.9998872360141406,interne,120.0,,BALANCE_COURANTE,3,panel_leave_one_country_out,8.0,False,
2018,2021,-2.35786783699057,-1.3992282100931805,finale,128.0,,BALANCE_COURANTE,3,panel_leave_one_country_out,8.0,False,
2019,2022,-3.6574911910038,-0.9558692673612186,finale,136.0,,BALANCE_COURANTE,3,panel_leave_one_country_out,8.0,False,
2020,2023,-1.04767760599469,-0.4637410784963263,finale,144.0,,BALANCE_COURANTE,3,panel_leave_one_country_out,8.0,False,
2021,2024,-1.23072108998601,-0.6913164907381218,finale,152.0,,BALANCE_COURANTE,3,panel_leave_one_country_out,8.0,False,
2008,2011,-7.26703537698178,-4.4474051229375,interne,,,BALANCE_COURANTE,3,baseline_random_walk,,,
2009,2012,-8.95034696939187,-4.91456971921294,interne,,,BALANCE_COURANTE,3,baseline_random_walk,,,
2010,2013,-6.77731894447504,-3.89149487244856,interne,,,BALANCE_COURANTE,3,baseline_random_walk,,,
2011,2014,-5.53783287947428,-7.26703537698178,interne,,,BALANCE_COURANTE,3,baseline_random_walk,,,
2012,2015,-1.95690775142638,-8.95034696939187,interne,,,BALANCE_COURANTE,3,baseline_random_walk,,,
2013,2016,-3.74613174513,-6.77731894447504,interne,,,BALANCE_COURANTE,3,baseline_random_walk,,,
2014,2017,-3.10210665362039,-5.53783287947428,interne,,,BALANCE_COURANTE,3,baseline_random_walk,,,
2015,2018,-4.87290163435469,-1.95690775142638,interne,,,BALANCE_COURANTE,3,baseline_random_walk,,,
2016,2019,-3.4182057355437,-3.74613174513,interne,,,BALANCE_COURANTE,3,baseline_random_walk,,,
2017,2020,-1.1275993199651,-3.10210665362039,interne,,,BALANCE_COURANTE,3,baseline_random_walk,,,
2018,2021,-2.35786783699057,-4.87290163435469,finale,,,BALANCE_COURANTE,3,baseline_random_walk,,,
2019,2022,-3.6574911910038,-3.4182057355437,finale,,,BALANCE_COURANTE,3,baseline_random_walk,,,
2020,2023,-1.04767760599469,-1.1275993199651,finale,,,BALANCE_COURANTE,3,baseline_random_walk,,,
2021,2024,-1.23072108998601,-2.35786783699057,finale,,,BALANCE_COURANTE,3,baseline_random_walk,,,
2008,2011,-7.26703537698178,-5.006360744549902,interne,,,BALANCE_COURANTE,3,baseline_random_walk_drift,,,
2009,2012,-8.95034696939187,-5.52033301678167,interne,,,BALANCE_COURANTE,3,baseline_random_walk_drift,,,
2010,2013,-6.77731894447504,-4.303837757498244,interne,,,BALANCE_COURANTE,3,baseline_random_walk_drift,,,
2011,2014,-5.53783287947428,-8.165092193458962,interne,,,BALANCE_COURANTE,3,baseline_random_walk_drift,,,
2012,2015,-1.95690775142638,-10.046112260190629,interne,,,BALANCE_COURANTE,3,baseline_random_walk_drift,,,
2013,2016,-3.74613174513,-7.526954718657923,interne,,,BALANCE_COURANTE,3,baseline_random_walk_drift,,,
2014,2017,-3.10210665362039,-6.0932036984752,interne,,,BALANCE_COURANTE,3,baseline_random_walk_drift,,,
2015,2018,-4.87290163435469,-2.0415224786296076,interne,,,BALANCE_COURANTE,3,baseline_random_walk_drift,,,
2016,2019,-3.4182057355437,-4.042068762489532,interne,,,BALANCE_COURANTE,3,baseline_random_walk_drift,,,
2017,2020,-1.1275993199651,-3.3123508905226777,interne,,,BALANCE_COURANTE,3,baseline_random_walk_drift,,,
2018,2021,-2.35786783699057,-5.272114045527371,finale,,,BALANCE_COURANTE,3,baseline_random_walk_drift,,,
2019,2022,-3.6574911910038,-3.647300285730465,finale,,,BALANCE_COURANTE,3,baseline_random_walk_drift,,,
2020,2023,-1.04767760599469,-1.1118347737062593,finale,,,BALANCE_COURANTE,3,baseline_random_walk_drift,,,
2021,2024,-1.23072108998601,-2.465655627309571,finale,,,BALANCE_COURANTE,3,baseline_random_walk_drift,,,
2008,2011,-7.26703537698178,-0.8166703619033552,interne,,,BALANCE_COURANTE,3,baseline_ar_p,,,3.0
2009,2012,-8.95034696939187,-0.53085986295871,interne,,,BALANCE_COURANTE,3,baseline_ar_p,,,3.0
2010,2013,-6.77731894447504,0.07562074556531902,interne,,,BALANCE_COURANTE,3,baseline_ar_p,,,3.0
2011,2014,-5.53783287947428,-6.203805898514483,interne,,,BALANCE_COURANTE,3,baseline_ar_p,,,3.0
2012,2015,-1.95690775142638,-9.514165700569453,interne,,,BALANCE_COURANTE,3,baseline_ar_p,,,3.0
2013,2016,-3.74613174513,-6.561274817500869,interne,,,BALANCE_COURANTE,3,baseline_ar_p,,,3.0
2014,2017,-3.10210665362039,-5.366732759390254,interne,,,BALANCE_COURANTE,3,baseline_ar_p,,,3.0
2015,2018,-4.87290163435469,-0.908731620889159,interne,,,BALANCE_COURANTE,3,baseline_ar_p,,,3.0
2016,2019,-3.4182057355437,-3.1265010694692754,interne,,,BALANCE_COURANTE,3,baseline_ar_p,,,3.0
2017,2020,-1.1275993199651,-2.516773629528531,interne,,,BALANCE_COURANTE,3,baseline_ar_p,,,3.0
2018,2021,-2.35786783699057,-3.8174432722149536,finale,,,BALANCE_COURANTE,3,baseline_ar_p,,,3.0
2019,2022,-3.6574911910038,-2.745335226504744,finale,,,BALANCE_COURANTE,3,baseline_ar_p,,,3.0
2020,2023,-1.04767760599469,-1.3074083948519641,finale,,,BALANCE_COURANTE,3,baseline_ar_p,,,3.0
2021,2024,-1.23072108998601,-2.2622649140654385,finale,,,BALANCE_COURANTE,3,baseline_ar_p,,,3.0
2009,2013,-6.77731894447504,-0.4342024976124711,interne,6.0,13.0,BALANCE_COURANTE,4,elasticnet,,,
2010,2014,-5.53783287947428,1.8808519025413748,interne,7.0,13.0,BALANCE_COURANTE,4,elasticnet,,,
2011,2015,-1.95690775142638,1.9201715397153192,interne,8.0,13.0,BALANCE_COURANTE,4,elasticnet,,,
2012,2016,-3.74613174513,1.9950411490515698,interne,9.0,14.0,BALANCE_COURANTE,4,elasticnet,,,
2013,2017,-3.10210665362039,2.394121855334444,interne,10.0,13.0,BALANCE_COURANTE,4,elasticnet,,,
2014,2018,-4.87290163435469,0.6651251125679383,interne,11.0,14.0,BALANCE_COURANTE,4,elasticnet,,,
2015,2019,-3.4182057355437,1.2372779940979712,interne,12.0,12.0,BALANCE_COURANTE,4,elasticnet,,,
2016,2020,-1.1275993199651,-3.155874691923255,interne,13.0,12.0,BALANCE_COURANTE,4,elasticnet,,,
2017,2021,-2.35786783699057,-3.414273270405161,finale,14.0,13.0,BALANCE_COURANTE,4,elasticnet,,,
2018,2022,-3.6574911910038,-4.743933098765531,finale,15.0,14.0,BALANCE_COURANTE,4,elasticnet,,,
2019,2023,-1.04767760599469,-4.166686261546232,finale,16.0,14.0,BALANCE_COURANTE,4,elasticnet,,,
2020,2024,-1.23072108998601,-2.780284249787276,finale,17.0,14.0,BALANCE_COURANTE,4,elasticnet,,,
2005,2009,-4.91456971921294,1.0228076521164842,interne,18.0,,BALANCE_COURANTE,4,panel_avec_effets_fixes,9.0,True,
2006,2010,-3.89149487244856,1.0570432808878591,interne,27.0,,BALANCE_COURANTE,4,panel_avec_effets_fixes,9.0,True,
2007,2011,-7.26703537698178,0.07134596431870596,interne,36.0,,BALANCE_COURANTE,4,panel_avec_effets_fixes,9.0,True,
2008,2012,-8.95034696939187,-2.194304135864366,interne,45.0,,BALANCE_COURANTE,4,panel_avec_effets_fixes,9.0,True,
2009,2013,-6.77731894447504,-2.4567118229543765,interne,54.0,,BALANCE_COURANTE,4,panel_avec_effets_fixes,9.0,True,
2010,2014,-5.53783287947428,-2.594446301212698,interne,63.0,,BALANCE_COURANTE,4,panel_avec_effets_fixes,9.0,True,
2011,2015,-1.95690775142638,-3.3179216272833085,interne,72.0,,BALANCE_COURANTE,4,panel_avec_effets_fixes,9.0,True,
2012,2016,-3.74613174513,-2.843312516619225,interne,81.0,,BALANCE_COURANTE,4,panel_avec_effets_fixes,9.0,True,
2013,2017,-3.10210665362039,-2.3534326543526825,interne,90.0,,BALANCE_COURANTE,4,panel_avec_effets_fixes,9.0,True,
2014,2018,-4.87290163435469,-1.8629955270264957,interne,99.0,,BALANCE_COURANTE,4,panel_avec_effets_fixes,9.0,True,
2015,2019,-3.4182057355437,-1.1852219639565253,interne,108.0,,BALANCE_COURANTE,4,panel_avec_effets_fixes,9.0,True,
2016,2020,-1.1275993199651,-1.3047183468916237,interne,117.0,,BALANCE_COURANTE,4,panel_avec_effets_fixes,9.0,True,
2017,2021,-2.35786783699057,-1.13939759218434,finale,126.0,,BALANCE_COURANTE,4,panel_avec_effets_fixes,9.0,True,
2018,2022,-3.6574911910038,-1.3800862033706975,finale,135.0,,BALANCE_COURANTE,4,panel_avec_effets_fixes,9.0,True,
2019,2023,-1.04767760599469,-1.029348205100009,finale,144.0,,BALANCE_COURANTE,4,panel_avec_effets_fixes,9.0,True,
2020,2024,-1.23072108998601,-0.5862131708261584,finale,153.0,,BALANCE_COURANTE,4,panel_avec_effets_fixes,9.0,True,
2005,2009,-4.91456971921294,1.1608283600390767,interne,16.0,,BALANCE_COURANTE,4,panel_leave_one_country_out,8.0,False,
2006,2010,-3.89149487244856,1.3569373744295545,interne,24.0,,BALANCE_COURANTE,4,panel_leave_one_country_out,8.0,False,
2007,2011,-7.26703537698178,0.4771091439204556,interne,32.0,,BALANCE_COURANTE,4,panel_leave_one_country_out,8.0,False,
2008,2012,-8.95034696939187,-1.7967439513334647,interne,40.0,,BALANCE_COURANTE,4,panel_leave_one_country_out,8.0,False,
2009,2013,-6.77731894447504,-2.1148638568067013,interne,48.0,,BALANCE_COURANTE,4,panel_leave_one_country_out,8.0,False,
2010,2014,-5.53783287947428,-2.5745093057500914,interne,56.0,,BALANCE_COURANTE,4,panel_leave_one_country_out,8.0,False,
2011,2015,-1.95690775142638,-3.589312968155666,interne,64.0,,BALANCE_COURANTE,4,panel_leave_one_country_out,8.0,False,
2012,2016,-3.74613174513,-2.9683264185905958,interne,72.0,,BALANCE_COURANTE,4,panel_leave_one_country_out,8.0,False,
2013,2017,-3.10210665362039,-2.58969747657491,interne,80.0,,BALANCE_COURANTE,4,panel_leave_one_country_out,8.0,False,
2014,2018,-4.87290163435469,-2.0785417235271897,interne,88.0,,BALANCE_COURANTE,4,panel_leave_one_country_out,8.0,False,
2015,2019,-3.4182057355437,-1.0268218549382682,interne,96.0,,BALANCE_COURANTE,4,panel_leave_one_country_out,8.0,False,
2016,2020,-1.1275993199651,-1.1138753066269949,interne,104.0,,BALANCE_COURANTE,4,panel_leave_one_country_out,8.0,False,
2017,2021,-2.35786783699057,-0.8514453623040215,finale,112.0,,BALANCE_COURANTE,4,panel_leave_one_country_out,8.0,False,
2018,2022,-3.6574911910038,-1.1511933614305163,finale,120.0,,BALANCE_COURANTE,4,panel_leave_one_country_out,8.0,False,
2019,2023,-1.04767760599469,-0.7656345986443948,finale,128.0,,BALANCE_COURANTE,4,panel_leave_one_country_out,8.0,False,
2020,2024,-1.23072108998601,-0.3724979603641503,finale,136.0,,BALANCE_COURANTE,4,panel_leave_one_country_out,8.0,False,
2009,2013,-6.77731894447504,-4.91456971921294,interne,,,BALANCE_COURANTE,4,baseline_random_walk,,,
2010,2014,-5.53783287947428,-3.89149487244856,interne,,,BALANCE_COURANTE,4,baseline_random_walk,,,
2011,2015,-1.95690775142638,-7.26703537698178,interne,,,BALANCE_COURANTE,4,baseline_random_walk,,,
2012,2016,-3.74613174513,-8.95034696939187,interne,,,BALANCE_COURANTE,4,baseline_random_walk,,,
2013,2017,-3.10210665362039,-6.77731894447504,interne,,,BALANCE_COURANTE,4,baseline_random_walk,,,
2014,2018,-4.87290163435469,-5.53783287947428,interne,,,BALANCE_COURANTE,4,baseline_random_walk,,,
2015,2019,-3.4182057355437,-1.95690775142638,interne,,,BALANCE_COURANTE,4,baseline_random_walk,,,
2016,2020,-1.1275993199651,-3.74613174513,interne,,,BALANCE_COURANTE,4,baseline_random_walk,,,
2017,2021,-2.35786783699057,-3.10210665362039,finale,,,BALANCE_COURANTE,4,baseline_random_walk,,,
2018,2022,-3.6574911910038,-4.87290163435469,finale,,,BALANCE_COURANTE,4,baseline_random_walk,,,
2019,2023,-1.04767760599469,-3.4182057355437,finale,,,BALANCE_COURANTE,4,baseline_random_walk,,,
2020,2024,-1.23072108998601,-1.1275993199651,finale,,,BALANCE_COURANTE,4,baseline_random_walk,,,
2009,2013,-6.77731894447504,-5.722254115971246,interne,,,BALANCE_COURANTE,4,baseline_random_walk_drift,,,
2010,2014,-5.53783287947428,-4.441285385848139,interne,,,BALANCE_COURANTE,4,baseline_random_walk_drift,,,
2011,2015,-1.95690775142638,-8.464444465618024,interne,,,BALANCE_COURANTE,4,baseline_random_walk_drift,,,
2012,2016,-3.74613174513,-10.411367357123547,interne,,,BALANCE_COURANTE,4,baseline_random_walk_drift,,,
2013,2017,-3.10210665362039,-7.776833310052218,interne,,,BALANCE_COURANTE,4,baseline_random_walk_drift,,,
2014,2018,-4.87290163435469,-6.2783273048088395,interne,,,BALANCE_COURANTE,4,baseline_random_walk_drift,,,
2015,2019,-3.4182057355437,-2.0697273876973497,interne,,,BALANCE_COURANTE,4,baseline_random_walk_drift,,,
2016,2020,-1.1275993199651,-4.14071443494271,interne,,,BALANCE_COURANTE,4,baseline_random_walk_drift,,,
2017,2021,-2.35786783699057,-3.3824323028234407,finale,,,BALANCE_COURANTE,4,baseline_random_walk_drift,,,
2018,2022,-3.6574911910038,-5.405184849251598,finale,,,BALANCE_COURANTE,4,baseline_random_walk_drift,,,
2019,2023,-1.04767760599469,-3.72366513579272,finale,,,BALANCE_COURANTE,4,baseline_random_walk_drift,,,
2020,2024,-1.23072108998601,-1.1065799249533121,finale,,,BALANCE_COURANTE,4,baseline_random_walk_drift,,,
2009,2013,-6.77731894447504,0.20375411329174659,interne,,,BALANCE_COURANTE,4,baseline_ar_p,,,3.0
2010,2014,-5.53783287947428,0.35042804688844037,interne,,,BALANCE_COURANTE,4,baseline_ar_p,,,3.0
2011,2015,-1.95690775142638,-5.98041457516982,interne,,,BALANCE_COURANTE,4,baseline_ar_p,,,3.0
2012,2016,-3.74613174513,-9.91611682974729,interne,,,BALANCE_COURANTE,4,baseline_ar_p,,,3.0
2013,2017,-3.10210665362039,-6.408947845217314,interne,,,BALANCE_COURANTE,4,baseline_ar_p,,,3.0
2014,2018,-4.87290163435469,-5.1678407648747875,interne,,,BALANCE_COURANTE,4,baseline_ar_p,,,3.0
2015,2019,-3.4182057355437,-1.0427759376309604,interne,,,BALANCE_COURANTE,4,baseline_ar_p,,,3.0
2016,2020,-1.1275993199651,-2.93594157765684,interne,,,BALANCE_COURANTE,4,baseline_ar_p,,,3.0
2017,2021,-2.35786783699057,-2.4082953480958733,finale,,,BALANCE_COURANTE,4,baseline_ar_p,,,3.0
2018,2022,-3.6574911910038,-3.530128873199546,finale,,,BALANCE_COURANTE,4,baseline_ar_p,,,3.0
2019,2023,-1.04767760599469,-2.6187250989299877,finale,,,BALANCE_COURANTE,4,baseline_ar_p,,,3.0
2020,2024,-1.23072108998601,-1.4341072670491752,finale,,,BALANCE_COURANTE,4,baseline_ar_p,,,3.0
2010,2015,-1.95690775142638,1.5409912690513556,interne,6.0,4.0,BALANCE_COURANTE,5,elasticnet,,,
2011,2016,-3.74613174513,3.3576314266535836,interne,7.0,3.0,BALANCE_COURANTE,5,elasticnet,,,
2012,2017,-3.10210665362039,6.961862416254042,interne,8.0,2.0,BALANCE_COURANTE,5,elasticnet,,,
2013,2018,-4.87290163435469,10.516222098966644,interne,9.0,2.0,BALANCE_COURANTE,5,elasticnet,,,
2014,2019,-3.4182057355437,6.297745788906748,interne,10.0,4.0,BALANCE_COURANTE,5,elasticnet,,,
2015,2020,-1.1275993199651,3.763518030672279,interne,11.0,4.0,BALANCE_COURANTE,5,elasticnet,,,
2016,2021,-2.35786783699057,-1.6990466467256895,finale,12.0,3.0,BALANCE_COURANTE,5,elasticnet,,,
2017,2022,-3.6574911910038,-3.3555978812912572,finale,13.0,3.0,BALANCE_COURANTE,5,elasticnet,,,
2018,2023,-1.04767760599469,-4.255407445094416,finale,14.0,2.0,BALANCE_COURANTE,5,elasticnet,,,
2019,2024,-1.23072108998601,-4.128619692754448,finale,15.0,2.0,BALANCE_COURANTE,5,elasticnet,,,
2006,2011,-7.26703537698178,0.9687877402208727,interne,18.0,,BALANCE_COURANTE,5,panel_avec_effets_fixes,9.0,True,
2007,2012,-8.95034696939187,0.048898881637547444,interne,27.0,,BALANCE_COURANTE,5,panel_avec_effets_fixes,9.0,True,
2008,2013,-6.77731894447504,-2.0108113201228743,interne,36.0,,BALANCE_COURANTE,5,panel_avec_effets_fixes,9.0,True,
2009,2014,-5.53783287947428,-2.3711275740943316,interne,45.0,,BALANCE_COURANTE,5,panel_avec_effets_fixes,9.0,True,
2010,2015,-1.95690775142638,-2.696256604815465,interne,54.0,,BALANCE_COURANTE,5,panel_avec_effets_fixes,9.0,True,
2011,2016,-3.74613174513,-3.67317713164906,interne,63.0,,BALANCE_COURANTE,5,panel_avec_effets_fixes,9.0,True,
2012,2017,-3.10210665362039,-3.2489355325691323,interne,72.0,,BALANCE_COURANTE,5,panel_avec_effets_fixes,9.0,True,
2013,2018,-4.87290163435469,-2.745991619637169,interne,81.0,,BALANCE_COURANTE,5,panel_avec_effets_fixes,9.0,True,
2014,2019,-3.4182057355437,-2.3746309882531076,interne,90.0,,BALANCE_COURANTE,5,panel_avec_effets_fixes,9.0,True,
2015,2020,-1.1275993199651,-1.5320851146616352,interne,99.0,,BALANCE_COURANTE,5,panel_avec_effets_fixes,9.0,True,
2016,2021,-2.35786783699057,-1.453384114845009,finale,108.0,,BALANCE_COURANTE,5,panel_avec_effets_fixes,9.0,True,
2017,2022,-3.6574911910038,-1.2248194864287847,finale,117.0,,BALANCE_COURANTE,5,panel_avec_effets_fixes,9.0,True,
2018,2023,-1.04767760599469,-1.3879470507091307,finale,126.0,,BALANCE_COURANTE,5,panel_avec_effets_fixes,9.0,True,
2019,2024,-1.23072108998601,-1.0895816735419956,finale,135.0,,BALANCE_COURANTE,5,panel_avec_effets_fixes,9.0,True,
2006,2011,-7.26703537698178,0.9885181330902608,interne,16.0,,BALANCE_COURANTE,5,panel_leave_one_country_out,8.0,False,
2007,2012,-8.95034696939187,0.1451058481015879,interne,24.0,,BALANCE_COURANTE,5,panel_leave_one_country_out,8.0,False,
2008,2013,-6.77731894447504,-1.7960221053243932,interne,32.0,,BALANCE_COURANTE,5,panel_leave_one_country_out,8.0,False,
2009,2014,-5.53783287947428,-1.977590601075912,interne,40.0,,BALANCE_COURANTE,5,panel_leave_one_country_out,8.0,False,
2010,2015,-1.95690775142638,-2.5668281428824384,interne,48.0,,BALANCE_COURANTE,5,panel_leave_one_country_out,8.0,False,
2011,2016,-3.74613174513,-3.8469498663346533,interne,56.0,,BALANCE_COURANTE,5,panel_leave_one_country_out,8.0,False,
2012,2017,-3.10210665362039,-3.336520453793825,interne,64.0,,BALANCE_COURANTE,5,panel_leave_one_country_out,8.0,False,
2013,2018,-4.87290163435469,-2.797051502706106,interne,72.0,,BALANCE_COURANTE,5,panel_leave_one_country_out,8.0,False,
2014,2019,-3.4182057355437,-2.5603439246787967,interne,80.0,,BALANCE_COURANTE,5,panel_leave_one_country_out,8.0,False,
2015,2020,-1.1275993199651,-1.5518124710543124,interne,88.0,,BALANCE_COURANTE,5,panel_leave_one_country_out,8.0,False,
2016,2021,-2.35786783699057,-1.2576886925258248,finale,96.0,,BALANCE_COURANTE,5,panel_leave_one_country_out,8.0,False,
2017,2022,-3.6574911910038,-0.8299262298438712,finale,104.0,,BALANCE_COURANTE,5,panel_leave_one_country_out,8.0,False,
2018,2023,-1.04767760599469,-1.0889156524591312,finale,112.0,,BALANCE_COURANTE,5,panel_leave_one_country_out,8.0,False,
2019,2024,-1.23072108998601,-0.7436861718466486,finale,120.0,,BALANCE_COURANTE,5,panel_leave_one_country_out,8.0,False,
2010,2015,-1.95690775142638,-3.89149487244856,interne,,,BALANCE_COURANTE,5,baseline_random_walk,,,
2011,2016,-3.74613174513,-7.26703537698178,interne,,,BALANCE_COURANTE,5,baseline_random_walk,,,
2012,2017,-3.10210665362039,-8.95034696939187,interne,,,BALANCE_COURANTE,5,baseline_random_walk,,,
2013,2018,-4.87290163435469,-6.77731894447504,interne,,,BALANCE_COURANTE,5,baseline_random_walk,,,
2014,2019,-3.4182057355437,-5.53783287947428,interne,,,BALANCE_COURANTE,5,baseline_random_walk,,,
2015,2020,-1.1275993199651,-1.95690775142638,interne,,,BALANCE_COURANTE,5,baseline_random_walk,,,
2016,2021,-2.35786783699057,-3.74613174513,finale,,,BALANCE_COURANTE,5,baseline_random_walk,,,
2017,2022,-3.6574911910038,-3.10210665362039,finale,,,BALANCE_COURANTE,5,baseline_random_walk,,,
2018,2023,-1.04767760599469,-4.87290163435469,finale,,,BALANCE_COURANTE,5,baseline_random_walk,,,
2019,2024,-1.23072108998601,-3.4182057355437,finale,,,BALANCE_COURANTE,5,baseline_random_walk,,,
2010,2015,-1.95690775142638,-4.578733014198034,interne,,,BALANCE_COURANTE,5,baseline_random_walk_drift,,,
2011,2016,-3.74613174513,-8.763796737777085,interne,,,BALANCE_COURANTE,5,baseline_random_walk_drift,,,
2012,2017,-3.10210665362039,-10.776622454056467,interne,,,BALANCE_COURANTE,5,baseline_random_walk_drift,,,
2013,2018,-4.87290163435469,-8.026711901446513,interne,,,BALANCE_COURANTE,5,baseline_random_walk_drift,,,
2014,2019,-3.4182057355437,-6.46345091114248,interne,,,BALANCE_COURANTE,5,baseline_random_walk_drift,,,
2015,2020,-1.1275993199651,-2.097932296765092,interne,,,BALANCE_COURANTE,5,baseline_random_walk_drift,,,
2016,2021,-2.35786783699057,-4.239360107395888,finale,,,BALANCE_COURANTE,5,baseline_random_walk_drift,,,
2017,2022,-3.6574911910038,-3.452513715124203,finale,,,BALANCE_COURANTE,5,baseline_random_walk_drift,,,
2018,2023,-1.04767760599469,-5.538255652975825,finale,,,BALANCE_COURANTE,5,baseline_random_walk_drift,,,
2019,2024,-1.23072108998601,-3.800029985854975,finale,,,BALANCE_COURANTE,5,baseline_random_walk_drift,,,
2010,2015,-1.95690775142638,0.2662299707958346,interne,,,BALANCE_COURANTE,5,baseline_ar_p,,,3.0
2011,2016,-3.74613174513,-5.767122157908018,interne,,,BALANCE_COURANTE,5,baseline_ar_p,,,3.0
2012,2017,-3.10210665362039,-10.28357780216983,interne,,,BALANCE_COURANTE,5,baseline_ar_p,,,3.0
2013,2018,-4.87290163435469,-6.313854374150006,interne,,,BALANCE_COURANTE,5,baseline_ar_p,,,3.0
2014,2019,-3.4182057355437,-5.023835835490771,interne,,,BALANCE_COURANTE,5,baseline_ar_p,,,3.0
2015,2020,-1.1275993199651,-1.1712737277766263,interne,,,BALANCE_COURANTE,5,baseline_ar_p,,,3.0
2016,2021,-2.35786783699057,-2.783929265617421,finale,,,BALANCE_COURANTE,5,baseline_ar_p,,,3.0
2017,2022,-3.6574911910038,-2.3232645230160176,finale,,,BALANCE_COURANTE,5,baseline_ar_p,,,3.0
2018,2023,-1.04767760599469,-3.3004526013659086,finale,,,BALANCE_COURANTE,5,baseline_ar_p,,,3.0
2019,2024,-1.23072108998601,-2.5237210829789047,finale,,,BALANCE_COURANTE,5,baseline_ar_p,,,3.0
2006,2007,9.56,10.188410919434427,interne,6.0,6.0,TACH,1,elasticnet,,,
2007,2008,9.57,9.992853719674082,interne,7.0,5.0,TACH,1,elasticnet,,,
2008,2009,8.96,9.804867062786844,interne,8.0,3.0,TACH,1,elasticnet,,,
2009,2010,9.09,9.442955745047044,interne,9.0,3.0,TACH,1,elasticnet,,,
2010,2011,8.91,9.419430892023467,interne,10.0,3.0,TACH,1,elasticnet,,,
2011,2012,8.99,9.13734041651758,interne,11.0,2.0,TACH,1,elasticnet,,,
2012,2013,9.23,9.315577631498646,interne,12.0,3.0,TACH,1,elasticnet,,,
2013,2014,9.7,9.191462519961556,interne,13.0,3.0,TACH,1,elasticnet,,,
2014,2015,9.46,9.456781074790607,interne,14.0,3.0,TACH,1,elasticnet,,,
2015,2016,9.3,9.561277183626178,interne,15.0,3.0,TACH,1,elasticnet,,,
2016,2017,9.22,9.45735252601164,interne,16.0,3.0,TACH,1,elasticnet,,,
2017,2018,9.272,9.856342868262688,interne,17.0,3.0,TACH,1,elasticnet,,,
2018,2019,9.191,9.36480701555006,interne,18.0,3.0,TACH,1,elasticnet,,,
2019,2020,11.189,9.191700693017085,interne,19.0,3.0,TACH,1,elasticnet,,,
2020,2021,10.551,9.688017323960127,finale,20.0,4.0,TACH,1,elasticnet,,,
2021,2022,9.413,11.265132151426089,finale,21.0,4.0,TACH,1,elasticnet,,,
2022,2023,8.896,10.31540414360809,finale,22.0,3.0,TACH,1,elasticnet,,,
2023,2024,9.103,9.708766178193414,finale,23.0,6.0,TACH,1,elasticnet,,,
2002,2003,11.92,10.821520200602968,interne,18.0,,TACH,1,panel_avec_effets_fixes,9.0,True,
2003,2004,10.83,11.654859088331701,interne,27.0,,TACH,1,panel_avec_effets_fixes,9.0,True,
2004,2005,11.01,10.735319242878479,interne,36.0,,TACH,1,panel_avec_effets_fixes,9.0,True,
2005,2006,9.67,10.82366430187695,interne,45.0,,TACH,1,panel_avec_effets_fixes,9.0,True,
2006,2007,9.56,9.143400706159865,interne,54.0,,TACH,1,panel_avec_effets_fixes,9.0,True,
2007,2008,9.57,9.458245165687401,interne,63.0,,TACH,1,panel_avec_effets_fixes,9.0,True,
2008,2009,8.96,9.200926088147716,interne,72.0,,TACH,1,panel_avec_effets_fixes,9.0,True,
2009,2010,9.09,9.390273824000404,interne,81.0,,TACH,1,panel_avec_effets_fixes,9.0,True,
2010,2011,8.91,9.094153461504606,interne,90.0,,TACH,1,panel_avec_effets_fixes,9.0,True,
2011,2012,8.99,8.88528536172723,interne,99.0,,TACH,1,panel_avec_effets_fixes,9.0,True,
2012,2013,9.23,9.110511486325532,interne,108.0,,TACH,1,panel_avec_effets_fixes,9.0,True,
2013,2014,9.7,9.113012849507111,interne,117.0,,TACH,1,panel_avec_effets_fixes,9.0,True,
2014,2015,9.46,9.755098578647981,interne,126.0,,TACH,1,panel_avec_effets_fixes,9.0,True,
2015,2016,9.3,9.35159413687291,interne,135.0,,TACH,1,panel_avec_effets_fixes,9.0,True,
2016,2017,9.22,9.513227805264648,interne,144.0,,TACH,1,panel_avec_effets_fixes,9.0,True,
2017,2018,9.272,9.191696506177468,interne,153.0,,TACH,1,panel_avec_effets_fixes,9.0,True,
2018,2019,9.191,9.256424352421941,interne,162.0,,TACH,1,panel_avec_effets_fixes,9.0,True,
2019,2020,11.189,9.151977480772086,interne,171.0,,TACH,1,panel_avec_effets_fixes,9.0,True,
2020,2021,10.551,11.916387932618692,finale,180.0,,TACH,1,panel_avec_effets_fixes,9.0,True,
2021,2022,9.413,10.132443967455444,finale,189.0,,TACH,1,panel_avec_effets_fixes,9.0,True,
2022,2023,8.896,9.17533223018728,finale,198.0,,TACH,1,panel_avec_effets_fixes,9.0,True,
2023,2024,9.103,8.74353369684551,finale,207.0,,TACH,1,panel_avec_effets_fixes,9.0,True,
2002,2003,11.92,11.220007144078462,interne,16.0,,TACH,1,panel_leave_one_country_out,8.0,False,
2003,2004,10.83,11.470045447002725,interne,24.0,,TACH,1,panel_leave_one_country_out,8.0,False,
2004,2005,11.01,10.60583791109103,interne,32.0,,TACH,1,panel_leave_one_country_out,8.0,False,
2005,2006,9.67,10.912495452081748,interne,40.0,,TACH,1,panel_leave_one_country_out,8.0,False,
2006,2007,9.56,9.16959944121179,interne,48.0,,TACH,1,panel_leave_one_country_out,8.0,False,
2007,2008,9.57,9.45441173558152,interne,56.0,,TACH,1,panel_leave_one_country_out,8.0,False,
2008,2009,8.96,9.20657695588544,interne,64.0,,TACH,1,panel_leave_one_country_out,8.0,False,
2009,2010,9.09,9.657821359402496,interne,72.0,,TACH,1,panel_leave_one_country_out,8.0,False,
2010,2011,8.91,9.35678135679562,interne,80.0,,TACH,1,panel_leave_one_country_out,8.0,False,
2011,2012,8.99,8.983716258723511,interne,88.0,,TACH,1,panel_leave_one_country_out,8.0,False,
2012,2013,9.23,9.31227384199439,interne,96.0,,TACH,1,panel_leave_one_country_out,8.0,False,
2013,2014,9.7,9.30373508339694,interne,104.0,,TACH,1,panel_leave_one_country_out,8.0,False,
2014,2015,9.46,9.948037751715706,interne,112.0,,TACH,1,panel_leave_one_country_out,8.0,False,
2015,2016,9.3,9.604460616082385,interne,120.0,,TACH,1,panel_leave_one_country_out,8.0,False,
2016,2017,9.22,9.784558445409418,interne,128.0,,TACH,1,panel_leave_one_country_out,8.0,False,
2017,2018,9.272,9.453073977076793,interne,136.0,,TACH,1,panel_leave_one_country_out,8.0,False,
2018,2019,9.191,9.47269664600783,interne,144.0,,TACH,1,panel_leave_one_country_out,8.0,False,
2019,2020,11.189,9.455117698907472,interne,152.0,,TACH,1,panel_leave_one_country_out,8.0,False,
2020,2021,10.551,12.289044727204399,finale,160.0,,TACH,1,panel_leave_one_country_out,8.0,False,
2021,2022,9.413,10.37311426160265,finale,168.0,,TACH,1,panel_leave_one_country_out,8.0,False,
2022,2023,8.896,9.402170858618714,finale,176.0,,TACH,1,panel_leave_one_country_out,8.0,False,
2023,2024,9.103,8.906973868514662,finale,184.0,,TACH,1,panel_leave_one_country_out,8.0,False,
2006,2007,9.56,9.67,interne,,,TACH,1,baseline_random_walk,,,
2007,2008,9.57,9.56,interne,,,TACH,1,baseline_random_walk,,,
2008,2009,8.96,9.57,interne,,,TACH,1,baseline_random_walk,,,
2009,2010,9.09,8.96,interne,,,TACH,1,baseline_random_walk,,,
2010,2011,8.91,9.09,interne,,,TACH,1,baseline_random_walk,,,
2011,2012,8.99,8.91,interne,,,TACH,1,baseline_random_walk,,,
2012,2013,9.23,8.99,interne,,,TACH,1,baseline_random_walk,,,
2013,2014,9.7,9.23,interne,,,TACH,1,baseline_random_walk,,,
2014,2015,9.46,9.7,interne,,,TACH,1,baseline_random_walk,,,
2015,2016,9.3,9.46,interne,,,TACH,1,baseline_random_walk,,,
2016,2017,9.22,9.3,interne,,,TACH,1,baseline_random_walk,,,
2017,2018,9.272,9.22,interne,,,TACH,1,baseline_random_walk,,,
2018,2019,9.191,9.272,interne,,,TACH,1,baseline_random_walk,,,
2019,2020,11.189,9.191,interne,,,TACH,1,baseline_random_walk,,,
2020,2021,10.551,11.189,finale,,,TACH,1,baseline_random_walk,,,
2021,2022,9.413,10.551,finale,,,TACH,1,baseline_random_walk,,,
2022,2023,8.896,9.413,finale,,,TACH,1,baseline_random_walk,,,
2023,2024,9.103,8.896,finale,,,TACH,1,baseline_random_walk,,,
2006,2007,9.56,9.414533333333333,interne,,,TACH,1,baseline_random_walk_drift,,,
2007,2008,9.57,9.313625,interne,,,TACH,1,baseline_random_walk_drift,,,
2008,2009,8.96,9.338705882352942,interne,,,TACH,1,baseline_random_walk_drift,,,
2009,2010,9.09,8.707666666666668,interne,,,TACH,1,baseline_random_walk_drift,,,
2010,2011,8.91,8.85778947368421,interne,,,TACH,1,baseline_random_walk_drift,,,
2011,2012,8.99,8.6804,interne,,,TACH,1,baseline_random_walk_drift,,,
2012,2013,9.23,8.775142857142857,interne,,,TACH,1,baseline_random_walk_drift,,,
2013,2014,9.7,9.035818181818183,interne,,,TACH,1,baseline_random_walk_drift,,,
2014,2015,9.46,9.534695652173912,interne,,,TACH,1,baseline_random_walk_drift,,,
2015,2016,9.3,9.291583333333334,interne,,,TACH,1,baseline_random_walk_drift,,,
2016,2017,9.22,9.131920000000001,interne,,,TACH,1,baseline_random_walk_drift,,,
2017,2018,9.272,9.055307692307693,interne,,,TACH,1,baseline_random_walk_drift,,,
2018,2019,9.191,9.115333333333334,interne,,,TACH,1,baseline_random_walk_drift,,,
2019,2020,11.189,9.037035714285715,interne,,,TACH,1,baseline_random_walk_drift,,,
2020,2021,10.551,11.109241379310346,finale,,,TACH,1,baseline_random_walk_drift,,,
2021,2022,9.413,10.452633333333333,finale,,,TACH,1,baseline_random_walk_drift,,,
2022,2023,8.896,9.281096774193548,finale,,,TACH,1,baseline_random_walk_drift,,,
2023,2024,9.103,8.752062500000001,finale,,,TACH,1,baseline_random_walk_drift,,,
2006,2007,9.56,9.436201527080973,interne,,,TACH,1,baseline_ar_p,,,3.0
2007,2008,9.57,8.427401944002114,interne,,,TACH,1,baseline_ar_p,,,3.0
2008,2009,8.96,8.94925956422859,interne,,,TACH,1,baseline_ar_p,,,3.0
2009,2010,9.09,8.607779909142238,interne,,,TACH,1,baseline_ar_p,,,3.0
2010,2011,8.91,8.488981734040946,interne,,,TACH,1,baseline_ar_p,,,3.0
2011,2012,8.99,8.659379446085095,interne,,,TACH,1,baseline_ar_p,,,3.0
2012,2013,9.23,8.680902798506352,interne,,,TACH,1,baseline_ar_p,,,3.0
2013,2014,9.7,9.04982573923794,interne,,,TACH,1,baseline_ar_p,,,3.0
2014,2015,9.46,9.645007924630564,interne,,,TACH,1,baseline_ar_p,,,3.0
2015,2016,9.3,9.592588981967705,interne,,,TACH,1,baseline_ar_p,,,3.0
2016,2017,9.22,9.185237237372991,interne,,,TACH,1,baseline_ar_p,,,3.0
2017,2018,9.272,9.117699071995437,interne,,,TACH,1,baseline_ar_p,,,3.0
2018,2019,9.191,9.1739213819439,interne,,,TACH,1,baseline_ar_p,,,3.0
2019,2020,11.189,9.163709459427562,interne,,,TACH,1,baseline_ar_p,,,3.0
2020,2021,10.551,10.769106661142217,finale,,,TACH,1,baseline_ar_p,,,3.0
2021,2022,9.413,11.321930228160113,finale,,,TACH,1,baseline_ar_p,,,3.0
2022,2023,8.896,9.59049084854336,finale,,,TACH,1,baseline_ar_p,,,3.0
2023,2024,9.103,8.891447950560426,finale,,,TACH,1,baseline_ar_p,,,3.0
2007,2009,8.96,9.941235050185616,interne,6.0,4.0,TACH,2,elasticnet,,,
2008,2010,9.09,10.095881825105893,interne,7.0,5.0,TACH,2,elasticnet,,,
2009,2011,8.91,9.460998770612608,interne,8.0,3.0,TACH,2,elasticnet,,,
2010,2012,8.99,9.645986481230656,interne,9.0,4.0,TACH,2,elasticnet,,,
2011,2013,9.23,9.563097347593477,interne,10.0,3.0,TACH,2,elasticnet,,,
2012,2014,9.7,9.399184661782877,interne,11.0,4.0,TACH,2,elasticnet,,,
2013,2015,9.46,9.207783418172344,interne,12.0,3.0,TACH,2,elasticnet,,,
2014,2016,9.3,9.349337881489406,interne,13.0,3.0,TACH,2,elasticnet,,,
2015,2017,9.22,9.392912022159244,interne,14.0,3.0,TACH,2,elasticnet,,,
2016,2018,9.272,9.432563363931447,interne,15.0,3.0,TACH,2,elasticnet,,,
2017,2019,9.191,9.48726238461638,interne,16.0,3.0,TACH,2,elasticnet,,,
2018,2020,11.189,9.427627456538325,interne,17.0,4.0,TACH,2,elasticnet,,,
2019,2021,10.551,9.294554327752728,finale,18.0,3.0,TACH,2,elasticnet,,,
2020,2022,9.413,9.749808589615741,finale,19.0,3.0,TACH,2,elasticnet,,,
2021,2023,8.896,11.08607654056871,finale,20.0,5.0,TACH,2,elasticnet,,,
2022,2024,9.103,11.469747843998178,finale,21.0,3.0,TACH,2,elasticnet,,,
2003,2005,11.01,10.893223321396357,interne,18.0,,TACH,2,panel_avec_effets_fixes,9.0,True,
2004,2006,9.67,10.52077983982378,interne,27.0,,TACH,2,panel_avec_effets_fixes,9.0,True,
2005,2007,9.56,10.47569778563547,interne,36.0,,TACH,2,panel_avec_effets_fixes,9.0,True,
2006,2008,9.57,8.966135025078323,interne,45.0,,TACH,2,panel_avec_effets_fixes,9.0,True,
2007,2009,8.96,8.997731394790897,interne,54.0,,TACH,2,panel_avec_effets_fixes,9.0,True,
2008,2010,9.09,8.946648905503405,interne,63.0,,TACH,2,panel_avec_effets_fixes,9.0,True,
2009,2011,8.91,8.87722934476203,interne,72.0,,TACH,2,panel_avec_effets_fixes,9.0,True,
2010,2012,8.99,8.92806582724226,interne,81.0,,TACH,2,panel_avec_effets_fixes,9.0,True,
2011,2013,9.23,8.654801179971788,interne,90.0,,TACH,2,panel_avec_effets_fixes,9.0,True,
2012,2014,9.7,8.865753068878947,interne,99.0,,TACH,2,panel_avec_effets_fixes,9.0,True,
2013,2015,9.46,8.799230846701672,interne,108.0,,TACH,2,panel_avec_effets_fixes,9.0,True,
2014,2016,9.3,9.205478090403032,interne,117.0,,TACH,2,panel_avec_effets_fixes,9.0,True,
2015,2017,9.22,9.103474302392009,interne,126.0,,TACH,2,panel_avec_effets_fixes,9.0,True,
2016,2018,9.272,9.039835505765119,interne,135.0,,TACH,2,panel_avec_effets_fixes,9.0,True,
2017,2019,9.191,8.992223574313385,interne,144.0,,TACH,2,panel_avec_effets_fixes,9.0,True,
2018,2020,11.189,8.912570253936517,interne,153.0,,TACH,2,panel_avec_effets_fixes,9.0,True,
2019,2021,10.551,8.878024712730445,finale,162.0,,TACH,2,panel_avec_effets_fixes,9.0,True,
2020,2022,9.413,10.854675291802218,finale,171.0,,TACH,2,panel_avec_effets_fixes,9.0,True,
2021,2023,8.896,9.88056271015024,finale,180.0,,TACH,2,panel_avec_effets_fixes,9.0,True,
2022,2024,9.103,9.10833826382637,finale,189.0,,TACH,2,panel_avec_effets_fixes,9.0,True,
2003,2005,11.01,11.722556367058036,interne,16.0,,TACH,2,panel_leave_one_country_out,8.0,False,
2004,2006,9.67,10.106187620629312,interne,24.0,,TACH,2,panel_leave_one_country_out,8.0,False,
2005,2007,9.56,10.528597395914074,interne,32.0,,TACH,2,panel_leave_one_country_out,8.0,False,
2006,2008,9.57,8.732352560861848,interne,40.0,,TACH,2,panel_leave_one_country_out,8.0,False,
2007,2009,8.96,8.900414845552357,interne,48.0,,TACH,2,panel_leave_one_country_out,8.0,False,
2008,2010,9.09,8.980739832868272,interne,56.0,,TACH,2,panel_leave_one_country_out,8.0,False,
2009,2011,8.91,9.127207815655733,interne,64.0,,TACH,2,panel_leave_one_country_out,8.0,False,
2010,2012,8.99,9.45025000360157,interne,72.0,,TACH,2,panel_leave_one_country_out,8.0,False,
2011,2013,9.23,8.949301543807506,interne,80.0,,TACH,2,panel_leave_one_country_out,8.0,False,
2012,2014,9.7,9.12273642147692,interne,88.0,,TACH,2,panel_leave_one_country_out,8.0,False,
2013,2015,9.46,8.915145682913982,interne,96.0,,TACH,2,panel_leave_one_country_out,8.0,False,
2014,2016,9.3,9.37859530588724,interne,104.0,,TACH,2,panel_leave_one_country_out,8.0,False,
2015,2017,9.22,9.254276643818292,interne,112.0,,TACH,2,panel_leave_one_country_out,8.0,False,
2016,2018,9.272,9.281761370131713,interne,120.0,,TACH,2,panel_leave_one_country_out,8.0,False,
2017,2019,9.191,9.292355865577342,interne,128.0,,TACH,2,panel_leave_one_country_out,8.0,False,
2018,2020,11.189,9.103671935830347,interne,136.0,,TACH,2,panel_leave_one_country_out,8.0,False,
2019,2021,10.551,9.165893604103204,finale,144.0,,TACH,2,panel_leave_one_country_out,8.0,False,
2020,2022,9.413,11.510500511249596,finale,152.0,,TACH,2,panel_leave_one_country_out,8.0,False,
2021,2023,8.896,10.0623702396165,finale,160.0,,TACH,2,panel_leave_one_country_out,8.0,False,
2022,2024,9.103,9.305750003856984,finale,168.0,,TACH,2,panel_leave_one_country_out,8.0,False,
2007,2009,8.96,9.56,interne,,,TACH,2,baseline_random_walk,,,
2008,2010,9.09,9.57,interne,,,TACH,2,baseline_random_walk,,,
2009,2011,8.91,8.96,interne,,,TACH,2,baseline_random_walk,,,
2010,2012,8.99,9.09,interne,,,TACH,2,baseline_random_walk,,,
2011,2013,9.23,8.91,interne,,,TACH,2,baseline_random_walk,,,
2012,2014,9.7,8.99,interne,,,TACH,2,baseline_random_walk,,,
2013,2015,9.46,9.23,interne,,,TACH,2,baseline_random_walk,,,
2014,2016,9.3,9.7,interne,,,TACH,2,baseline_random_walk,,,
2015,2017,9.22,9.46,interne,,,TACH,2,baseline_random_walk,,,
2016,2018,9.272,9.3,interne,,,TACH,2,baseline_random_walk,,,
2017,2019,9.191,9.22,interne,,,TACH,2,baseline_random_walk,,,
2018,2020,11.189,9.272,interne,,,TACH,2,baseline_random_walk,,,
2019,2021,10.551,9.191,finale,,,TACH,2,baseline_random_walk,,,
2020,2022,9.413,11.189,finale,,,TACH,2,baseline_random_walk,,,
2021,2023,8.896,10.551,finale,,,TACH,2,baseline_random_walk,,,
2022,2024,9.103,9.413,finale,,,TACH,2,baseline_random_walk,,,
2007,2009,8.96,9.067250000000001,interne,,,TACH,2,baseline_random_walk_drift,,,
2008,2010,9.09,9.107411764705883,interne,,,TACH,2,baseline_random_walk_drift,,,
2009,2011,8.91,8.455333333333334,interne,,,TACH,2,baseline_random_walk_drift,,,
2010,2012,8.99,8.625578947368421,interne,,,TACH,2,baseline_random_walk_drift,,,
2011,2013,9.23,8.450800000000001,interne,,,TACH,2,baseline_random_walk_drift,,,
2012,2014,9.7,8.560285714285714,interne,,,TACH,2,baseline_random_walk_drift,,,
2013,2015,9.46,8.841636363636365,interne,,,TACH,2,baseline_random_walk_drift,,,
2014,2016,9.3,9.369391304347825,interne,,,TACH,2,baseline_random_walk_drift,,,
2015,2017,9.22,9.123166666666668,interne,,,TACH,2,baseline_random_walk_drift,,,
2016,2018,9.272,8.963840000000001,interne,,,TACH,2,baseline_random_walk_drift,,,
2017,2019,9.191,8.890615384615385,interne,,,TACH,2,baseline_random_walk_drift,,,
2018,2020,11.189,8.958666666666668,interne,,,TACH,2,baseline_random_walk_drift,,,
2019,2021,10.551,8.88307142857143,finale,,,TACH,2,baseline_random_walk_drift,,,
2020,2022,9.413,11.02948275862069,finale,,,TACH,2,baseline_random_walk_drift,,,
2021,2023,8.896,10.354266666666668,finale,,,TACH,2,baseline_random_walk_drift,,,
2022,2024,9.103,9.149193548387098,finale,,,TACH,2,baseline_random_walk_drift,,,
2007,2009,8.96,7.864766502884444,interne,,,TACH,2,baseline_ar_p,,,3.0
2008,2010,9.09,8.596644214954072,interne,,,TACH,2,baseline_ar_p,,,3.0
2009,2011,8.91,8.063897199519259,interne,,,TACH,2,baseline_ar_p,,,3.0
2010,2012,8.99,8.288406059809564,interne,,,TACH,2,baseline_ar_p,,,3.0
2011,2013,9.23,8.384320162696856,interne,,,TACH,2,baseline_ar_p,,,3.0
2012,2014,9.7,8.559747294732976,interne,,,TACH,2,baseline_ar_p,,,3.0
2013,2015,9.46,9.029062580540767,interne,,,TACH,2,baseline_ar_p,,,3.0
2014,2016,9.3,9.762950262641185,interne,,,TACH,2,baseline_ar_p,,,3.0
2015,2017,9.22,9.424133807710339,interne,,,TACH,2,baseline_ar_p,,,3.0
2016,2018,9.272,9.089369164924634,interne,,,TACH,2,baseline_ar_p,,,3.0
2017,2019,9.191,9.048061534473462,interne,,,TACH,2,baseline_ar_p,,,3.0
2018,2020,11.189,9.149781109312956,interne,,,TACH,2,baseline_ar_p,,,3.0
2019,2021,10.551,9.08998328360793,finale,,,TACH,2,baseline_ar_p,,,3.0
2020,2022,9.413,11.498329886608317,finale,,,TACH,2,baseline_ar_p,,,3.0
2021,2023,8.896,10.838218372486017,finale,,,TACH,2,baseline_ar_p,,,3.0
2022,2024,9.103,9.494112036387394,finale,,,TACH,2,baseline_ar_p,,,3.0
2008,2011,8.91,10.04405908672024,interne,6.0,19.0,TACH,3,elasticnet,,,
2009,2012,8.99,9.642002135286546,interne,7.0,21.0,TACH,3,elasticnet,,,
2010,2013,9.23,9.612633563823696,interne,8.0,18.0,TACH,3,elasticnet,,,
2011,2014,9.7,9.513308932748608,interne,9.0,18.0,TACH,3,elasticnet,,,
2012,2015,9.46,9.38750253875195,interne,10.0,17.0,TACH,3,elasticnet,,,
2013,2016,9.3,9.399192417933612,interne,11.0,17.0,TACH,3,elasticnet,,,
2014,2017,9.22,9.649370701155105,interne,12.0,15.0,TACH,3,elasticnet,,,
2015,2018,9.272,9.66747030206601,interne,13.0,15.0,TACH,3,elasticnet,,,
2016,2019,9.191,9.51978354139859,interne,14.0,16.0,TACH,3,elasticnet,,,
2017,2020,11.189,9.882787851965158,interne,15.0,15.0,TACH,3,elasticnet,,,
2018,2021,10.551,9.720024436960843,finale,16.0,14.0,TACH,3,elasticnet,,,
2019,2022,9.413,9.720007302874615,finale,17.0,15.0,TACH,3,elasticnet,,,
2020,2023,8.896,10.004375774828524,finale,18.0,11.0,TACH,3,elasticnet,,,
2021,2024,9.103,11.77679918325045,finale,19.0,11.0,TACH,3,elasticnet,,,
2004,2007,9.56,9.58424386974962,interne,18.0,,TACH,3,panel_avec_effets_fixes,9.0,True,
2005,2008,9.57,10.131193319310803,interne,27.0,,TACH,3,panel_avec_effets_fixes,9.0,True,
2006,2009,8.96,9.032279074413019,interne,36.0,,TACH,3,panel_avec_effets_fixes,9.0,True,
2007,2010,9.09,8.930688641713456,interne,45.0,,TACH,3,panel_avec_effets_fixes,9.0,True,
2008,2011,8.91,8.711238998474684,interne,54.0,,TACH,3,panel_avec_effets_fixes,9.0,True,
2009,2012,8.99,8.708993671490129,interne,63.0,,TACH,3,panel_avec_effets_fixes,9.0,True,
2010,2013,9.23,8.710356922038383,interne,72.0,,TACH,3,panel_avec_effets_fixes,9.0,True,
2011,2014,9.7,8.653687512140188,interne,81.0,,TACH,3,panel_avec_effets_fixes,9.0,True,
2012,2015,9.46,8.931170336280672,interne,90.0,,TACH,3,panel_avec_effets_fixes,9.0,True,
2013,2016,9.3,8.760193435397948,interne,99.0,,TACH,3,panel_avec_effets_fixes,9.0,True,
2014,2017,9.22,9.107962668130025,interne,108.0,,TACH,3,panel_avec_effets_fixes,9.0,True,
2015,2018,9.272,9.080093589322532,interne,117.0,,TACH,3,panel_avec_effets_fixes,9.0,True,
2016,2019,9.191,9.072539268117168,interne,126.0,,TACH,3,panel_avec_effets_fixes,9.0,True,
2017,2020,11.189,9.057708955988904,interne,135.0,,TACH,3,panel_avec_effets_fixes,9.0,True,
2018,2021,10.551,8.899819013476359,finale,144.0,,TACH,3,panel_avec_effets_fixes,9.0,True,
2019,2022,9.413,8.902869677256392,finale,153.0,,TACH,3,panel_avec_effets_fixes,9.0,True,
2020,2023,8.896,10.665251549932663,finale,162.0,,TACH,3,panel_avec_effets_fixes,9.0,True,
2021,2024,9.103,9.661593731344727,finale,171.0,,TACH,3,panel_avec_effets_fixes,9.0,True,
2004,2007,9.56,10.593227051745032,interne,16.0,,TACH,3,panel_leave_one_country_out,8.0,False,
2005,2008,9.57,10.904560206209055,interne,24.0,,TACH,3,panel_leave_one_country_out,8.0,False,
2006,2009,8.96,8.451789085383894,interne,32.0,,TACH,3,panel_leave_one_country_out,8.0,False,
2007,2010,9.09,8.259737217442783,interne,40.0,,TACH,3,panel_leave_one_country_out,8.0,False,
2008,2011,8.91,8.191119735753691,interne,48.0,,TACH,3,panel_leave_one_country_out,8.0,False,
2009,2012,8.99,8.49306645920933,interne,56.0,,TACH,3,panel_leave_one_country_out,8.0,False,
2010,2013,9.23,8.520996317605338,interne,64.0,,TACH,3,panel_leave_one_country_out,8.0,False,
2011,2014,9.7,8.652247183794739,interne,72.0,,TACH,3,panel_leave_one_country_out,8.0,False,
2012,2015,9.46,9.061843605490843,interne,80.0,,TACH,3,panel_leave_one_country_out,8.0,False,
2013,2016,9.3,8.658654362964585,interne,88.0,,TACH,3,panel_leave_one_country_out,8.0,False,
2014,2017,9.22,9.062007927514493,interne,96.0,,TACH,3,panel_leave_one_country_out,8.0,False,
2015,2018,9.272,9.025301751335014,interne,104.0,,TACH,3,panel_leave_one_country_out,8.0,False,
2016,2019,9.191,9.163170632984432,interne,112.0,,TACH,3,panel_leave_one_country_out,8.0,False,
2017,2020,11.189,9.245689027510121,interne,120.0,,TACH,3,panel_leave_one_country_out,8.0,False,
2018,2021,10.551,8.86542157788378,finale,128.0,,TACH,3,panel_leave_one_country_out,8.0,False,
2019,2022,9.413,9.110494250983152,finale,136.0,,TACH,3,panel_leave_one_country_out,8.0,False,
2020,2023,8.896,11.626607936082902,finale,144.0,,TACH,3,panel_leave_one_country_out,8.0,False,
2021,2024,9.103,10.019207661025778,finale,152.0,,TACH,3,panel_leave_one_country_out,8.0,False,
2008,2011,8.91,9.57,interne,,,TACH,3,baseline_random_walk,,,
2009,2012,8.99,8.96,interne,,,TACH,3,baseline_random_walk,,,
2010,2013,9.23,9.09,interne,,,TACH,3,baseline_random_walk,,,
2011,2014,9.7,8.91,interne,,,TACH,3,baseline_random_walk,,,
2012,2015,9.46,8.99,interne,,,TACH,3,baseline_random_walk,,,
2013,2016,9.3,9.23,interne,,,TACH,3,baseline_random_walk,,,
2014,2017,9.22,9.7,interne,,,TACH,3,baseline_random_walk,,,
2015,2018,9.272,9.46,interne,,,TACH,3,baseline_random_walk,,,
2016,2019,9.191,9.3,interne,,,TACH,3,baseline_random_walk,,,
2017,2020,11.189,9.22,interne,,,TACH,3,baseline_random_walk,,,
2018,2021,10.551,9.272,finale,,,TACH,3,baseline_random_walk,,,
2019,2022,9.413,9.191,finale,,,TACH,3,baseline_random_walk,,,
2020,2023,8.896,11.189,finale,,,TACH,3,baseline_random_walk,,,
2021,2024,9.103,10.551,finale,,,TACH,3,baseline_random_walk,,,
2008,2011,8.91,8.876117647058823,interne,,,TACH,3,baseline_random_walk_drift,,,
2009,2012,8.99,8.203000000000001,interne,,,TACH,3,baseline_random_walk_drift,,,
2010,2013,9.23,8.393368421052632,interne,,,TACH,3,baseline_random_walk_drift,,,
2011,2014,9.7,8.2212,interne,,,TACH,3,baseline_random_walk_drift,,,
2012,2015,9.46,8.345428571428572,interne,,,TACH,3,baseline_random_walk_drift,,,
2013,2016,9.3,8.647454545454545,interne,,,TACH,3,baseline_random_walk_drift,,,
2014,2017,9.22,9.204086956521738,interne,,,TACH,3,baseline_random_walk_drift,,,
2015,2018,9.272,8.95475,interne,,,TACH,3,baseline_random_walk_drift,,,
2016,2019,9.191,8.795760000000001,interne,,,TACH,3,baseline_random_walk_drift,,,
2017,2020,11.189,8.725923076923078,interne,,,TACH,3,baseline_random_walk_drift,,,
2018,2021,10.551,8.802,finale,,,TACH,3,baseline_random_walk_drift,,,
2019,2022,9.413,8.729107142857144,finale,,,TACH,3,baseline_random_walk_drift,,,
2020,2023,8.896,10.949724137931035,finale,,,TACH,3,baseline_random_walk_drift,,,
2021,2024,9.103,10.2559,finale,,,TACH,3,baseline_random_walk_drift,,,
2008,2011,8.91,8.046931671483287,interne,,,TACH,3,baseline_ar_p,,,3.0
2009,2012,8.99,7.59448259712057,interne,,,TACH,3,baseline_ar_p,,,3.0
2010,2013,9.23,7.809264921118934,interne,,,TACH,3,baseline_ar_p,,,3.0
2011,2014,9.7,8.106833223544545,interne,,,TACH,3,baseline_ar_p,,,3.0
2012,2015,9.46,8.297858091866585,interne,,,TACH,3,baseline_ar_p,,,3.0
2013,2016,9.3,8.860327655037548,interne,,,TACH,3,baseline_ar_p,,,3.0
2014,2017,9.22,9.67057534242071,interne,,,TACH,3,baseline_ar_p,,,3.0
2015,2018,9.272,9.441550139964928,interne,,,TACH,3,baseline_ar_p,,,3.0
2016,2019,9.191,9.007379679877248,interne,,,TACH,3,baseline_ar_p,,,3.0
2017,2020,11.189,8.96935396848933,interne,,,TACH,3,baseline_ar_p,,,3.0
2018,2021,10.551,9.070064780475757,finale,,,TACH,3,baseline_ar_p,,,3.0
2019,2022,9.413,9.045357717519707,finale,,,TACH,3,baseline_ar_p,,,3.0
2020,2023,8.896,11.118602726308644,finale,,,TACH,3,baseline_ar_p,,,3.0
2021,2024,9.103,11.12850602266472,finale,,,TACH,3,baseline_ar_p,,,3.0
2009,2013,9.23,9.505763637229688,interne,6.0,10.0,TACH,4,elasticnet,,,
2010,2014,9.7,9.247767270054329,interne,7.0,12.0,TACH,4,elasticnet,,,
2011,2015,9.46,8.950435321694966,interne,8.0,14.0,TACH,4,elasticnet,,,
2012,2016,9.3,8.842864634912154,interne,9.0,13.0,TACH,4,elasticnet,,,
2013,2017,9.22,8.926505896510907,interne,10.0,12.0,TACH,4,elasticnet,,,
2014,2018,9.272,9.666276715310525,interne,11.0,11.0,TACH,4,elasticnet,,,
2015,2019,9.191,9.427783698617155,interne,12.0,10.0,TACH,4,elasticnet,,,
2016,2020,11.189,9.379595891879,interne,13.0,8.0,TACH,4,elasticnet,,,
2017,2021,10.551,9.570997039586457,finale,14.0,9.0,TACH,4,elasticnet,,,
2018,2022,9.413,9.7140771734069,finale,15.0,10.0,TACH,4,elasticnet,,,
2019,2023,8.896,9.627741544588893,finale,16.0,8.0,TACH,4,elasticnet,,,
2020,2024,9.103,10.293586590908873,finale,17.0,9.0,TACH,4,elasticnet,,,
2005,2009,8.96,9.781589036296703,interne,18.0,,TACH,4,panel_avec_effets_fixes,9.0,True,
2006,2010,9.09,9.145710892656071,interne,27.0,,TACH,4,panel_avec_effets_fixes,9.0,True,
2007,2011,8.91,8.94628208112137,interne,36.0,,TACH,4,panel_avec_effets_fixes,9.0,True,
2008,2012,8.99,8.767903428647658,interne,45.0,,TACH,4,panel_avec_effets_fixes,9.0,True,
2009,2013,9.23,8.707438568778814,interne,54.0,,TACH,4,panel_avec_effets_fixes,9.0,True,
2010,2014,9.7,8.648641038800887,interne,63.0,,TACH,4,panel_avec_effets_fixes,9.0,True,
2011,2015,9.46,8.638876743168527,interne,72.0,,TACH,4,panel_avec_effets_fixes,9.0,True,
2012,2016,9.3,8.755260754960291,interne,81.0,,TACH,4,panel_avec_effets_fixes,9.0,True,
2013,2017,9.22,8.746575329240363,interne,90.0,,TACH,4,panel_avec_effets_fixes,9.0,True,
2014,2018,9.272,9.042353983175037,interne,99.0,,TACH,4,panel_avec_effets_fixes,9.0,True,
2015,2019,9.191,9.070910054108571,interne,108.0,,TACH,4,panel_avec_effets_fixes,9.0,True,
2016,2020,11.189,9.123855994674718,interne,117.0,,TACH,4,panel_avec_effets_fixes,9.0,True,
2017,2021,10.551,9.09195226692704,finale,126.0,,TACH,4,panel_avec_effets_fixes,9.0,True,
2018,2022,9.413,8.903739526564756,finale,135.0,,TACH,4,panel_avec_effets_fixes,9.0,True,
2019,2023,8.896,8.918639019876665,finale,144.0,,TACH,4,panel_avec_effets_fixes,9.0,True,
2020,2024,9.103,10.579169382149232,finale,153.0,,TACH,4,panel_avec_effets_fixes,9.0,True,
2005,2009,8.96,10.900419274937807,interne,16.0,,TACH,4,panel_leave_one_country_out,8.0,False,
2006,2010,9.09,9.559313707230313,interne,24.0,,TACH,4,panel_leave_one_country_out,8.0,False,
2007,2011,8.91,8.208466437489573,interne,32.0,,TACH,4,panel_leave_one_country_out,8.0,False,
2008,2012,8.99,7.622282694988013,interne,40.0,,TACH,4,panel_leave_one_country_out,8.0,False,
2009,2013,9.23,8.104193016226194,interne,48.0,,TACH,4,panel_leave_one_country_out,8.0,False,
2010,2014,9.7,8.046792583855783,interne,56.0,,TACH,4,panel_leave_one_country_out,8.0,False,
2011,2015,9.46,8.03811264147187,interne,64.0,,TACH,4,panel_leave_one_country_out,8.0,False,
2012,2016,9.3,8.431071873301658,interne,72.0,,TACH,4,panel_leave_one_country_out,8.0,False,
2013,2017,9.22,8.307753140833675,interne,80.0,,TACH,4,panel_leave_one_country_out,8.0,False,
2014,2018,9.272,8.706746934543066,interne,88.0,,TACH,4,panel_leave_one_country_out,8.0,False,
2015,2019,9.191,8.748198572518724,interne,96.0,,TACH,4,panel_leave_one_country_out,8.0,False,
2016,2020,11.189,8.820144324734475,interne,104.0,,TACH,4,panel_leave_one_country_out,8.0,False,
2017,2021,10.551,8.918427390669356,finale,112.0,,TACH,4,panel_leave_one_country_out,8.0,False,
2018,2022,9.413,8.47005345666334,finale,120.0,,TACH,4,panel_leave_one_country_out,8.0,False,
2019,2023,8.896,8.74180429622173,finale,128.0,,TACH,4,panel_leave_one_country_out,8.0,False,
2020,2024,9.103,11.406291877571528,finale,136.0,,TACH,4,panel_leave_one_country_out,8.0,False,
2009,2013,9.23,8.96,interne,,,TACH,4,baseline_random_walk,,,
2010,2014,9.7,9.09,interne,,,TACH,4,baseline_random_walk,,,
2011,2015,9.46,8.91,interne,,,TACH,4,baseline_random_walk,,,
2012,2016,9.3,8.99,interne,,,TACH,4,baseline_random_walk,,,
2013,2017,9.22,9.23,interne,,,TACH,4,baseline_random_walk,,,
2014,2018,9.272,9.7,interne,,,TACH,4,baseline_random_walk,,,
2015,2019,9.191,9.46,interne,,,TACH,4,baseline_random_walk,,,
2016,2020,11.189,9.3,interne,,,TACH,4,baseline_random_walk,,,
2017,2021,10.551,9.22,finale,,,TACH,4,baseline_random_walk,,,
2018,2022,9.413,9.272,finale,,,TACH,4,baseline_random_walk,,,
2019,2023,8.896,9.191,finale,,,TACH,4,baseline_random_walk,,,
2020,2024,9.103,11.189,finale,,,TACH,4,baseline_random_walk,,,
2009,2013,9.23,7.950666666666668,interne,,,TACH,4,baseline_random_walk_drift,,,
2010,2014,9.7,8.161157894736842,interne,,,TACH,4,baseline_random_walk_drift,,,
2011,2015,9.46,7.9916,interne,,,TACH,4,baseline_random_walk_drift,,,
2012,2016,9.3,8.130571428571429,interne,,,TACH,4,baseline_random_walk_drift,,,
2013,2017,9.22,8.453272727272727,interne,,,TACH,4,baseline_random_walk_drift,,,
2014,2018,9.272,9.038782608695652,interne,,,TACH,4,baseline_random_walk_drift,,,
2015,2019,9.191,8.786333333333335,interne,,,TACH,4,baseline_random_walk_drift,,,
2016,2020,11.189,8.627680000000002,interne,,,TACH,4,baseline_random_walk_drift,,,
2017,2021,10.551,8.56123076923077,finale,,,TACH,4,baseline_random_walk_drift,,,
2018,2022,9.413,8.645333333333333,finale,,,TACH,4,baseline_random_walk_drift,,,
2019,2023,8.896,8.575142857142858,finale,,,TACH,4,baseline_random_walk_drift,,,
2020,2024,9.103,10.86996551724138,finale,,,TACH,4,baseline_random_walk_drift,,,
2009,2013,9.23,7.044632463405131,interne,,,TACH,4,baseline_ar_p,,,3.0
2010,2014,9.7,7.492421735169005,interne,,,TACH,4,baseline_ar_p,,,3.0
2011,2015,9.46,7.826348785129532,interne,,,TACH,4,baseline_ar_p,,,3.0
2012,2016,9.3,8.126612908184397,interne,,,TACH,4,baseline_ar_p,,,3.0
2013,2017,9.22,8.778640155510438,interne,,,TACH,4,baseline_ar_p,,,3.0
2014,2018,9.272,9.678676350840128,interne,,,TACH,4,baseline_ar_p,,,3.0
2015,2019,9.191,9.328098952390455,interne,,,TACH,4,baseline_ar_p,,,3.0
2016,2020,11.189,8.932302050289298,interne,,,TACH,4,baseline_ar_p,,,3.0
2017,2021,10.551,8.906109179261986,finale,,,TACH,4,baseline_ar_p,,,3.0
2018,2022,9.413,9.027316441002634,finale,,,TACH,4,baseline_ar_p,,,3.0
2019,2023,8.896,8.98451385842301,finale,,,TACH,4,baseline_ar_p,,,3.0
2020,2024,9.103,11.354168223619405,finale,,,TACH,4,baseline_ar_p,,,3.0
2010,2015,9.46,9.522385338144534,interne,6.0,6.0,TACH,5,elasticnet,,,
2011,2016,9.3,9.290436301500927,interne,7.0,6.0,TACH,5,elasticnet,,,
2012,2017,9.22,9.30869738087825,interne,8.0,6.0,TACH,5,elasticnet,,,
2013,2018,9.272,9.443510527696008,interne,9.0,7.0,TACH,5,elasticnet,,,
2014,2019,9.191,9.498286117979282,interne,10.0,4.0,TACH,5,elasticnet,,,
2015,2020,11.189,9.545984289303156,interne,11.0,5.0,TACH,5,elasticnet,,,
2016,2021,10.551,9.515157520597263,finale,12.0,5.0,TACH,5,elasticnet,,,
2017,2022,9.413,9.639204922163998,finale,13.0,6.0,TACH,5,elasticnet,,,
2018,2023,8.896,9.602430043109537,finale,14.0,5.0,TACH,5,elasticnet,,,
2019,2024,9.103,9.53762110789531,finale,15.0,5.0,TACH,5,elasticnet,,,
2006,2011,8.91,9.182293449092116,interne,18.0,,TACH,5,panel_avec_effets_fixes,9.0,True,
2007,2012,8.99,8.55037049636665,interne,27.0,,TACH,5,panel_avec_effets_fixes,9.0,True,
2008,2013,9.23,8.820403188622986,interne,36.0,,TACH,5,panel_avec_effets_fixes,9.0,True,
2009,2014,9.7,8.987036069748845,interne,45.0,,TACH,5,panel_avec_effets_fixes,9.0,True,
2010,2015,9.46,9.065743800864077,interne,54.0,,TACH,5,panel_avec_effets_fixes,9.0,True,
2011,2016,9.3,8.71327831291636,interne,63.0,,TACH,5,panel_avec_effets_fixes,9.0,True,
2012,2017,9.22,8.428734779384952,interne,72.0,,TACH,5,panel_avec_effets_fixes,9.0,True,
2013,2018,9.272,8.690782794586719,interne,81.0,,TACH,5,panel_avec_effets_fixes,9.0,True,
2014,2019,9.191,9.41285472783733,interne,90.0,,TACH,5,panel_avec_effets_fixes,9.0,True,
2015,2020,11.189,9.549336718216905,interne,99.0,,TACH,5,panel_avec_effets_fixes,9.0,True,
2016,2021,10.551,9.679833935596756,finale,108.0,,TACH,5,panel_avec_effets_fixes,9.0,True,
2017,2022,9.413,9.749346059875108,finale,117.0,,TACH,5,panel_avec_effets_fixes,9.0,True,
2018,2023,8.896,9.217469408423332,finale,126.0,,TACH,5,panel_avec_effets_fixes,9.0,True,
2019,2024,9.103,9.151783736186374,finale,135.0,,TACH,5,panel_avec_effets_fixes,9.0,True,
2006,2011,8.91,8.44946026396385,interne,16.0,,TACH,5,panel_leave_one_country_out,8.0,False,
2007,2012,8.99,8.960069994189974,interne,24.0,,TACH,5,panel_leave_one_country_out,8.0,False,
2008,2013,9.23,8.97720492431764,interne,32.0,,TACH,5,panel_leave_one_country_out,8.0,False,
2009,2014,9.7,9.03824894854061,interne,40.0,,TACH,5,panel_leave_one_country_out,8.0,False,
2010,2015,9.46,8.855280475697533,interne,48.0,,TACH,5,panel_leave_one_country_out,8.0,False,
2011,2016,9.3,9.08339350497743,interne,56.0,,TACH,5,panel_leave_one_country_out,8.0,False,
2012,2017,9.22,9.093577505290483,interne,64.0,,TACH,5,panel_leave_one_country_out,8.0,False,
2013,2018,9.272,9.34856083823195,interne,72.0,,TACH,5,panel_leave_one_country_out,8.0,False,
2014,2019,9.191,9.990112668245793,interne,80.0,,TACH,5,panel_leave_one_country_out,8.0,False,
2015,2020,11.189,10.292344620359257,interne,88.0,,TACH,5,panel_leave_one_country_out,8.0,False,
2016,2021,10.551,10.593032350402188,finale,96.0,,TACH,5,panel_leave_one_country_out,8.0,False,
2017,2022,9.413,10.605133571568459,finale,104.0,,TACH,5,panel_leave_one_country_out,8.0,False,
2018,2023,8.896,9.630887774151208,finale,112.0,,TACH,5,panel_leave_one_country_out,8.0,False,
2019,2024,9.103,9.277098652272658,finale,120.0,,TACH,5,panel_leave_one_country_out,8.0,False,
2010,2015,9.46,9.09,interne,,,TACH,5,baseline_random_walk,,,
2011,2016,9.3,8.91,interne,,,TACH,5,baseline_random_walk,,,
2012,2017,9.22,8.99,interne,,,TACH,5,baseline_random_walk,,,
2013,2018,9.272,9.23,interne,,,TACH,5,baseline_random_walk,,,
2014,2019,9.191,9.7,interne,,,TACH,5,baseline_random_walk,,,
2015,2020,11.189,9.46,interne,,,TACH,5,baseline_random_walk,,,
2016,2021,10.551,9.3,finale,,,TACH,5,baseline_random_walk,,,
2017,2022,9.413,9.22,finale,,,TACH,5,baseline_random_walk,,,
2018,2023,8.896,9.272,finale,,,TACH,5,baseline_random_walk,,,
2019,2024,9.103,9.191,finale,,,TACH,5,baseline_random_walk,,,
2010,2015,9.46,7.928947368421053,interne,,,TACH,5,baseline_random_walk_drift,,,
2011,2016,9.3,7.7620000000000005,interne,,,TACH,5,baseline_random_walk_drift,,,
2012,2017,9.22,7.9157142857142855,interne,,,TACH,5,baseline_random_walk_drift,,,
2013,2018,9.272,8.25909090909091,interne,,,TACH,5,baseline_random_walk_drift,,,
2014,2019,9.191,8.873478260869565,interne,,,TACH,5,baseline_random_walk_drift,,,
2015,2020,11.189,8.617916666666668,interne,,,TACH,5,baseline_random_walk_drift,,,
2016,2021,10.551,8.4596,finale,,,TACH,5,baseline_random_walk_drift,,,
2017,2022,9.413,8.396538461538462,finale,,,TACH,5,baseline_random_walk_drift,,,
2018,2023,8.896,8.488666666666667,finale,,,TACH,5,baseline_random_walk_drift,,,
2019,2024,9.103,8.421178571428571,finale,,,TACH,5,baseline_random_walk_drift,,,
2010,2015,9.46,7.058833094920114,interne,,,TACH,5,baseline_ar_p,,,3.0
2011,2016,9.3,7.546661276749335,interne,,,TACH,5,baseline_ar_p,,,3.0
2012,2017,9.22,7.899566167827873,interne,,,TACH,5,baseline_ar_p,,,3.0
2013,2018,9.272,8.640010067731131,interne,,,TACH,5,baseline_ar_p,,,3.0
2014,2019,9.191,9.59962943337352,interne,,,TACH,5,baseline_ar_p,,,3.0
2015,2020,11.189,9.305303571174909,interne,,,TACH,5,baseline_ar_p,,,3.0
2016,2021,10.551,8.863849509129377,finale,,,TACH,5,baseline_ar_p,,,3.0
2017,2022,9.413,8.84072894303729,finale,,,TACH,5,baseline_ar_p,,,3.0
2018,2023,8.896,8.964042930936776,finale,,,TACH,5,baseline_ar_p,,,3.0
2019,2024,9.103,8.938854608466157,finale,,,TACH,5,baseline_ar_p,,,3.0
2006,2007,29.2312467118594,24.4920783091778,interne,6.0,0.0,FBCF,1,elasticnet,,,
2007,2008,31.2682859914516,25.169102366703743,interne,7.0,0.0,FBCF,1,elasticnet,,,
2008,2009,29.0773587614193,25.931500319797227,interne,8.0,0.0,FBCF,1,elasticnet,,,
2009,2010,28.3317038596937,26.281040146644123,interne,9.0,0.0,FBCF,1,elasticnet,,,
2010,2011,29.0032363847791,26.486106517949082,interne,10.0,0.0,FBCF,1,elasticnet,,,
2011,2012,29.9543707765302,26.71493650584272,interne,11.0,0.0,FBCF,1,elasticnet,,,
2012,2013,28.4213229777508,26.98488936173334,interne,12.0,0.0,FBCF,1,elasticnet,,,
2013,2014,27.0159188539863,27.095384255273146,interne,13.0,0.0,FBCF,1,elasticnet,,,
2014,2015,25.8697787535513,27.089708155181228,interne,14.0,0.0,FBCF,1,elasticnet,,,
2015,2016,28.6835994366913,27.0083795284059,interne,15.0,0.0,FBCF,1,elasticnet,,,
2016,2017,28.135469298761,27.113080772673737,interne,16.0,0.0,FBCF,1,elasticnet,,,
2017,2018,27.858575328575,27.17322127420828,interne,17.0,0.0,FBCF,1,elasticnet,,,
2018,2019,27.1927093583345,27.211296499450878,interne,18.0,0.0,FBCF,1,elasticnet,,,
2019,2020,26.2256860657523,27.210318228865802,interne,19.0,0.0,FBCF,1,elasticnet,,,
2020,2021,26.2880092874382,27.161086620710126,finale,20.0,0.0,FBCF,1,elasticnet,,,
2021,2022,26.6163194327275,27.11951150960194,finale,21.0,0.0,FBCF,1,elasticnet,,,
2022,2023,25.0759750041054,27.096639142471282,finale,22.0,0.0,FBCF,1,elasticnet,,,
2023,2024,26.4589344056453,27.008784179933638,finale,23.0,0.0,FBCF,1,elasticnet,,,
2002,2003,23.262156009765,25.58748282873517,interne,18.0,,FBCF,1,panel_avec_effets_fixes,9.0,True,
2003,2004,24.6143543607621,22.918707678576528,interne,27.0,,FBCF,1,panel_avec_effets_fixes,9.0,True,
2004,2005,25.7936133380221,23.99455611673666,interne,36.0,,FBCF,1,panel_avec_effets_fixes,9.0,True,
2005,2006,26.3850747469865,24.64104214769034,interne,45.0,,FBCF,1,panel_avec_effets_fixes,9.0,True,
2006,2007,29.2312467118594,25.94805330368187,interne,54.0,,FBCF,1,panel_avec_effets_fixes,9.0,True,
2007,2008,31.2682859914516,28.34686024508127,interne,63.0,,FBCF,1,panel_avec_effets_fixes,9.0,True,
2008,2009,29.0773587614193,29.5664351711676,interne,72.0,,FBCF,1,panel_avec_effets_fixes,9.0,True,
2009,2010,28.3317038596937,27.874606679668744,interne,81.0,,FBCF,1,panel_avec_effets_fixes,9.0,True,
2010,2011,29.0032363847791,27.619397427923158,interne,90.0,,FBCF,1,panel_avec_effets_fixes,9.0,True,
2011,2012,29.9543707765302,28.37248809854323,interne,99.0,,FBCF,1,panel_avec_effets_fixes,9.0,True,
2012,2013,28.4213229777508,28.905293658739645,interne,108.0,,FBCF,1,panel_avec_effets_fixes,9.0,True,
2013,2014,27.0159188539863,27.90895375145483,interne,117.0,,FBCF,1,panel_avec_effets_fixes,9.0,True,
2014,2015,25.8697787535513,26.86785260525559,interne,126.0,,FBCF,1,panel_avec_effets_fixes,9.0,True,
2015,2016,28.6835994366913,25.993581453869854,interne,135.0,,FBCF,1,panel_avec_effets_fixes,9.0,True,
2016,2017,28.135469298761,27.39040838700449,interne,144.0,,FBCF,1,panel_avec_effets_fixes,9.0,True,
2017,2018,27.858575328575,27.39759921305934,interne,153.0,,FBCF,1,panel_avec_effets_fixes,9.0,True,
2018,2019,27.1927093583345,27.559495847611636,interne,162.0,,FBCF,1,panel_avec_effets_fixes,9.0,True,
2019,2020,26.2256860657523,26.79026392819013,interne,171.0,,FBCF,1,panel_avec_effets_fixes,9.0,True,
2020,2021,26.2880092874382,24.255006682722513,finale,180.0,,FBCF,1,panel_avec_effets_fixes,9.0,True,
2021,2022,26.6163194327275,25.91869760604,finale,189.0,,FBCF,1,panel_avec_effets_fixes,9.0,True,
2022,2023,25.0759750041054,26.528076434464996,finale,198.0,,FBCF,1,panel_avec_effets_fixes,9.0,True,
2023,2024,26.4589344056453,25.15623385191722,finale,207.0,,FBCF,1,panel_avec_effets_fixes,9.0,True,
2002,2003,23.262156009765,23.099464499327492,interne,16.0,,FBCF,1,panel_leave_one_country_out,8.0,False,
2003,2004,24.6143543607621,23.24986645983865,interne,24.0,,FBCF,1,panel_leave_one_country_out,8.0,False,
2004,2005,25.7936133380221,25.311292970424255,interne,32.0,,FBCF,1,panel_leave_one_country_out,8.0,False,
2005,2006,26.3850747469865,25.84565301084946,interne,40.0,,FBCF,1,panel_leave_one_country_out,8.0,False,
2006,2007,29.2312467118594,26.465169618227605,interne,48.0,,FBCF,1,panel_leave_one_country_out,8.0,False,
2007,2008,31.2682859914516,29.21725136074288,interne,56.0,,FBCF,1,panel_leave_one_country_out,8.0,False,
2008,2009,29.0773587614193,29.895328942045936,interne,64.0,,FBCF,1,panel_leave_one_country_out,8.0,False,
2009,2010,28.3317038596937,28.398637967420562,interne,72.0,,FBCF,1,panel_leave_one_country_out,8.0,False,
2010,2011,29.0032363847791,28.228314629761762,interne,80.0,,FBCF,1,panel_leave_one_country_out,8.0,False,
2011,2012,29.9543707765302,28.607232118826996,interne,88.0,,FBCF,1,panel_leave_one_country_out,8.0,False,
2012,2013,28.4213229777508,28.85141243377784,interne,96.0,,FBCF,1,panel_leave_one_country_out,8.0,False,
2013,2014,27.0159188539863,27.769186316477523,interne,104.0,,FBCF,1,panel_leave_one_country_out,8.0,False,
2014,2015,25.8697787535513,26.743432048532945,interne,112.0,,FBCF,1,panel_leave_one_country_out,8.0,False,
2015,2016,28.6835994366913,25.887188945715053,interne,120.0,,FBCF,1,panel_leave_one_country_out,8.0,False,
2016,2017,28.135469298761,27.23510048613131,interne,128.0,,FBCF,1,panel_leave_one_country_out,8.0,False,
2017,2018,27.858575328575,27.23591495638244,interne,136.0,,FBCF,1,panel_leave_one_country_out,8.0,False,
2018,2019,27.1927093583345,27.420210640439556,interne,144.0,,FBCF,1,panel_leave_one_country_out,8.0,False,
2019,2020,26.2256860657523,26.55482262927165,interne,152.0,,FBCF,1,panel_leave_one_country_out,8.0,False,
2020,2021,26.2880092874382,24.076679612798934,finale,160.0,,FBCF,1,panel_leave_one_country_out,8.0,False,
2021,2022,26.6163194327275,25.897315833265427,finale,168.0,,FBCF,1,panel_leave_one_country_out,8.0,False,
2022,2023,25.0759750041054,26.287212648490197,finale,176.0,,FBCF,1,panel_leave_one_country_out,8.0,False,
2023,2024,26.4589344056453,25.029923011801777,finale,184.0,,FBCF,1,panel_leave_one_country_out,8.0,False,
2006,2007,29.2312467118594,26.3850747469865,interne,,,FBCF,1,baseline_random_walk,,,
2007,2008,31.2682859914516,29.2312467118594,interne,,,FBCF,1,baseline_random_walk,,,
2008,2009,29.0773587614193,31.2682859914516,interne,,,FBCF,1,baseline_random_walk,,,
2009,2010,28.3317038596937,29.0773587614193,interne,,,FBCF,1,baseline_random_walk,,,
2010,2011,29.0032363847791,28.3317038596937,interne,,,FBCF,1,baseline_random_walk,,,
2011,2012,29.9543707765302,29.0032363847791,interne,,,FBCF,1,baseline_random_walk,,,
2012,2013,28.4213229777508,29.9543707765302,interne,,,FBCF,1,baseline_random_walk,,,
2013,2014,27.0159188539863,28.4213229777508,interne,,,FBCF,1,baseline_random_walk,,,
2014,2015,25.8697787535513,27.0159188539863,interne,,,FBCF,1,baseline_random_walk,,,
2015,2016,28.6835994366913,25.8697787535513,interne,,,FBCF,1,baseline_random_walk,,,
2016,2017,28.135469298761,28.6835994366913,interne,,,FBCF,1,baseline_random_walk,,,
2017,2018,27.858575328575,28.135469298761,interne,,,FBCF,1,baseline_random_walk,,,
2018,2019,27.1927093583345,27.858575328575,interne,,,FBCF,1,baseline_random_walk,,,
2019,2020,26.2256860657523,27.1927093583345,interne,,,FBCF,1,baseline_random_walk,,,
2020,2021,26.2880092874382,26.2256860657523,finale,,,FBCF,1,baseline_random_walk,,,
2021,2022,26.6163194327275,26.2880092874382,finale,,,FBCF,1,baseline_random_walk,,,
2022,2023,25.0759750041054,26.6163194327275,finale,,,FBCF,1,baseline_random_walk,,,
2023,2024,26.4589344056453,25.0759750041054,finale,,,FBCF,1,baseline_random_walk,,,
2006,2007,29.2312467118594,26.48094478146254,interne,,,FBCF,1,baseline_random_walk_drift,,,
2007,2008,31.2682859914516,29.49901061698524,interne,,,FBCF,1,baseline_random_walk_drift,,,
2008,2009,29.0773587614193,31.640124918604876,interne,,,FBCF,1,baseline_random_walk_drift,,,
2009,2010,28.3317038596937,29.306821790951158,interne,,,FBCF,1,baseline_random_walk_drift,,,
2010,2011,29.0032363847791,28.509844892843585,interne,,,FBCF,1,baseline_random_walk_drift,,,
2011,2012,29.9543707765302,29.20604699252576,interne,,,FBCF,1,baseline_random_walk_drift,,,
2012,2013,28.4213229777508,30.192815850181834,interne,,,FBCF,1,baseline_random_walk_drift,,,
2013,2014,27.0159188539863,28.579245648110113,interne,,,FBCF,1,baseline_random_walk_drift,,,
2014,2015,25.8697787535513,27.105870794166318,interne,,,FBCF,1,baseline_random_walk_drift,,,
2015,2016,28.6835994366913,25.908226858705692,interne,,,FBCF,1,baseline_random_walk_drift,,,
2016,2017,28.135469298761,28.833062444965115,interne,,,FBCF,1,baseline_random_walk_drift,,,
2017,2018,27.858575328575,28.25810180141158,interne,,,FBCF,1,baseline_random_walk_drift,,,
2018,2019,27.1927093583345,27.966410554453855,interne,,,FBCF,1,baseline_random_walk_drift,,,
2019,2020,26.2256860657523,27.272912398637665,interne,,,FBCF,1,baseline_random_walk_drift,,,
2020,2021,26.2880092874382,26.269777853197347,finale,,,FBCF,1,baseline_random_walk_drift,,,
2021,2022,26.6163194327275,26.332708789357945,finale,,,FBCF,1,baseline_random_walk_drift,,,
2022,2023,25.0759750041054,26.67016766507852,finale,,,FBCF,1,baseline_random_walk_drift,,,
2023,2024,26.4589344056453,25.080004715801007,finale,,,FBCF,1,baseline_random_walk_drift,,,
2006,2007,29.2312467118594,25.409134504464024,interne,,,FBCF,1,baseline_ar_p,,,3.0
2007,2008,31.2682859914516,28.92622276573987,interne,,,FBCF,1,baseline_ar_p,,,3.0
2008,2009,29.0773587614193,33.62241403145399,interne,,,FBCF,1,baseline_ar_p,,,3.0
2009,2010,28.3317038596937,27.884790367108412,interne,,,FBCF,1,baseline_ar_p,,,3.0
2010,2011,29.0032363847791,25.890985103470218,interne,,,FBCF,1,baseline_ar_p,,,3.0
2011,2012,29.9543707765302,28.580625882819614,interne,,,FBCF,1,baseline_ar_p,,,3.0
2012,2013,28.4213229777508,29.887681344123347,interne,,,FBCF,1,baseline_ar_p,,,3.0
2013,2014,27.0159188539863,28.29380042445374,interne,,,FBCF,1,baseline_ar_p,,,3.0
2014,2015,25.8697787535513,26.593393068499996,interne,,,FBCF,1,baseline_ar_p,,,3.0
2015,2016,28.6835994366913,25.510843727294787,interne,,,FBCF,1,baseline_ar_p,,,3.0
2016,2017,28.135469298761,28.45995948773433,interne,,,FBCF,1,baseline_ar_p,,,3.0
2017,2018,27.858575328575,28.002457602185565,interne,,,FBCF,1,baseline_ar_p,,,3.0
2018,2019,27.1927093583345,27.682478203564422,interne,,,FBCF,1,baseline_ar_p,,,3.0
2019,2020,26.2256860657523,27.072947376279554,interne,,,FBCF,1,baseline_ar_p,,,3.0
2020,2021,26.2880092874382,26.171520934403357,finale,,,FBCF,1,baseline_ar_p,,,3.0
2021,2022,26.6163194327275,26.24792099753749,finale,,,FBCF,1,baseline_ar_p,,,3.0
2022,2023,25.0759750041054,26.58296430212211,finale,,,FBCF,1,baseline_ar_p,,,3.0
2023,2024,26.4589344056453,25.198958954605537,finale,,,FBCF,1,baseline_ar_p,,,3.0
2007,2009,29.0773587614193,25.4846642160324,interne,6.0,0.0,FBCF,2,elasticnet,,,
2008,2010,28.3317038596937,26.31089589823514,interne,7.0,0.0,FBCF,2,elasticnet,,,
2009,2011,29.0032363847791,26.65670375613316,interne,8.0,0.0,FBCF,2,elasticnet,,,
2010,2012,29.9543707765302,26.842814878751,interne,9.0,0.0,FBCF,2,elasticnet,,,
2011,2013,28.4213229777508,27.05885702935381,interne,10.0,0.0,FBCF,2,elasticnet,,,
2012,2014,27.0159188539863,27.32208555182439,interne,11.0,0.0,FBCF,2,elasticnet,,,
2013,2015,25.8697787535513,27.41368867065159,interne,12.0,0.0,FBCF,2,elasticnet,,,
2014,2016,28.6835994366913,27.38309099244657,interne,13.0,0.0,FBCF,2,elasticnet,,,
2015,2017,28.135469298761,27.274997261096907,interne,14.0,0.0,FBCF,2,elasticnet,,,
2016,2018,27.858575328575,27.3689040728032,interne,15.0,0.0,FBCF,2,elasticnet,,,
2017,2019,27.1927093583345,27.41681439942556,interne,16.0,0.0,FBCF,2,elasticnet,,,
2018,2020,26.2256860657523,27.442800336434352,interne,17.0,0.0,FBCF,2,elasticnet,,,
2019,2021,26.2880092874382,27.428906393206585,finale,18.0,0.0,FBCF,2,elasticnet,,,
2020,2022,26.6163194327275,27.365579007551094,finale,19.0,0.0,FBCF,2,elasticnet,,,
2021,2023,25.0759750041054,27.311700521545447,finale,20.0,0.0,FBCF,2,elasticnet,,,
2022,2024,26.4589344056453,27.278587136363644,finale,21.0,0.0,FBCF,2,elasticnet,,,
2003,2005,25.7936133380221,23.473036686585083,interne,18.0,,FBCF,2,panel_avec_effets_fixes,9.0,True,
2004,2006,26.3850747469865,22.507828319955376,interne,27.0,,FBCF,2,panel_avec_effets_fixes,9.0,True,
2005,2007,29.2312467118594,23.21448880721762,interne,36.0,,FBCF,2,panel_avec_effets_fixes,9.0,True,
2006,2008,31.2682859914516,24.951548541149354,interne,45.0,,FBCF,2,panel_avec_effets_fixes,9.0,True,
2007,2009,29.0773587614193,27.472374188129347,interne,54.0,,FBCF,2,panel_avec_effets_fixes,9.0,True,
2008,2010,28.3317038596937,28.921749329410638,interne,63.0,,FBCF,2,panel_avec_effets_fixes,9.0,True,
2009,2011,29.0032363847791,27.179956095763792,interne,72.0,,FBCF,2,panel_avec_effets_fixes,9.0,True,
2010,2012,29.9543707765302,27.00434948547874,interne,81.0,,FBCF,2,panel_avec_effets_fixes,9.0,True,
2011,2013,28.4213229777508,27.85825471084896,interne,90.0,,FBCF,2,panel_avec_effets_fixes,9.0,True,
2012,2014,27.0159188539863,28.38234623625947,interne,99.0,,FBCF,2,panel_avec_effets_fixes,9.0,True,
2013,2015,25.8697787535513,28.154043812700102,interne,108.0,,FBCF,2,panel_avec_effets_fixes,9.0,True,
2014,2016,28.6835994366913,27.173801710881676,interne,117.0,,FBCF,2,panel_avec_effets_fixes,9.0,True,
2015,2017,28.135469298761,26.6205974519686,interne,126.0,,FBCF,2,panel_avec_effets_fixes,9.0,True,
2016,2018,27.858575328575,26.967870526040528,interne,135.0,,FBCF,2,panel_avec_effets_fixes,9.0,True,
2017,2019,27.1927093583345,27.552429518220514,interne,144.0,,FBCF,2,panel_avec_effets_fixes,9.0,True,
2018,2020,26.2256860657523,27.5107311070331,interne,153.0,,FBCF,2,panel_avec_effets_fixes,9.0,True,
2019,2021,26.2880092874382,26.94567698748219,finale,162.0,,FBCF,2,panel_avec_effets_fixes,9.0,True,
2020,2022,26.6163194327275,24.123721309861967,finale,171.0,,FBCF,2,panel_avec_effets_fixes,9.0,True,
2021,2023,25.0759750041054,26.94692533301338,finale,180.0,,FBCF,2,panel_avec_effets_fixes,9.0,True,
2022,2024,26.4589344056453,26.82774732897797,finale,189.0,,FBCF,2,panel_avec_effets_fixes,9.0,True,
2003,2005,25.7936133380221,23.08639240882983,interne,16.0,,FBCF,2,panel_leave_one_country_out,8.0,False,
2004,2006,26.3850747469865,25.875111394928474,interne,24.0,,FBCF,2,panel_leave_one_country_out,8.0,False,
2005,2007,29.2312467118594,26.70065225020852,interne,32.0,,FBCF,2,panel_leave_one_country_out,8.0,False,
2006,2008,31.2682859914516,26.784757207967502,interne,40.0,,FBCF,2,panel_leave_one_country_out,8.0,False,
2007,2009,29.0773587614193,29.090040453819118,interne,48.0,,FBCF,2,panel_leave_one_country_out,8.0,False,
2008,2010,28.3317038596937,30.538012142649748,interne,56.0,,FBCF,2,panel_leave_one_country_out,8.0,False,
2009,2011,29.0032363847791,27.900748437978052,interne,64.0,,FBCF,2,panel_leave_one_country_out,8.0,False,
2010,2012,29.9543707765302,28.11643729466396,interne,72.0,,FBCF,2,panel_leave_one_country_out,8.0,False,
2011,2013,28.4213229777508,28.843188385104636,interne,80.0,,FBCF,2,panel_leave_one_country_out,8.0,False,
2012,2014,27.0159188539863,28.365699960322882,interne,88.0,,FBCF,2,panel_leave_one_country_out,8.0,False,
2013,2015,25.8697787535513,27.896175607560508,interne,96.0,,FBCF,2,panel_leave_one_country_out,8.0,False,
2014,2016,28.6835994366913,26.51859658189727,interne,104.0,,FBCF,2,panel_leave_one_country_out,8.0,False,
2015,2017,28.135469298761,26.140936552397356,interne,112.0,,FBCF,2,panel_leave_one_country_out,8.0,False,
2016,2018,27.858575328575,26.284171176300134,interne,120.0,,FBCF,2,panel_leave_one_country_out,8.0,False,
2017,2019,27.1927093583345,27.446750401920415,interne,128.0,,FBCF,2,panel_leave_one_country_out,8.0,False,
2018,2020,26.2256860657523,27.411014572902122,interne,136.0,,FBCF,2,panel_leave_one_country_out,8.0,False,
2019,2021,26.2880092874382,26.785023031295065,finale,144.0,,FBCF,2,panel_leave_one_country_out,8.0,False,
2020,2022,26.6163194327275,23.3675571942076,finale,152.0,,FBCF,2,panel_leave_one_country_out,8.0,False,
2021,2023,25.0759750041054,27.507129612003297,finale,160.0,,FBCF,2,panel_leave_one_country_out,8.0,False,
2022,2024,26.4589344056453,27.27119652692519,finale,168.0,,FBCF,2,panel_leave_one_country_out,8.0,False,
2007,2009,29.0773587614193,29.2312467118594,interne,,,FBCF,2,baseline_random_walk,,,
2008,2010,28.3317038596937,31.2682859914516,interne,,,FBCF,2,baseline_random_walk,,,
2009,2011,29.0032363847791,29.0773587614193,interne,,,FBCF,2,baseline_random_walk,,,
2010,2012,29.9543707765302,28.3317038596937,interne,,,FBCF,2,baseline_random_walk,,,
2011,2013,28.4213229777508,29.0032363847791,interne,,,FBCF,2,baseline_random_walk,,,
2012,2014,27.0159188539863,29.9543707765302,interne,,,FBCF,2,baseline_random_walk,,,
2013,2015,25.8697787535513,28.4213229777508,interne,,,FBCF,2,baseline_random_walk,,,
2014,2016,28.6835994366913,27.0159188539863,interne,,,FBCF,2,baseline_random_walk,,,
2015,2017,28.135469298761,25.8697787535513,interne,,,FBCF,2,baseline_random_walk,,,
2016,2018,27.858575328575,28.6835994366913,interne,,,FBCF,2,baseline_random_walk,,,
2017,2019,27.1927093583345,28.135469298761,interne,,,FBCF,2,baseline_random_walk,,,
2018,2020,26.2256860657523,27.858575328575,interne,,,FBCF,2,baseline_random_walk,,,
2019,2021,26.2880092874382,27.1927093583345,finale,,,FBCF,2,baseline_random_walk,,,
2020,2022,26.6163194327275,26.2256860657523,finale,,,FBCF,2,baseline_random_walk,,,
2021,2023,25.0759750041054,26.2880092874382,finale,,,FBCF,2,baseline_random_walk,,,
2022,2024,26.4589344056453,26.6163194327275,finale,,,FBCF,2,baseline_random_walk,,,
2007,2009,29.0773587614193,29.766774522111085,interne,,,FBCF,2,baseline_random_walk_drift,,,
2008,2010,28.3317038596937,32.01196384575815,interne,,,FBCF,2,baseline_random_walk_drift,,,
2009,2011,29.0032363847791,29.53628482048301,interne,,,FBCF,2,baseline_random_walk_drift,,,
2010,2012,29.9543707765302,28.68798592599347,interne,,,FBCF,2,baseline_random_walk_drift,,,
2011,2013,28.4213229777508,29.40885760027242,interne,,,FBCF,2,baseline_random_walk_drift,,,
2012,2014,27.0159188539863,30.431260923833467,interne,,,FBCF,2,baseline_random_walk_drift,,,
2013,2015,25.8697787535513,28.73716831846943,interne,,,FBCF,2,baseline_random_walk_drift,,,
2014,2016,28.6835994366913,27.195822734346333,interne,,,FBCF,2,baseline_random_walk_drift,,,
2015,2017,28.135469298761,25.946674963860083,interne,,,FBCF,2,baseline_random_walk_drift,,,
2016,2018,27.858575328575,28.98252545323893,interne,,,FBCF,2,baseline_random_walk_drift,,,
2017,2019,27.1927093583345,28.38073430406216,interne,,,FBCF,2,baseline_random_walk_drift,,,
2018,2020,26.2256860657523,28.07424578033271,interne,,,FBCF,2,baseline_random_walk_drift,,,
2019,2021,26.2880092874382,27.35311543894083,finale,,,FBCF,2,baseline_random_walk_drift,,,
2020,2022,26.6163194327275,26.313869640642395,finale,,,FBCF,2,baseline_random_walk_drift,,,
2021,2023,25.0759750041054,26.377408291277685,finale,,,FBCF,2,baseline_random_walk_drift,,,
2022,2024,26.4589344056453,26.72401589742954,finale,,,FBCF,2,baseline_random_walk_drift,,,
2007,2009,29.0773587614193,29.80380372369158,interne,,,FBCF,2,baseline_ar_p,,,3.0
2008,2010,28.3317038596937,35.57988299589318,interne,,,FBCF,2,baseline_ar_p,,,3.0
2009,2011,29.0032363847791,25.17205146919127,interne,,,FBCF,2,baseline_ar_p,,,3.0
2010,2012,29.9543707765302,24.529318728751733,interne,,,FBCF,2,baseline_ar_p,,,3.0
2011,2013,28.4213229777508,28.39928941078811,interne,,,FBCF,2,baseline_ar_p,,,3.0
2012,2014,27.0159188539863,29.85020272495443,interne,,,FBCF,2,baseline_ar_p,,,3.0
2013,2015,25.8697787535513,27.954198750016666,interne,,,FBCF,2,baseline_ar_p,,,3.0
2014,2016,28.6835994366913,26.322575418472127,interne,,,FBCF,2,baseline_ar_p,,,3.0
2015,2017,28.135469298761,25.33419075413354,interne,,,FBCF,2,baseline_ar_p,,,3.0
2016,2018,27.858575328575,28.274647470544114,interne,,,FBCF,2,baseline_ar_p,,,3.0
2017,2019,27.1927093583345,27.810806842246702,interne,,,FBCF,2,baseline_ar_p,,,3.0
2018,2020,26.2256860657523,27.53493157499335,interne,,,FBCF,2,baseline_ar_p,,,3.0
2019,2021,26.2880092874382,26.965793951311472,finale,,,FBCF,2,baseline_ar_p,,,3.0
2020,2022,26.6163194327275,26.13946915354744,finale,,,FBCF,2,baseline_ar_p,,,3.0
2021,2023,25.0759750041054,26.248108337186547,finale,,,FBCF,2,baseline_ar_p,,,3.0
2022,2024,26.4589344056453,26.553424535893534,finale,,,FBCF,2,baseline_ar_p,,,3.0
2008,2011,29.0032363847791,26.85085355402428,interne,6.0,4.0,FBCF,3,elasticnet,,,
2009,2012,29.9543707765302,27.215428053628457,interne,7.0,2.0,FBCF,3,elasticnet,,,
2010,2013,28.4213229777508,27.44350008228827,interne,8.0,2.0,FBCF,3,elasticnet,,,
2011,2014,27.0159188539863,27.5441331078605,interne,9.0,2.0,FBCF,3,elasticnet,,,
2012,2015,25.8697787535513,27.78630769340411,interne,10.0,2.0,FBCF,3,elasticnet,,,
2013,2016,28.6835994366913,27.758429447183616,interne,11.0,0.0,FBCF,3,elasticnet,,,
2014,2017,28.135469298761,27.696553564417172,interne,12.0,0.0,FBCF,3,elasticnet,,,
2015,2018,27.858575328575,27.5560324251198,interne,13.0,0.0,FBCF,3,elasticnet,,,
2016,2019,27.1927093583345,27.636572925946332,interne,14.0,0.0,FBCF,3,elasticnet,,,
2017,2020,26.2256860657523,27.669832684133976,interne,15.0,0.0,FBCF,3,elasticnet,,,
2018,2021,26.2880092874382,27.681629099411545,finale,16.0,0.0,FBCF,3,elasticnet,,,
2019,2022,26.6163194327275,27.652869114642307,finale,17.0,0.0,FBCF,3,elasticnet,,,
2020,2023,25.0759750041054,27.573581167481752,finale,18.0,0.0,FBCF,3,elasticnet,,,
2021,2024,26.4589344056453,27.505919489584723,finale,19.0,0.0,FBCF,3,elasticnet,,,
2004,2007,29.2312467118594,26.575969879903987,interne,18.0,,FBCF,3,panel_avec_effets_fixes,9.0,True,
2005,2008,31.2682859914516,24.616015022793626,interne,27.0,,FBCF,3,panel_avec_effets_fixes,9.0,True,
2006,2009,29.0773587614193,25.34893441682066,interne,36.0,,FBCF,3,panel_avec_effets_fixes,9.0,True,
2007,2010,28.3317038596937,27.182543768900583,interne,45.0,,FBCF,3,panel_avec_effets_fixes,9.0,True,
2008,2011,29.0032363847791,28.26972889832601,interne,54.0,,FBCF,3,panel_avec_effets_fixes,9.0,True,
2009,2012,29.9543707765302,27.69178708871185,interne,63.0,,FBCF,3,panel_avec_effets_fixes,9.0,True,
2010,2013,28.4213229777508,28.23889047108063,interne,72.0,,FBCF,3,panel_avec_effets_fixes,9.0,True,
2011,2014,27.0159188539863,28.706453607968363,interne,81.0,,FBCF,3,panel_avec_effets_fixes,9.0,True,
2012,2015,25.8697787535513,28.857745450084845,interne,90.0,,FBCF,3,panel_avec_effets_fixes,9.0,True,
2013,2016,28.6835994366913,28.169606823611424,interne,99.0,,FBCF,3,panel_avec_effets_fixes,9.0,True,
2014,2017,28.135469298761,27.560495493171484,interne,108.0,,FBCF,3,panel_avec_effets_fixes,9.0,True,
2015,2018,27.858575328575,26.969095556518134,interne,117.0,,FBCF,3,panel_avec_effets_fixes,9.0,True,
2016,2019,27.1927093583345,27.078326072809926,interne,126.0,,FBCF,3,panel_avec_effets_fixes,9.0,True,
2017,2020,26.2256860657523,26.950777685612973,interne,135.0,,FBCF,3,panel_avec_effets_fixes,9.0,True,
2018,2021,26.2880092874382,27.31622115200694,finale,144.0,,FBCF,3,panel_avec_effets_fixes,9.0,True,
2019,2022,26.6163194327275,27.06703759229583,finale,153.0,,FBCF,3,panel_avec_effets_fixes,9.0,True,
2020,2023,25.0759750041054,24.902328831138092,finale,162.0,,FBCF,3,panel_avec_effets_fixes,9.0,True,
2021,2024,26.4589344056453,26.433992090711172,finale,171.0,,FBCF,3,panel_avec_effets_fixes,9.0,True,
2004,2007,29.2312467118594,25.313349713554615,interne,16.0,,FBCF,3,panel_leave_one_country_out,8.0,False,
2005,2008,31.2682859914516,25.40928544405775,interne,24.0,,FBCF,3,panel_leave_one_country_out,8.0,False,
2006,2009,29.0773587614193,26.432217934247298,interne,32.0,,FBCF,3,panel_leave_one_country_out,8.0,False,
2007,2010,28.3317038596937,28.6383275378021,interne,40.0,,FBCF,3,panel_leave_one_country_out,8.0,False,
2008,2011,29.0032363847791,28.484585120618156,interne,48.0,,FBCF,3,panel_leave_one_country_out,8.0,False,
2009,2012,29.9543707765302,26.91595965625723,interne,56.0,,FBCF,3,panel_leave_one_country_out,8.0,False,
2010,2013,28.4213229777508,27.78076977407221,interne,64.0,,FBCF,3,panel_leave_one_country_out,8.0,False,
2011,2014,27.0159188539863,28.222932336039648,interne,72.0,,FBCF,3,panel_leave_one_country_out,8.0,False,
2012,2015,25.8697787535513,27.778775316763465,interne,80.0,,FBCF,3,panel_leave_one_country_out,8.0,False,
2013,2016,28.6835994366913,26.87787186135984,interne,88.0,,FBCF,3,panel_leave_one_country_out,8.0,False,
2014,2017,28.135469298761,26.144021868437886,interne,96.0,,FBCF,3,panel_leave_one_country_out,8.0,False,
2015,2018,27.858575328575,25.78933814630573,interne,104.0,,FBCF,3,panel_leave_one_country_out,8.0,False,
2016,2019,27.1927093583345,25.879456446106275,interne,112.0,,FBCF,3,panel_leave_one_country_out,8.0,False,
2017,2020,26.2256860657523,26.028518908658448,interne,120.0,,FBCF,3,panel_leave_one_country_out,8.0,False,
2018,2021,26.2880092874382,26.624811639274956,finale,128.0,,FBCF,3,panel_leave_one_country_out,8.0,False,
2019,2022,26.6163194327275,26.51345473422952,finale,136.0,,FBCF,3,panel_leave_one_country_out,8.0,False,
2020,2023,25.0759750041054,23.55179461282277,finale,144.0,,FBCF,3,panel_leave_one_country_out,8.0,False,
2021,2024,26.4589344056453,26.152989709459273,finale,152.0,,FBCF,3,panel_leave_one_country_out,8.0,False,
2008,2011,29.0032363847791,31.2682859914516,interne,,,FBCF,3,baseline_random_walk,,,
2009,2012,29.9543707765302,29.0773587614193,interne,,,FBCF,3,baseline_random_walk,,,
2010,2013,28.4213229777508,28.3317038596937,interne,,,FBCF,3,baseline_random_walk,,,
2011,2014,27.0159188539863,29.0032363847791,interne,,,FBCF,3,baseline_random_walk,,,
2012,2015,25.8697787535513,29.9543707765302,interne,,,FBCF,3,baseline_random_walk,,,
2013,2016,28.6835994366913,28.4213229777508,interne,,,FBCF,3,baseline_random_walk,,,
2014,2017,28.135469298761,27.0159188539863,interne,,,FBCF,3,baseline_random_walk,,,
2015,2018,27.858575328575,25.8697787535513,interne,,,FBCF,3,baseline_random_walk,,,
2016,2019,27.1927093583345,28.6835994366913,interne,,,FBCF,3,baseline_random_walk,,,
2017,2020,26.2256860657523,28.135469298761,interne,,,FBCF,3,baseline_random_walk,,,
2018,2021,26.2880092874382,27.858575328575,finale,,,FBCF,3,baseline_random_walk,,,
2019,2022,26.6163194327275,27.1927093583345,finale,,,FBCF,3,baseline_random_walk,,,
2020,2023,25.0759750041054,26.2256860657523,finale,,,FBCF,3,baseline_random_walk,,,
2021,2024,26.4589344056453,26.2880092874382,finale,,,FBCF,3,baseline_random_walk,,,
2008,2011,29.0032363847791,32.38380277291143,interne,,,FBCF,3,baseline_random_walk_drift,,,
2009,2012,29.9543707765302,29.76574785001487,interne,,,FBCF,3,baseline_random_walk_drift,,,
2010,2013,28.4213229777508,28.866126959143354,interne,,,FBCF,3,baseline_random_walk_drift,,,
2011,2014,27.0159188539863,29.61166820801908,interne,,,FBCF,3,baseline_random_walk_drift,,,
2012,2015,25.8697787535513,30.6697059974851,interne,,,FBCF,3,baseline_random_walk_drift,,,
2013,2016,28.6835994366913,28.89509098882874,interne,,,FBCF,3,baseline_random_walk_drift,,,
2014,2017,28.135469298761,27.28577467452635,interne,,,FBCF,3,baseline_random_walk_drift,,,
2015,2018,27.858575328575,25.985123069014477,interne,,,FBCF,3,baseline_random_walk_drift,,,
2016,2019,27.1927093583345,29.131988461512748,interne,,,FBCF,3,baseline_random_walk_drift,,,
2017,2020,26.2256860657523,28.50336680671274,interne,,,FBCF,3,baseline_random_walk_drift,,,
2018,2021,26.2880092874382,28.18208100621157,finale,,,FBCF,3,baseline_random_walk_drift,,,
2019,2022,26.6163194327275,27.433318479243994,finale,,,FBCF,3,baseline_random_walk_drift,,,
2020,2023,25.0759750041054,26.357961428087442,finale,,,FBCF,3,baseline_random_walk_drift,,,
2021,2024,26.4589344056453,26.42210779319743,finale,,,FBCF,3,baseline_random_walk_drift,,,
2008,2011,29.0032363847791,37.751955571738755,interne,,,FBCF,3,baseline_ar_p,,,3.0
2009,2012,29.9543707765302,23.478400452939102,interne,,,FBCF,3,baseline_ar_p,,,3.0
2010,2013,28.4213229777508,23.006166941566853,interne,,,FBCF,3,baseline_ar_p,,,3.0
2011,2014,27.0159188539863,28.081052987532228,interne,,,FBCF,3,baseline_ar_p,,,3.0
2012,2015,25.8697787535513,29.72804696944963,interne,,,FBCF,3,baseline_ar_p,,,3.0
2013,2016,28.6835994366913,27.78565169733024,interne,,,FBCF,3,baseline_ar_p,,,3.0
2014,2017,28.135469298761,26.200474747997564,interne,,,FBCF,3,baseline_ar_p,,,3.0
2015,2018,27.858575328575,25.315297366579394,interne,,,FBCF,3,baseline_ar_p,,,3.0
2016,2019,27.1927093583345,28.073970223674177,interne,,,FBCF,3,baseline_ar_p,,,3.0
2017,2020,26.2256860657523,27.654481685646115,interne,,,FBCF,3,baseline_ar_p,,,3.0
2018,2021,26.2880092874382,27.409144121762363,finale,,,FBCF,3,baseline_ar_p,,,3.0
2019,2022,26.6163194327275,26.888546204899573,finale,,,FBCF,3,baseline_ar_p,,,3.0
2020,2023,25.0759750041054,26.14742835679587,finale,,,FBCF,3,baseline_ar_p,,,3.0
2021,2024,26.4589344056453,26.24561719546294,finale,,,FBCF,3,baseline_ar_p,,,3.0
2009,2013,28.4213229777508,27.791998372855183,interne,6.0,3.0,FBCF,4,elasticnet,,,
2010,2014,27.0159188539863,27.800209704967525,interne,7.0,2.0,FBCF,4,elasticnet,,,
2011,2015,25.8697787535513,27.83527488746675,interne,8.0,1.0,FBCF,4,elasticnet,,,
2012,2016,28.6835994366913,28.13430841151147,interne,9.0,2.0,FBCF,4,elasticnet,,,
2013,2017,28.135469298761,28.11343446097454,interne,10.0,2.0,FBCF,4,elasticnet,,,
2014,2018,27.858575328575,27.846937950097132,interne,11.0,1.0,FBCF,4,elasticnet,,,
2015,2019,27.1927093583345,27.028682960913788,interne,12.0,2.0,FBCF,4,elasticnet,,,
2016,2020,26.2256860657523,27.41805203237752,interne,13.0,1.0,FBCF,4,elasticnet,,,
2017,2021,26.2880092874382,26.761337375149164,finale,14.0,1.0,FBCF,4,elasticnet,,,
2018,2022,26.6163194327275,27.296300849640886,finale,15.0,1.0,FBCF,4,elasticnet,,,
2019,2023,25.0759750041054,27.179298775670787,finale,16.0,1.0,FBCF,4,elasticnet,,,
2020,2024,26.4589344056453,27.47407214609013,finale,17.0,1.0,FBCF,4,elasticnet,,,
2005,2009,29.0773587614193,25.892013275243016,interne,18.0,,FBCF,4,panel_avec_effets_fixes,9.0,True,
2006,2010,28.3317038596937,25.026113732468794,interne,27.0,,FBCF,4,panel_avec_effets_fixes,9.0,True,
2007,2011,29.0032363847791,26.56532688763588,interne,36.0,,FBCF,4,panel_avec_effets_fixes,9.0,True,
2008,2012,29.9543707765302,27.841616158570847,interne,45.0,,FBCF,4,panel_avec_effets_fixes,9.0,True,
2009,2013,28.4213229777508,27.61177824529567,interne,54.0,,FBCF,4,panel_avec_effets_fixes,9.0,True,
2010,2014,27.0159188539863,27.95812829410102,interne,63.0,,FBCF,4,panel_avec_effets_fixes,9.0,True,
2011,2015,25.8697787535513,28.276957441154803,interne,72.0,,FBCF,4,panel_avec_effets_fixes,9.0,True,
2012,2016,28.6835994366913,28.40425760940732,interne,81.0,,FBCF,4,panel_avec_effets_fixes,9.0,True,
2013,2017,28.135469298761,28.098232484407333,interne,90.0,,FBCF,4,panel_avec_effets_fixes,9.0,True,
2014,2018,27.858575328575,27.616760504046525,interne,99.0,,FBCF,4,panel_avec_effets_fixes,9.0,True,
2015,2019,27.1927093583345,26.96573807727893,interne,108.0,,FBCF,4,panel_avec_effets_fixes,9.0,True,
2016,2020,26.2256860657523,27.283786861545718,interne,117.0,,FBCF,4,panel_avec_effets_fixes,9.0,True,
2017,2021,26.2880092874382,27.310351298262763,finale,126.0,,FBCF,4,panel_avec_effets_fixes,9.0,True,
2018,2022,26.6163194327275,27.266735159729922,finale,135.0,,FBCF,4,panel_avec_effets_fixes,9.0,True,
2019,2023,25.0759750041054,27.063857027530894,finale,144.0,,FBCF,4,panel_avec_effets_fixes,9.0,True,
2020,2024,26.4589344056453,25.4328122571559,finale,153.0,,FBCF,4,panel_avec_effets_fixes,9.0,True,
2005,2009,29.0773587614193,25.441292083493714,interne,16.0,,FBCF,4,panel_leave_one_country_out,8.0,False,
2006,2010,28.3317038596937,26.36942658817447,interne,24.0,,FBCF,4,panel_leave_one_country_out,8.0,False,
2007,2011,29.0032363847791,29.439596462983758,interne,32.0,,FBCF,4,panel_leave_one_country_out,8.0,False,
2008,2012,29.9543707765302,29.171673883331678,interne,40.0,,FBCF,4,panel_leave_one_country_out,8.0,False,
2009,2013,28.4213229777508,27.300820748573006,interne,48.0,,FBCF,4,panel_leave_one_country_out,8.0,False,
2010,2014,27.0159188539863,27.948373820365866,interne,56.0,,FBCF,4,panel_leave_one_country_out,8.0,False,
2011,2015,25.8697787535513,27.775657879376976,interne,64.0,,FBCF,4,panel_leave_one_country_out,8.0,False,
2012,2016,28.6835994366913,27.25814113810636,interne,72.0,,FBCF,4,panel_leave_one_country_out,8.0,False,
2013,2017,28.135469298761,26.702036913352618,interne,80.0,,FBCF,4,panel_leave_one_country_out,8.0,False,
2014,2018,27.858575328575,25.822290430292732,interne,88.0,,FBCF,4,panel_leave_one_country_out,8.0,False,
2015,2019,27.1927093583345,25.285939085722127,interne,96.0,,FBCF,4,panel_leave_one_country_out,8.0,False,
2016,2020,26.2256860657523,25.630225700988724,interne,104.0,,FBCF,4,panel_leave_one_country_out,8.0,False,
2017,2021,26.2880092874382,26.05303432834764,finale,112.0,,FBCF,4,panel_leave_one_country_out,8.0,False,
2018,2022,26.6163194327275,26.520941163776723,finale,120.0,,FBCF,4,panel_leave_one_country_out,8.0,False,
2019,2023,25.0759750041054,26.33872934593432,finale,128.0,,FBCF,4,panel_leave_one_country_out,8.0,False,
2020,2024,26.4589344056453,23.72883287575363,finale,136.0,,FBCF,4,panel_leave_one_country_out,8.0,False,
2009,2013,28.4213229777508,29.0773587614193,interne,,,FBCF,4,baseline_random_walk,,,
2010,2014,27.0159188539863,28.3317038596937,interne,,,FBCF,4,baseline_random_walk,,,
2011,2015,25.8697787535513,29.0032363847791,interne,,,FBCF,4,baseline_random_walk,,,
2012,2016,28.6835994366913,29.9543707765302,interne,,,FBCF,4,baseline_random_walk,,,
2013,2017,28.135469298761,28.4213229777508,interne,,,FBCF,4,baseline_random_walk,,,
2014,2018,27.858575328575,27.0159188539863,interne,,,FBCF,4,baseline_random_walk,,,
2015,2019,27.1927093583345,25.8697787535513,interne,,,FBCF,4,baseline_random_walk,,,
2016,2020,26.2256860657523,28.6835994366913,interne,,,FBCF,4,baseline_random_walk,,,
2017,2021,26.2880092874382,28.135469298761,finale,,,FBCF,4,baseline_random_walk,,,
2018,2022,26.6163194327275,27.858575328575,finale,,,FBCF,4,baseline_random_walk,,,
2019,2023,25.0759750041054,27.1927093583345,finale,,,FBCF,4,baseline_random_walk,,,
2020,2024,26.4589344056453,26.2256860657523,finale,,,FBCF,4,baseline_random_walk,,,
2009,2013,28.4213229777508,29.995210879546722,interne,,,FBCF,4,baseline_random_walk_drift,,,
2010,2014,27.0159188539863,29.044267992293236,interne,,,FBCF,4,baseline_random_walk_drift,,,
2011,2015,25.8697787535513,29.81447881576574,interne,,,FBCF,4,baseline_random_walk_drift,,,
2012,2016,28.6835994366913,30.908151071136736,interne,,,FBCF,4,baseline_random_walk_drift,,,
2013,2017,28.135469298761,29.053013659188057,interne,,,FBCF,4,baseline_random_walk_drift,,,
2014,2018,27.858575328575,27.37572661470637,interne,,,FBCF,4,baseline_random_walk_drift,,,
2015,2019,27.1927093583345,26.02357117416887,interne,,,FBCF,4,baseline_random_walk_drift,,,
2016,2020,26.2256860657523,29.281451469786564,interne,,,FBCF,4,baseline_random_walk_drift,,,
2017,2021,26.2880092874382,28.625999309363323,finale,,,FBCF,4,baseline_random_walk_drift,,,
2018,2022,26.6163194327275,28.289916232090423,finale,,,FBCF,4,baseline_random_walk_drift,,,
2019,2023,25.0759750041054,27.513521519547158,finale,,,FBCF,4,baseline_random_walk_drift,,,
2020,2024,26.4589344056453,26.402053215532494,finale,,,FBCF,4,baseline_random_walk_drift,,,
2009,2013,28.4213229777508,21.88871814487337,interne,,,FBCF,4,baseline_ar_p,,,3.0
2010,2014,27.0159188539863,22.466243595039717,interne,,,FBCF,4,baseline_ar_p,,,3.0
2011,2015,25.8697787535513,27.835360273454942,interne,,,FBCF,4,baseline_ar_p,,,3.0
2012,2016,28.6835994366913,29.617424042861757,interne,,,FBCF,4,baseline_ar_p,,,3.0
2013,2017,28.135469298761,27.61757658476098,interne,,,FBCF,4,baseline_ar_p,,,3.0
2014,2018,27.858575328575,26.122964115596137,interne,,,FBCF,4,baseline_ar_p,,,3.0
2015,2019,27.1927093583345,25.342292535664868,interne,,,FBCF,4,baseline_ar_p,,,3.0
2016,2020,26.2256860657523,27.899902096092376,interne,,,FBCF,4,baseline_ar_p,,,3.0
2017,2021,26.2880092874382,27.517931799764142,finale,,,FBCF,4,baseline_ar_p,,,3.0
2018,2022,26.6163194327275,27.300976334337207,finale,,,FBCF,4,baseline_ar_p,,,3.0
2019,2023,25.0759750041054,26.823015695022782,finale,,,FBCF,4,baseline_ar_p,,,3.0
2020,2024,26.4589344056453,26.15611985342923,finale,,,FBCF,4,baseline_ar_p,,,3.0
2010,2015,25.8697787535513,27.963296792996662,interne,6.0,13.0,FBCF,5,elasticnet,,,
2011,2016,28.6835994366913,28.222722131128112,interne,7.0,12.0,FBCF,5,elasticnet,,,
2012,2017,28.135469298761,28.730130409742117,interne,8.0,11.0,FBCF,5,elasticnet,,,
2013,2018,27.858575328575,28.41093298076756,interne,9.0,12.0,FBCF,5,elasticnet,,,
2014,2019,27.1927093583345,28.150248465353915,interne,10.0,12.0,FBCF,5,elasticnet,,,
2015,2020,26.2256860657523,27.590235878362396,interne,11.0,14.0,FBCF,5,elasticnet,,,
2016,2021,26.2880092874382,27.953330312174405,finale,12.0,13.0,FBCF,5,elasticnet,,,
2017,2022,26.6163194327275,27.656797552061185,finale,13.0,12.0,FBCF,5,elasticnet,,,
2018,2023,25.0759750041054,27.83135070598602,finale,14.0,12.0,FBCF,5,elasticnet,,,
2019,2024,26.4589344056453,27.672362697539054,finale,15.0,12.0,FBCF,5,elasticnet,,,
2006,2011,29.0032363847791,26.96309802415785,interne,18.0,,FBCF,5,panel_avec_effets_fixes,9.0,True,
2007,2012,29.9543707765302,29.45857162292242,interne,27.0,,FBCF,5,panel_avec_effets_fixes,9.0,True,
2008,2013,28.4213229777508,29.720527268972813,interne,36.0,,FBCF,5,panel_avec_effets_fixes,9.0,True,
2009,2014,27.0159188539863,31.331946106091724,interne,45.0,,FBCF,5,panel_avec_effets_fixes,9.0,True,
2010,2015,25.8697787535513,31.313873765335362,interne,54.0,,FBCF,5,panel_avec_effets_fixes,9.0,True,
2011,2016,28.6835994366913,30.085932264740517,interne,63.0,,FBCF,5,panel_avec_effets_fixes,9.0,True,
2012,2017,28.135469298761,29.709537895284477,interne,72.0,,FBCF,5,panel_avec_effets_fixes,9.0,True,
2013,2018,27.858575328575,29.94441077287933,interne,81.0,,FBCF,5,panel_avec_effets_fixes,9.0,True,
2014,2019,27.1927093583345,29.175859961051152,interne,90.0,,FBCF,5,panel_avec_effets_fixes,9.0,True,
2015,2020,26.2256860657523,28.428122855561192,interne,99.0,,FBCF,5,panel_avec_effets_fixes,9.0,True,
2016,2021,26.2880092874382,27.991493965499174,finale,108.0,,FBCF,5,panel_avec_effets_fixes,9.0,True,
2017,2022,26.6163194327275,27.96827841542357,finale,117.0,,FBCF,5,panel_avec_effets_fixes,9.0,True,
2018,2023,25.0759750041054,27.974602562022632,finale,126.0,,FBCF,5,panel_avec_effets_fixes,9.0,True,
2019,2024,26.4589344056453,27.64401547232699,finale,135.0,,FBCF,5,panel_avec_effets_fixes,9.0,True,
2006,2011,29.0032363847791,26.211904410806778,interne,16.0,,FBCF,5,panel_leave_one_country_out,8.0,False,
2007,2012,29.9543707765302,30.231260396625423,interne,24.0,,FBCF,5,panel_leave_one_country_out,8.0,False,
2008,2013,28.4213229777508,30.443720991238585,interne,32.0,,FBCF,5,panel_leave_one_country_out,8.0,False,
2009,2014,27.0159188539863,28.57005031321042,interne,40.0,,FBCF,5,panel_leave_one_country_out,8.0,False,
2010,2015,25.8697787535513,27.397705651467653,interne,48.0,,FBCF,5,panel_leave_one_country_out,8.0,False,
2011,2016,28.6835994366913,27.62624581478617,interne,56.0,,FBCF,5,panel_leave_one_country_out,8.0,False,
2012,2017,28.135469298761,26.946222446065622,interne,64.0,,FBCF,5,panel_leave_one_country_out,8.0,False,
2013,2018,27.858575328575,26.87798197140959,interne,72.0,,FBCF,5,panel_leave_one_country_out,8.0,False,
2014,2019,27.1927093583345,25.384674004685824,interne,80.0,,FBCF,5,panel_leave_one_country_out,8.0,False,
2015,2020,26.2256860657523,24.567405311828587,interne,88.0,,FBCF,5,panel_leave_one_country_out,8.0,False,
2016,2021,26.2880092874382,25.276078919924394,finale,96.0,,FBCF,5,panel_leave_one_country_out,8.0,False,
2017,2022,26.6163194327275,26.253233509495526,finale,104.0,,FBCF,5,panel_leave_one_country_out,8.0,False,
2018,2023,25.0759750041054,26.505475758354763,finale,112.0,,FBCF,5,panel_leave_one_country_out,8.0,False,
2019,2024,26.4589344056453,26.348311737894136,finale,120.0,,FBCF,5,panel_leave_one_country_out,8.0,False,
2010,2015,25.8697787535513,28.3317038596937,interne,,,FBCF,5,baseline_random_walk,,,
2011,2016,28.6835994366913,29.0032363847791,interne,,,FBCF,5,baseline_random_walk,,,
2012,2017,28.135469298761,29.9543707765302,interne,,,FBCF,5,baseline_random_walk,,,
2013,2018,27.858575328575,28.4213229777508,interne,,,FBCF,5,baseline_random_walk,,,
2014,2019,27.1927093583345,27.0159188539863,interne,,,FBCF,5,baseline_random_walk,,,
2015,2020,26.2256860657523,25.8697787535513,interne,,,FBCF,5,baseline_random_walk,,,
2016,2021,26.2880092874382,28.6835994366913,finale,,,FBCF,5,baseline_random_walk,,,
2017,2022,26.6163194327275,28.135469298761,finale,,,FBCF,5,baseline_random_walk,,,
2018,2023,25.0759750041054,27.858575328575,finale,,,FBCF,5,baseline_random_walk,,,
2019,2024,26.4589344056453,27.1927093583345,finale,,,FBCF,5,baseline_random_walk,,,
2010,2015,25.8697787535513,29.22240902544312,interne,,,FBCF,5,baseline_random_walk_drift,,,
2011,2016,28.6835994366913,30.017289423512402,interne,,,FBCF,5,baseline_random_walk_drift,,,
2012,2017,28.135469298761,31.14659614478837,interne,,,FBCF,5,baseline_random_walk_drift,,,
2013,2018,27.858575328575,29.21093632954737,interne,,,FBCF,5,baseline_random_walk_drift,,,
2014,2019,27.1927093583345,27.465678554886384,interne,,,FBCF,5,baseline_random_walk_drift,,,
2015,2020,26.2256860657523,26.06201927932326,interne,,,FBCF,5,baseline_random_walk_drift,,,
2016,2021,26.2880092874382,29.43091447806038,finale,,,FBCF,5,baseline_random_walk_drift,,,
2017,2022,26.6163194327275,28.7486318120139,finale,,,FBCF,5,baseline_random_walk_drift,,,
2018,2023,25.0759750041054,28.397751457969278,finale,,,FBCF,5,baseline_random_walk_drift,,,
2019,2024,26.4589344056453,27.593724559850322,finale,,,FBCF,5,baseline_random_walk_drift,,,
2010,2015,25.8697787535513,22.25645570699147,interne,,,FBCF,5,baseline_ar_p,,,3.0
2011,2016,28.6835994366913,27.600979179271594,interne,,,FBCF,5,baseline_ar_p,,,3.0
2012,2017,28.135469298761,29.507674876331762,interne,,,FBCF,5,baseline_ar_p,,,3.0
2013,2018,27.858575328575,27.48517025088808,interne,,,FBCF,5,baseline_ar_p,,,3.0
2014,2019,27.1927093583345,26.07503533360012,interne,,,FBCF,5,baseline_ar_p,,,3.0
2015,2020,26.2256860657523,25.391804753388524,interne,,,FBCF,5,baseline_ar_p,,,3.0
2016,2021,26.2880092874382,27.748842295049062,finale,,,FBCF,5,baseline_ar_p,,,3.0
2017,2022,26.6163194327275,27.400627227695303,finale,,,FBCF,5,baseline_ar_p,,,3.0
2018,2023,25.0759750041054,27.207912713069984,finale,,,FBCF,5,baseline_ar_p,,,3.0
2019,2024,26.4589344056453,26.76778941317097,finale,,,FBCF,5,baseline_ar_p,,,3.0
