country_iso3,year,BALANCE_COURANTE,CRDE,CROISSANCE_PIB,DETO,DETTE_PUBLIQUE,EMAG,EMIN,EMSE,EVNA,EXPO,EXPORT_MARCHANDISES_USD,FBCF,IDEE,IMPO,INFLATION_CPI,LFPRF,OUVERTURE_COM,POP_ACTIVE_TOTALE,RETO,SOBG,SOPR,TAAC,TACH,TAUX_EMPLOI_15P,TCER,UNFE,VAAG,VAIN,VASE,WSWF
CHL,1980,-6.66178235642894,1.4773427813477,8.17228334347537,23.7589617793258,,,,,69.475,21.2684484447529,4705000000.0,17.396437088639,0.719918641257922,25.9571089596973,35.1383405330485,,47.2255574044502,,,,,,,,163.764621826367,,7.09042624083891,36.6033924697289,54.0881102044337,
CHL,1981,-13.4535436360531,1.46778880891447,6.71863895635887,24.9673373962757,,,,,69.822,15.2466633451147,3837000000.0,19.4076479620061,1.08867678271885,25.7169252809264,19.6868327084319,,40.9635886260411,,,,,,,,194.136671915104,,6.34140908822716,35.4785442814874,56.4987762465561,
CHL,1982,-11.6893618645153,1.45778010136388,-11.5020620535762,30.4467834585012,,,,,70.291,18.4422561478579,3706000000.0,14.5925358783494,2.03447660923205,21.0569974463748,9.94102693041832,,39.4992535942326,,,,,,,,175.087253464193,,6.23030219959497,35.5402276991489,59.2481285360038,
CHL,1983,-5.41452931267014,1.47365211989337,-4.9352297090374,28.6911024663033,,,,,70.83,23.1190708543507,3831000000.0,13.3097548769588,0.654397007350464,21.1194422235557,27.2571946726204,,44.2385130779064,,,,,,,,143.392045454639,,5.81117354492524,38.0687334742006,52.2122508854059,
CHL,1984,-10.5684245263752,1.49871557098637,3.98371018713553,29.2660041188668,,,,,71.215,22.4552872653066,3651000000.0,15.3860767019267,0.390496027028549,24.0899983284355,19.8602056602626,,46.5452855937421,,,,,,,,142.222197308617,,7.03812743981795,37.7862494882812,48.536868034185,
CHL,1985,-7.87897220641269,1.52456675319995,3.55239860775048,25.4285852757308,,,,,71.615,25.9350262014508,3804000000.0,16.5072700573698,0.804636788479208,24.0398404776303,30.7034989096151,,49.9748666790811,,,,,,,,120.334565402784,,7.37883164165532,38.8062743473158,49.5599861118675,
CHL,1986,-6.20612193919602,1.55013144694725,5.40556438635799,23.6614513053869,,,,,72.061,26.8922386904566,4191000000.0,16.8549246484864,1.6434159267914,24.3461205779226,19.4768379232582,,51.2383592683791,,,,,,,,101.289833837074,,8.43538238536869,34.8077951769043,50.8494245563192,
CHL,1987,-3.25098034750442,1.58587580343349,6.73884253090458,20.7590817242419,,,,,72.466,27.899127374623,5224000000.0,19.2210351862357,3.93930874874498,25.4434311892634,19.8808457201905,,53.3425585638865,,,,,,,,93.0255008591377,,8.65561213174041,35.635553091306,49.5406050896288,
CHL,1988,-0.88405444099552,1.62297053532028,7.35081069623416,19.1532963800615,,,,,72.788,32.3093535908079,7052000000.0,20.5783100985407,3.69782322143286,25.849759175512,14.684351250082,,58.1591127663198,,,,,,,,87.3799812913553,,8.43888848320251,40.9883945513975,45.7014046557415,
CHL,1989,-2.29508114009766,1.64478776264933,10.3583568690228,17.6122706252634,,,,,73.188,33.5152629480169,8078000000.0,24.0921618210257,4.26386915339627,29.1124126998085,17.0279367308962,,62.6276756478254,,,,,,,,89.7647332819432,,8.25943829562004,39.7075817893127,47.1082602957375,
CHL,1990,-1.44968764303319,1.66722675551771,3.59872304691744,20.99111831475,,,,,73.675,32.2119449244153,8373000000.0,23.7709729412989,1.97794818425857,28.9966928543665,26.0364811362364,30.983,61.2086377787818,4956423.0,23.24169089946,2.2505725847102,4.6357996408731,55.815,,,86.036468186292,,8.16488254727689,38.874404083697,46.7176912080462,
CHL,1991,-0.25554288126347,1.66290007957355,7.75620189312957,21.248733777126,37.1,16.7225908828621,26.7607369549089,56.5166515538703,74.082,30.9848794845346,8942000000.0,20.7492215013557,2.1518436890016,26.5226676793206,21.7844124277757,31.873,57.5075471638552,5120213.0,22.789960737402,1.5412269602764,3.7853878491531,56.67,5.23,50.416,88.0896397297912,5.7,9.16272830802187,36.9954749325527,46.1379888012374,75.0844775342238
CHL,1992,-2.0561295791378,1.61244609996212,11.5019314370192,20.932552764781,30.5,15.8316631298229,26.6492387977521,57.5190784287495,74.367,28.5950704800945,10007000000.0,23.4984374150546,2.01143578120064,26.9466772202601,15.4258064688928,33.205,55.5417477003547,5322228.0,23.040160162923,2.1076073981426,3.8846238503546,57.931,4.35,51.887,92.9251479122352,5.34,9.08922702257989,34.8170307202377,47.591765895201,75.0347773609609
CHL,1993,-5.11105015900292,1.55575470326431,6.6855844008042,21.217570220934,28.1,14.4872204176795,27.2887935127406,58.2239860695799,74.679,25.5450555023598,9199000000.0,26.2188854128558,2.07129503152446,27.3687975536673,12.7277669490964,34.088,52.9138530560271,5480115.0,22.633005518499,1.4154352975646,2.9578294325337,58.68,4.49,52.349,94.6635853096462,5.115,7.92947970299973,34.541908173271,48.6916994421312,74.9852939652529
CHL,1994,-2.76296605169419,1.50594720365816,5.07680374667352,20.621123098741,22.6,14.1575535625321,26.2230496433132,59.6193967941547,74.973,27.2530179794726,11604000000.0,24.7209918225773,4.49543455707598,25.5546659744932,11.4431196444973,34.784,52.8076839539658,5623118.0,22.058509067144,1.4373859684028,2.7979992604002,59.244,5.87,51.965,98.0700981258411,6.79,7.44478422975848,36.3057858862368,48.904876992959,74.9885099184771
CHL,1995,-1.82822028885922,1.46395387384967,9.25542757753573,19.451046957493,17.3,13.704046525374,26.1381343452129,60.1578010756095,75.298,28.4806033041148,16024000000.0,25.6194615701593,4.00566641535027,26.2068802957705,8.23263034116114,35.896,54.6874835998853,5812124.0,22.551988239539,3.100941282046,4.058524331177,60.26,4.7,53.397,103.953007626094,5.246,6.9674031262015,37.8499822511135,48.0904060517893,75.2458675700619
CHL,1996,-3.92274308347759,1.41256567140629,7.1148626270751,20.634876797497,14.6,13.4255127415624,26.7575337839668,59.8169715335203,75.555,25.9504471585508,16627000000.0,27.8972604254287,6.1267050997206,27.9703051278948,7.35911781788767,36.756,53.9207522864456,5980808.0,22.705694964506,2.070818167009,2.8141318002117,61.023,7.414,52.431,106.604884408959,10.006,5.01955588968009,30.8497179146161,52.0798387118211,75.4494937042389
CHL,1997,-4.26887262850027,1.33747554386278,7.3917392684331,20.581527196745,12.8,12.5861355168131,27.0963564242924,60.3175080588945,75.826,25.8780061517668,17870000000.0,28.6348409708761,6.14802074641292,28.2212958576073,6.13386464357927,37.492,54.099302009374,6086471.0,22.620668948434,2.0391417516896,2.6894104557194,61.119,7.136,52.579,114.371711225902,9.598,5.00655339523575,29.9914832580073,52.8596291981344,75.4843006001487
CHL,1998,-4.77915592737757,1.29984189219994,4.18088662700669,21.905398968322,12.1,12.5767355482361,25.4336384604308,61.989625991333,76.324,25.1435824160666,16323000000.0,27.5785919147179,5.64436806174344,28.6925981884673,5.11024954517559,37.854,53.8361806045338,6211120.0,22.295546523734,0.39014755541217,0.89721643624288,61.291,7.307,52.605,112.105981837322,9.348,5.39423074782406,27.3297181163357,54.6667305674023,75.4667458812526
CHL,1999,0.131436581248041,1.25802753178631,-0.2736313981937,23.692431427518,13.3,12.6009631988572,23.2583586322655,64.1406781688774,76.738,28.3091122404956,17162000000.0,22.4124645000993,11.5919139537542,26.3864973847019,3.33687917526023,38.096,54.6956096251975,6313009.0,21.674594709387,-2.0178367181304,-1.4771311699946,61.446,11.158,50.326,106.86577384816,13.108,5.29404180944574,27.02289529869,55.6713105606804,75.6528224949002
CHL,2000,-1.14568457860136,1.19601925947085,4.9716214882971,22.870013831567,13.1,12.6078068236973,23.1579412674271,64.2342519088755,77.128,30.1237545610247,19210000000.0,22.0430828033045,6.20376708218785,28.5881687725565,3.84327295706565,37.7,58.7119233335812,6343733.0,22.177170548025,-0.69284328354143,-0.054987524585438,60.777,10.491,50.044,105.931025696581,12.487,5.0829621682823,27.8328998538127,55.0739180946253,75.8388710485039
CHL,2001,-1.53703377110132,1.15569441781061,3.15403492459967,23.181262926112,14.3,11.8519540898375,23.7014849052833,64.4465610048792,77.58,31.8473112100134,18272000000.0,22.4880809449817,5.8676609577396,30.2974551227546,3.56910053001467,36.726,62.144766332768,6355065.0,22.686639100652,-0.49462382546001,-0.037378008359302,59.976,10.39,49.298,95.3475866256392,11.936,4.06242104814605,28.4825725985276,55.649663069938,75.7524693657257
CHL,2002,-0.825565731667288,1.10379186272101,3.20279913520113,23.201550551507,15.0,11.7672644382758,23.5085357868588,64.7241997748655,77.84,32.2572216653296,18180000000.0,22.2745053659544,3.62905823074114,30.2266330761295,2.48939816650705,36.448,62.4838547414591,6411103.0,22.030860582971,-1.1706899685358,-0.67791872144606,59.561,10.168,48.969,91.2367114271943,11.812,4.06503230945783,28.5180356876335,55.8233611259536,75.6294971062609
CHL,2003,0.214600395822681,1.04651515030085,4.72324526861041,22.218300390908,12.6,11.8496125473016,23.1160403718429,65.0343638999339,77.884,35.0609735492762,21664000000.0,22.0896291628009,4.556949756395,30.6324426463729,2.8101787574361,37.8,65.6934161956491,6589050.0,21.80279934681,-0.41550104409787,0.11241964151695,60.119,9.765,49.657,85.9714158812579,12.037,4.09477687354893,29.7153379108831,55.1683820147709,75.5108255955774
CHL,2004,3.26056295397732,1.00938163923532,6.67425416822923,20.815822846569,10.3,11.3887226278515,23.0436643885012,65.5676129836472,78.276,39.6857497510041,32520000000.0,21.3985804067819,5.01507138064187,30.2036106315913,1.05473871403517,39.211,69.8893603825954,6752634.0,22.866486610103,2.0506637635334,2.5486273682721,60.585,10.162,49.768,90.8752121369533,13.023,3.75826748721938,32.7525029296795,53.2211618197426,76.0330974425135
CHL,2005,1.91109059952903,0.992481122862039,5.83704571917758,20.24908709098,7.0,10.9538898157057,23.0538641880391,65.9922459962552,78.459,40.1755713149739,41267000000.0,23.3687957260122,4.89870698303569,31.8869620579791,3.05257621387849,40.131,72.062533372953,6916575.0,24.817124335857,4.5680372448769,5.0064774842065,60.914,9.34,50.529,96.1555368665917,12.289,3.92221090062123,34.0353018551851,51.8285157706641,76.5478107202423
CHL,2006,5.49643732024025,0.976434392610197,6.04999082563968,18.730162381081,5.0,10.5564482345306,23.0003999460211,66.4431518194484,78.533,43.8656741327676,58680000000.0,21.0647065041734,3.0910197191962,29.8459599875652,3.39201733699405,41.288,73.7116341203328,7184183.0,26.239243428335,7.5090810472535,7.6811289311727,62.139,9.024,51.743,99.9210237530601,11.766,3.71204530338249,38.6847305323351,48.1034487414223,77.12787163538
CHL,2007,5.05557874807609,0.978803488234499,5.16823098528431,19.306605514424,3.9,10.1455417538985,22.9772399109465,66.877218335155,78.652,45.1298514125536,67972000000.0,21.9798430231851,6.11348994449279,31.8471726465886,4.40779938398044,42.235,76.9770240591423,7369317.0,27.261483066023,7.9548775515994,7.7695822642231,62.711,8.427,52.515,97.3813676316989,10.893,3.55057064236787,37.4665961887588,49.418245748956,77.4541555589827
CHL,2008,-4.18826982519764,0.999137869915681,3.78939280635238,21.791109784734,4.9,9.73416251195751,23.0878260667781,67.1780114212644,78.752,41.1625609327669,64510000000.0,26.8810651175453,10.4571112913238,39.5140657210171,8.71626873039607,44.182,80.676626653784,7648250.0,25.721567451487,3.9304576667536,3.5727906533877,64.121,9.285,53.11,98.0842017352367,12.145,3.42443227784249,31.9839913965015,54.2357231117595,77.6927420983825
CHL,2009,1.43974883336493,1.00886800592722,-1.11803723642878,24.975693126156,5.8,9.5318972357913,22.7766137897396,67.6914744145076,78.89,37.1156346662754,55463000000.0,24.1203154623411,7.42256247898025,29.5703965832241,0.353045178360937,44.615,66.6860312494996,7744258.0,20.716724064601,-4.2589690615548,-4.4585950783056,64.009,11.313,51.744,94.9057650361234,13.429,3.69712533488977,31.8892007323346,55.4725022803505,77.9830580852995
CHL,2010,0.896881680744076,1.00455362363927,5.85165102224047,23.466474942733,8.6,9.19077771292268,22.7020737864662,68.1071485006111,79.095,37.903993986295,71109000000.0,23.0154603246023,6.84144686828522,31.8136862469673,1.41071107954321,46.856,69.7176802332624,8137781.0,23.103754836123,-0.36272010661028,-0.31241832206608,66.299,8.547,55.209,100.0,10.137,3.47828416321217,33.4669018680974,53.5714377536876,78.1106557476848
CHL,2011,-4.91713901662886,0.986604121119825,6.22389678509138,22.886089418335,11.1,8.85227622590013,23.0232586422207,68.1244779335096,79.236,37.6897797617714,81438000000.0,24.7203928977823,10.4897738058645,34.7918624475716,3.34121694259302,48.913,72.481642209343,8444195.0,24.312880142991,1.4267907246556,1.5237224784327,67.64,7.492,57.091,100.858001217494,9.049,3.6261825670011,32.441754237811,54.0451165491945,76.9113386500746
CHL,2012,-5.32849119001729,0.959562935237505,6.15534001855494,23.089446615103,11.9,8.49483056373808,23.6002678624136,67.9049015738483,79.221,33.845591494963,77791000000.0,26.7526621551814,11.9097449981544,34.3105520389641,3.00744840213047,49.179,68.1561435339271,8560000.0,23.771789892768,0.68234327766497,0.79191024670557,67.77,6.79,57.499,103.093182254736,8.309,3.27493332872821,30.5583002524338,55.7580630508983,77.7696737771379
CHL,2013,-4.77606541666959,0.95374468290385,3.30850824710085,23.113202216443,12.8,7.7117287101238,23.8773245183287,68.4109590555563,79.551,32.0874628670083,76770000000.0,26.3486831942806,7.61396398974862,33.0558248393655,1.7895555398459,49.656,65.1432877063737,8693613.0,22.642928278927,-0.47027393751614,-0.38932811681755,67.963,6.361,57.88,101.422494210581,7.351,3.47337489216733,29.4304382741697,57.2209834231982,77.8872739167044
CHL,2014,-3.46029991877659,0.996818460180589,1.79264947139259,23.852611278059,15.0,7.51091993941879,23.4417323659556,69.0473355832274,79.714,33.0039028305543,75065000000.0,25.4735399676846,9.83500371419039,32.6307246042164,4.71867527854672,50.288,65.6346274347707,8855370.0,22.356241478764,-1.496369799295,-1.3523951272118,68.349,6.761,57.918,91.8363964684742,7.303,3.94662053881596,28.9028693089623,57.1528757738321,77.1265989051716
CHL,2015,-2.73506821605392,1.0215666887643,2.15194249981184,25.027948870366,17.4,7.45055621763203,23.5687097514799,68.9807459327921,80.008,29.1910790733686,62035000000.0,25.4703710962194,7.32780348711267,30.1580314947545,4.34877353217044,50.352,59.3491105681231,8996276.0,22.93943628365,-2.0885125867156,-1.8713092541589,68.526,6.605,58.149,90.7857281773823,7.314,3.70940380878663,27.8806409445573,58.3447083214397,77.2884228055105
CHL,2016,-2.62065852365988,1.2094154366484,1.753038749071,25.366653146971,21.1,7.51260626996306,22.7252683589672,69.7621136246386,80.295,27.9231577302995,60718000000.0,24.1291975843452,4.55707488153847,28.1347025767999,3.78619355893118,50.756,56.0578603070995,9146668.0,22.706036756175,-2.6606163907967,-2.3773553935468,68.595,6.926,58.008,92.4620711099673,7.464,4.19908992069599,26.7795648236165,58.982636254565,76.8359303286213
CHL,2017,-2.75779980852367,1.58394825779579,1.35769537343957,25.492620579945,23.7,7.41522665150279,22.3756674717708,70.2091058767264,80.61,28.3313768888156,68823000000.0,22.257664449869,1.89647029836548,27.6947817505058,2.18271846868519,51.739,56.0261586393213,9423968.0,22.865089482107,-2.6275310978379,-2.2674931033529,69.43,7.257,58.383,95.6705249412777,7.803,4.28097139019722,27.3811558508707,58.2768069527338,76.1523591659489
CHL,2018,-4.48367554777816,1.78538584857741,3.99002947789977,25.615662432269,25.8,7.25607207765418,22.0445356953305,70.6993922270154,80.559,28.5290452274717,74839000000.0,23.0497925735582,2.68461345207245,29.6480060761165,2.43488981353057,52.416,58.1770513035882,9671888.0,24.133439910433,-1.4822225218355,-1.1119194500231,69.901,7.623,58.389,96.8288645568805,8.539,3.92743590539619,27.8615223911065,58.0012668745901,77.0384251129357
CHL,2019,-5.21201190646601,1.59911795256016,0.644223402631923,26.497145741445,28.3,7.03079649547351,21.8634274841904,71.1057760203361,80.324,27.8723266080413,68794000000.0,24.5476232011073,4.87915172452024,29.7345891776124,2.55754475703327,52.651,57.6069157856537,9843775.0,23.766623207823,-2.7305225336219,-2.3800622049255,69.792,7.493,58.346,91.8796283937254,8.226,3.98747725626258,27.1245649947609,58.8782292713635,77.2964729303081
CHL,2020,-1.96248572878056,0.896491953505063,-6.1396969411886,29.088339099124,32.4,7.18474393125985,21.9328804373859,70.8823756313542,79.349,31.3228006627665,74023000000.0,22.5605419373273,4.50500989019161,26.8459687305709,3.04549084804326,45.442,58.1687693933374,8906788.0,21.99304272478,-7.0952963743443,-6.574900113211,63.254,10.934,50.196,84.3787158567949,11.15,4.04444700251173,29.8465647278291,56.3309659115809,76.5118612369221
CHL,2021,-7.29452522459608,0.441498091207504,11.3374032409913,33.615343641192,36.4,6.54762033540089,23.0031680463618,70.4492116182373,78.876,31.974345622206,94601000000.0,23.3121724606731,4.81031437211446,32.8656468569676,4.52456838259144,46.579,64.8399924791736,9171143.0,26.090307464747,-7.5250361764451,-6.9028631790809,64.904,9.281,52.211,87.3614899868307,9.561,3.50384190334655,30.899925407319,54.9664074895344,76.0396048938666
CHL,2022,-8.87430060140152,0.495789591494285,2.06391864254198,26.72489114893,37.9,6.32757090075421,22.840242981716,70.8321861175298,79.176,35.6216861605322,98477000000.0,25.6540546238166,6.2344860828365,39.6117335928437,11.643866711056,50.025,75.2334197533759,9670728.0,28.085085664301,1.3601945153704,1.8395793497973,67.899,8.249,55.177,84.3036323408543,8.814,3.23604704755112,31.0038816004149,55.3955051758622,76.5623942743504
CHL,2023,-3.10428872521174,0.53962870957127,0.677024831595858,27.396631422666,39.4,6.20836594247335,22.1060875466725,71.6855465108541,81.167,30.7750617433637,92972000000.0,24.397531470861,5.72340675956374,29.901582730252,7.58168251407962,51.963,60.6766444736157,9991796.0,25.122697922888,-2.2739334997773,-1.9134558997878,69.496,9.013,55.976,91.7396983419575,9.359,3.39083152306151,28.9994589242547,57.4651419170878,76.5019793706966
CHL,2024,-1.16817210444884,0.537425495656651,2.80512637106611,26.727416652623,41.7,6.22546007701043,21.6736985603245,72.1008199315877,81.359,33.7320704435058,99164000000.0,23.6573014977168,3.97989457086765,30.2256760867506,4.29763891572524,52.784,63.9577465302563,10223511.0,23.91230605669,-2.8151105959329,-2.0511861622847,70.631,8.718,56.864,84.0025909903598,9.506,3.8252849419574,30.4616591689674,55.7720090332256,77.1370078231497
CRI,1980,-13.7412249340551,2.71974904412354,0.751895403326387,21.5913340673807,,,,,73.034,26.4778828613999,1002000000.0,23.8965833254696,1.08870075543199,36.8190209161774,18.135170796071,,63.2969037775773,,,,,,,,141.022441259527,,17.804639136257,26.9676728556801,55.2276860759525,
CRI,1981,-15.5919677851284,2.72351570441093,-2.26165550729671,18.0902127387128,,,,,73.441,43.2683564589034,1008000000.0,24.0575312195611,2.65263807759845,48.1761803892269,37.0563415239514,,91.4445368481303,,,,,,,,76.851415636988,,23.0190514369806,26.6211577856988,50.3597899017053,
CRI,1982,-10.2316270231212,2.73708866159473,-7.28556884666179,16.6247715415639,,,,,73.865,45.083898499245,870000000.0,20.3153477533046,1.10871398938209,42.1648716786651,90.1213328504166,,87.2487701779101,,,,,,,,78.7867831614016,,24.4947189136394,25.7392692076362,49.7660125966355,
CRI,1983,-8.8948275850256,2.74812463249292,2.86299270239465,20.9722071856102,,,,,74.245,36.0372426806069,873000000.0,17.9945713534497,1.92896046592016,36.7828696042192,32.6237081487831,,72.8201122848261,,,,,,,,95.4239937037229,,21.997463538364,28.6138391821458,49.3886972794902,
CRI,1984,-4.12798263463979,2.7531843012899,8.02410790730326,20.0232009025163,,,,,74.581,34.3819953144238,1006000000.0,20.0468803006425,1.52712302042379,33.9715319650404,11.9474270118864,,68.3535272794641,,,,,,,,98.1665404026596,,21.2079069559152,29.4518955480891,49.3401974959957,
CRI,1985,-3.21519372998558,2.74716050486768,0.72160172926823,19.5079016854302,,,,,74.765,30.7232020242543,976000000.0,19.3208562256025,1.78352544818659,32.476134272569,15.0574196445756,,63.1993362968233,,,,,,,,100.863060587555,,18.8666318377444,28.8675008766177,52.2658672856379,
CRI,1986,-1.81037094354636,2.71002407920195,5.53625084315684,24.2558884707678,,,,,74.949,31.3409925326254,1121000000.0,18.6646243216685,1.3804078444541,30.4952199961635,11.8350618936099,,61.8362125287889,,,,,,,,93.2276388559582,,20.8977395912796,27.6229188743743,51.4793415343462,
CRI,1987,-5.65701991400658,2.64408130653172,4.76453327969504,25.5611467757388,,,,,75.224,31.6323145191391,1158000000.0,19.7913847724028,1.77147252308516,35.7664864652094,16.8424201630394,,67.3988009843484,,,,,,,,89.3678637149157,,18.0706377528965,27.5735642986026,54.3557979485009,
CRI,1988,-3.86813252481538,2.57330518707329,3.43214737968852,23.2142019792831,,,,,75.546,34.0243172983118,1246000000.0,18.931311809707,2.64809968925736,35.8111732393061,20.8325332309203,,69.8354905376179,,,,,,,,84.287041918767,,17.9486468341879,27.2292953564734,54.8220578093388,
CRI,1989,-7.90131335042768,2.5192577063029,5.66597554871322,24.3595664537191,,,,,75.85,34.8511554182602,1415000000.0,20.4793868761691,1.92914688454646,38.7318045778141,16.509808768739,,73.5829599960743,,,,,,,,88.7465588069659,,17.2203938525142,26.9020947348822,55.8775114126036,
CRI,1990,-7.42337494326744,2.52640419852885,3.55306336572279,18.873176468127,,,,,76.094,34.1902683361643,1448000000.0,22.3909668567092,2.84504346292679,41.0948958578585,19.0397526635649,32.866,75.2851641940228,1146377.0,14.469548875937,-4.4036275921904,-1.0818372090771,60.102,,,87.5801512342196,,15.78742116015,25.6960006915969,58.5165590222319,
CRI,1991,-1.04216822821118,2.5450931455096,2.26565496296189,14.004754153642,,21.3071799192385,26.574580764662,52.1182393160995,76.237,33.4061071681073,1598000000.0,17.0050943197705,2.47237781799035,38.0335582909336,28.7092913706618,33.325,71.439665459041,1162715.0,11.594250931371,-2.410503222271,0.83249332238113,59.268,5.37,53.466,81.0048919031658,7.073,11.9445528075283,26.9864788220196,53.181007311699,67.7959615444448
CRI,1992,-4.3171396155924,2.53101725222341,9.20110358278828,13.745424044543,,20.0572962315692,26.3321946978501,53.6105972457601,76.385,35.2817505483681,1841000000.0,19.3713110977788,2.6341078648053,40.8144799208346,21.791168790061,32.6,76.0962304692027,1180500.0,12.231774504068,-1.5136495404751,1.3506170882491,58.711,3.93,53.473,85.6884057073336,5.302,11.9001449669286,27.4864554149215,51.7715021183367,71.6424681023507
CRI,1993,-6.48418114808703,2.50102787685133,7.09719089594824,13.816910356952,,18.7677366834391,25.8836246267457,55.3486386898152,76.315,36.0372233840502,2626000000.0,20.3928927834186,2.57924458115619,43.3151151589636,9.77860078293777,33.52,79.3523385430138,1236713.0,12.294368430587,-1.5225419263653,0.92143905912776,59.67,3.95,54.307,88.3489388190475,4.973,11.828232038992,26.9365942353431,53.1848212773166,69.0445379057479
CRI,1994,-2.22690316039824,2.45483655616742,4.51902842051615,17.421843822865,,17.6079551252667,26.1642664040443,56.2278594603175,76.329,35.8846600988984,2878000000.0,19.9861370544683,2.83701361530187,42.1126463588337,13.5344687273427,34.664,77.9973064577321,1286844.0,11.960235918993,-5.4616079038728,-2.2139975194349,60.23,4.05,54.711,87.6203593800029,5.562,12.3199658167958,26.2053322374438,53.2533329140168,69.4349132033521
CRI,1995,-3.09313885352732,2.40636903822296,4.15395329584814,16.402296614383,,17.7560744177626,24.0511672839015,58.1928363305507,76.44,38.1292151516333,3476000000.0,19.7915160657945,2.90967962359442,41.6451584380874,23.1864981102567,35.575,79.7743735897208,1351531.0,12.718386389795,-3.6839102245883,0.85626797804797,61.27,5.18,55.024,89.3400918513322,6.506,12.7581293940096,26.2268873587774,52.5988083156827,68.9877009443781
CRI,1996,-2.25775313168151,2.34382507825926,1.35045951266757,17.287236570415,33.7,17.4648177414436,23.7519556701562,58.7831473713813,76.428,40.0119906390072,3758000000.0,17.9523190916565,3.65588690245921,44.0451673511629,17.5114524814591,34.067,84.05715799017,1345220.0,12.965192765414,-4.322043805001,0.59666270578997,59.249,6.16,52.522,89.4837151243572,8.218,12.1024941980247,25.680798355758,53.2787467799326,71.8595386577754
CRI,1997,-3.81205834112802,2.25938084660032,5.47616597492105,16.25586781896,30.6,17.1297719580307,23.6902995009054,59.1798549933733,76.603,41.6090689095827,4335000000.0,19.269640184496,3.245762248878,46.0041275916946,13.2480440791191,37.121,87.6131965012773,1441542.0,12.865707742583,-3.3901600763766,0.87238018830966,61.382,5.68,54.828,90.6084537156342,7.321,12.5030924560432,25.7488446850057,52.9872315944974,67.0756768711871
CRI,1998,-3.80546812405948,2.16793763840442,7.08853729218445,16.026619444085,40.7,16.7117133948626,23.0916725137458,60.1965448951885,76.869,43.962841620481,5526000000.0,22.1180457035691,4.49056200141056,48.0751785973153,11.6592997742233,39.443,92.0380202177963,1526529.0,13.061793478812,-2.9648259652724,0.7612857210603,63.172,5.33,56.509,92.5121410912767,7.538,12.6189694548626,25.7276626276498,53.1950525959454,68.8526867462272
CRI,1999,-4.67523747786552,2.07368143393479,4.147800457203,16.712085233033,39.0,16.29341840016,23.1908436964617,60.5157379033784,77.058,42.5578652733022,6662000000.0,21.0870081212963,4.34566834693709,44.9807483685876,10.0452817292494,39.936,87.5386136418898,1573058.0,13.830587706272,-2.8814975267615,1.5807967831292,63.059,5.9,56.168,90.1888383916773,7.9,11.1096934133681,25.4963214918083,54.4493567834946,67.7330851408223
CRI,2000,-4.55955829867216,1.93953648052985,3.80207210664838,16.870069817744,38.9,16.9473800197017,22.2027140352718,60.8499719253657,77.317,42.9303224591994,5850000000.0,19.6895819485869,4.81846452551762,43.5946009234176,10.9615496593622,38.642,86.5249233826171,1596716.0,13.186321973656,-3.6837478440879,0.5291662468528,62.553,5.08,55.879,92.071625577905,6.615,9.24882276517189,25.2154693362435,56.1129038898538,68.8748340219462
CRI,2001,-3.21894998675566,1.79219125961783,3.49117013515725,17.280035062503,39.6,16.5681219836737,22.1119814993372,61.319896516989,77.609,40.5085719500705,5021000000.0,19.8348161320968,3.89233614145036,40.34418555697,11.2556157091172,41.564,80.8527575070405,1679060.0,13.809511438196,-3.4705236243071,1.0878646888911,63.985,6.051,56.586,95.7775173239862,7.636,8.37953595911904,24.9553770975705,56.9519903990886,68.9714909389238
CRI,2002,-5.18779563788237,1.65151245454059,3.41687615891895,18.55066462421,41.4,16.8431368385023,21.2982799779641,61.8585831835336,77.939,39.2245350275681,5264000000.0,19.7839963993644,4.3620269108637,41.1894086478451,9.16752048509119,41.143,80.4139436754132,1710423.0,13.558238836738,-4.9924257874718,0.0017618291023927,63.678,6.396,55.938,93.5470357441157,7.882,8.42775058192746,24.3152196906178,57.7073812408584,68.3703998121082
CRI,2003,-5.20903351864042,1.53582870223889,4.31718000096654,17.567165662734,40.6,16.1131985106867,21.0213563059389,62.8653844049979,78.214,40.6717129761414,6102000000.0,19.7901753815231,4.48353973161802,42.6559945741523,9.44758091616984,41.454,83.3277075502937,1762605.0,14.134989470718,-3.4321761920155,1.4157119555532,64.109,6.654,56.045,87.499683057699,8.208,8.84007836690117,23.9363769976589,58.015984175579,68.4132679469072
CRI,2004,-3.62718274993895,1.47010716590985,4.42459978667458,17.006226195535,41.0,15.76909311585,20.8109395114832,63.4199673726668,78.512,42.2076544521738,6301000000.0,19.8781559251673,5.82312653403309,43.0488230518016,12.3148150178852,39.832,85.2564775039755,1771024.0,13.590993516699,-3.4152326788368,1.3606309822148,62.911,6.445,55.073,84.7530663143351,8.463,8.85240860590112,24.4395045688675,57.5283733239455,67.745031112509
CRI,2005,-4.2915144063544,1.44571011925289,3.97666631433462,15.888617629892,37.3,16.1346387185679,20.3738664798262,63.4914380226854,78.877,43.464522824224,7026000000.0,19.9518029727445,7.62843541650427,45.7581418157306,13.7982949108987,43.679,89.2226646399546,1888687.0,13.797446999802,-2.0911706300899,2.0214157006706,65.594,6.749,57.171,84.6437375786957,9.813,8.6222364609325,24.0465120776268,58.0146645164924,70.5090840945146
CRI,2006,-4.13248458732498,1.40053416057494,7.3266951372695,15.150321737337,33.0,14.877073636804,20.4944750290444,64.6284513341516,79.049,43.3140350907406,8200000000.0,20.2930669265981,7.92850432469026,46.5005192313654,11.4705968149052,43.309,89.814554322106,1911390.0,14.10753058717,-1.0427911501668,2.7179510234485,64.974,5.926,57.053,85.2348874005081,8.685,8.42982799061767,23.493418763971,58.4042306592774,71.5172509265727
CRI,2007,-5.57495108448861,1.35398044462869,8.21513209207497,14.595431740133,27.0,14.0879955694065,20.9631987529955,64.9488056775981,79.098,40.5821371736585,9337000000.0,22.3649994161949,8.33742598522417,45.8744584376952,9.35724456417157,44.3,86.4565956113537,1978866.0,15.15366616627,0.55823442613689,3.5798725955522,65.963,4.557,58.629,86.478196399111,6.86,7.91531076967818,23.6596384480615,58.2100526091307,73.5067283890517
CRI,2008,-8.37792572781598,1.35616451871952,4.73817511214847,15.179905639672,24.0,13.1788536589847,20.3740476246716,66.4471512068889,79.18,38.8064601026245,9504000000.0,23.7449713583673,7.90900698205041,47.5950523878602,13.4244635507284,44.444,86.4015124904847,2003972.0,15.362048799372,0.18214315969961,2.280739591085,65.391,4.934,57.904,89.0655191639958,6.271,6.97696073274764,23.3429897327189,59.6360212715984,72.7068003725604
CRI,2009,-1.82328162343744,1.33639622760454,-0.87345608994562,16.658996123667,26.0,12.943871890326,20.1093897985119,66.9466848929579,79.372,34.6323048229081,8784000000.0,21.0035627921125,5.2515106858073,35.1270124668251,7.84270167700654,44.827,69.7593172897331,2030924.0,13.407727164739,-3.2512689589283,-1.2080545740056,65.336,7.824,55.753,90.2006035340517,9.889,7.04962945476736,23.2957023275143,61.2867994973173,72.7945790117424
CRI,2010,-3.22336387326463,1.24057536472066,5.36034347722267,18.042294784105,28.1,14.6028596675712,18.6908697123807,66.7062706200481,79.354,32.8294112720049,9448000000.0,19.456409138575,5.06371170026852,34.6826781316843,5.66275708420021,44.113,67.5120894036891,2027352.0,13.085989926729,-4.9563048573758,-2.9282330855205,64.059,7.171,54.968,100.0,9.092,6.48518943828866,23.0918844170299,62.1388340232481,76.1463631312763
CRI,2011,-5.29681752584546,1.17549258554055,4.40315921836142,17.179840139134,29.5,14.2323506995738,18.5605811119788,67.2070159151332,79.624,32.4724707460503,10408000000.0,19.432515640859,6.39172538358965,36.1666751589609,4.87799830970702,46.479,68.6391459050112,2114264.0,13.27014957553,-3.9096905636041,-1.8312803715173,65.226,9.518,54.85,101.861621513809,11.873,5.59987200236542,22.3631868044306,63.4087696323105,76.2614530907214
CRI,2012,-5.10481785109759,1.16676672488044,4.88259252932575,17.343178912154,33.7,13.6210308666479,17.5234419260727,68.8554790323389,79.925,31.6513172644756,11433000000.0,20.028855798916,5.70866124116913,35.3972218749191,4.49545314354605,51.437,67.0485391393947,2283817.0,13.127902944166,-4.2152759679874,-2.2288881336102,68.84,9.11,58.472,106.245588518529,10.812,5.13084175441445,21.9911615222761,64.4998086673203,75.4140814804911
CRI,2013,-4.77170631705961,1.11328546681261,2.49476596233289,18.519442150267,35.1,13.1349606903709,15.9096660458636,70.9553732637655,80.189,30.5916494074101,11480000000.0,19.8156100863487,6.29127736182893,33.4747614088744,5.23133614174428,51.249,64.0664108162845,2299128.0,13.273182056359,-5.2462600939078,-2.7663806929864,68.417,8.218,58.43,110.591167571616,9.719,4.78335102557187,21.1277790991309,65.7876313379595,73.5058813582608
CRI,2014,-4.71600481576243,1.07499865275958,3.54210997703849,18.400082367709,37.4,14.7115098864733,17.0320227248176,68.2564210266688,80.231,31.362915449766,11250000000.0,19.8399496601011,6.23293662665086,33.8283267683351,4.51920098516954,51.34,65.1912422181011,2357268.0,12.946496020786,-5.4535863469235,-2.9674247137349,69.233,8.499,58.734,106.417367610952,10.48,4.88788395875916,20.4156545063242,66.5991722478187,73.0159560737035
CRI,2015,-3.40396455896803,1.06246520512643,3.65208093006359,18.759065870457,39.8,15.7903242934085,18.4632251982704,65.7464505083211,80.407,29.9956579824958,9422000000.0,18.9889261567649,5.23639457041545,30.7579041649883,0.801982005099623,50.06,60.7535621474841,2344336.0,13.236865986922,-5.5221998835351,-2.8709028253622,67.898,8.415,57.523,114.686773252811,10.338,4.74911027286369,19.7938994857897,67.4719386177324,73.3732552703635
CRI,2016,-2.13651622982155,1.01105286688192,4.20432320775184,18.755841240831,44.1,15.7151904851901,17.9716973646435,66.3131121501664,79.988,31.2600961080703,10361000000.0,18.8245431359704,4.45296211937019,30.9183821849967,-0.0174788505908217,46.018,62.178478293067,2262369.0,13.661789188587,-5.0940520522435,-2.3657251597508,65.027,8.085,54.861,113.910418107364,10.141,4.91435592970492,19.4720092390485,67.633209948493,75.3396708499286
CRI,2017,-3.616766363232,0.944345948457895,4.15769914676933,19.156753825561,47.1,15.3615402805872,17.8760091462639,66.7624976799882,79.994,32.7626831133763,10769000000.0,18.1777608217065,4.83327522044665,32.3092705863581,1.62590692991732,45.905,65.0719536997344,2300637.0,13.277753242279,-5.8790005832822,-2.9020909653874,65.374,7.729,55.223,108.496876065893,9.712,4.69977628322676,19.2627713756962,68.3947699498139,75.5328954664761
CRI,2018,-2.98447393198414,0.904494518403601,2.85285959760458,18.850605799936,51.7,15.7834333419824,18.9169671159949,65.2996449042766,80.09,33.6589195458941,11495000000.0,18.2905295719484,4.81804579792257,33.1284942428784,2.22111461526581,48.659,66.7874137887726,2422784.0,13.203670943989,-5.6469348559472,-2.2432239839695,67.866,9.01,56.605,106.062459894343,11.41,4.47325083104707,19.5046515998984,68.7518715435966,75.3297679373994
CRI,2019,-1.15966110290765,0.838278384859255,2.70813912948329,21.573969048878,56.1,15.3081432648276,18.0922505143464,66.5996504656771,80.296,34.1472985859666,11864000000.0,16.469032995155,4.19904890207774,31.2721746627109,2.09604635327807,52.726,65.4194732486775,2534006.0,14.924409769828,-6.6495592790505,-2.6146177275123,70.151,10.807,57.318,106.659103399389,14.059,4.18025788974533,19.1715490711848,69.3270627679964,74.9170134283865
CRI,2020,-0.995397543119445,0.6929953994471,-4.14159340574358,22.146140595302,66.5,16.5444966099046,18.0762717062062,65.3791822223277,79.725,31.6977144131717,12319000000.0,16.251169086417,3.34838047556023,28.0486406587767,0.724911478131376,48.644,59.7463550719484,2419333.0,13.821369167821,-8.3247714274812,-3.7246893452922,66.859,16.432,50.666,107.775792010683,21.175,4.31579869146708,20.3068067235032,68.3680468126242,74.9188501222701
CRI,2021,-3.32104567194296,0.508564932290693,8.21817953969082,20.57410430221,67.0,15.204605328826,17.5814927770911,67.2139018940829,78.05,35.8298587276824,15494000000.0,17.0714011536962,5.47775634815964,34.2738345782266,1.72647755109241,50.251,70.103693305909,2491035.0,15.537181736499,-5.0369225657112,-0.27458224174738,68.38,15.139,52.416,97.9486202954562,20.04,4.34558711185467,20.5325430940213,67.2499187125373,75.5247880139798
CRI,2022,-2.60681841454892,0.429453043658398,5.46119455235068,18.713122816094,61.4,13.4060390069661,18.9693556570726,67.6246053359613,79.316,40.5888104743828,16597000000.0,17.3200978586908,7.34017474268191,38.4635798410056,8.27477490232654,50.283,79.0523903153884,2504874.0,15.977331501279,-2.7357913148148,2.0183732739786,68.588,11.325,54.527,99.7279304950719,15.134,4.02952141180054,20.6627165340869,67.5295866940059,75.8374347821671
CRI,2023,-1.4230013588633,0.46646444898736,4.79187732359398,18.298953900087,60.4,13.4111451573441,20.2061259917745,66.3827288508814,80.799,38.0957487081207,19025000000.0,16.6428398040927,6.05567371313475,33.3422823259329,0.525193508693455,44.088,71.4380310340536,2340628.0,15.085134819363,-3.2138190807236,1.5326439288892,63.927,8.325,52.1,114.875148826622,10.21,3.73326442310783,20.4903900780684,68.1448810802825,76.6553323178142
CRI,2024,-0.867937963911082,0.476482848761595,4.08292444182048,18.603338741493,58.9,11.7739359228441,18.6068173200066,69.6192467571493,80.996,37.5298397915012,21688000000.0,16.2962103335576,5.58692738273204,32.3235388479498,-0.412853001047069,45.982,69.8533786394509,2402966.0,14.873914488883,-3.7294242526096,1.0451621226246,65.035,6.936,53.686,118.987266379421,7.779,3.42503373726182,19.6686552818866,69.0166654410676,76.5234553311913
DNK,1980,-3.37365496068019,0.121603620045595,-0.751430002361559,36.1401401224621,,,,,74.1017073170732,32.6480090647881,16749000000.0,20.477367977065,0.147038281949019,33.1002629645599,12.3053240760183,,65.748272029348,,,,,,,,91.7925876370376,,4.09267654952705,22.9443606443501,59.3973062959214,
DNK,1981,-3.05087858330796,-0.0284052115613932,-0.740986389012875,38.3078037018262,,,,,74.2304878048781,36.3209776274482,16095000000.0,17.2912332337804,0.161819630047819,34.9046740799137,11.7673874344181,,71.2256517073619,,,,,,,,87.4756147209505,,4.35894875975102,21.9527545523725,60.0501966466724,
DNK,1982,-3.75955385046958,-0.0734810004992979,3.89211245643591,39.3659618520811,,,,,74.5512195121951,36.0698679069082,15397000000.0,17.9485156561173,0.222770818542788,35.1562745433042,10.1208256779823,,71.2261424502124,,,,,,,,85.7967762554585,,4.67793580143557,21.9999465410382,60.1455915395916,
DNK,1983,-2.29033959756587,-0.0686662119157628,2.65480394401855,39.8656263587527,,,,,74.4204878048781,36.1080553606549,16053000000.0,18.1941018433336,0.0996679021941877,33.8869784643548,6.90822881158844,,69.9950338250098,,,,,,,,86.5386619501073,,4.05222646088553,22.1113939885978,60.2450326088317,
DNK,1984,-2.91850423378435,-0.0523767271552282,4.33934505132922,39.3198705238846,,,,,74.5621951219512,36.4384171304115,15980000000.0,19.0741414255665,-0.0260865149259739,34.7548587495413,6.29077936023769,,71.1932758799528,,,,,,,,85.0133553315862,,4.67206470866529,22.5106798375204,59.1362822257573,
DNK,1985,-4.43064275946124,0.0405268892260381,4.15308383294486,37.6019895733271,,,,,74.4275609756098,36.5513885732837,17089000000.0,20.7338253592482,0.177900897607028,35.7738447868798,4.67875145183254,,72.3252333601635,,,,,,,,86.1114028582609,,4.23329294080071,22.7282122862489,58.9722713588191,
DNK,1986,-5.11696670702114,0.133727781435023,4.73340611933794,35.2681584947705,,,,,74.579756097561,32.4206257306695,21286000000.0,22.6545514348354,0.186061275024497,32.6204056684595,3.67818411863452,,65.041031399129,,,,,,,,91.6074363701749,,3.89189336921901,22.6102092909388,58.2981137329074,
DNK,1987,-2.74904752604441,0.126664340279044,0.462955829960563,35.0636495646271,,,,,74.6912195121951,31.7708588572847,25675000000.0,22.3855354315372,0.0775399751158817,29.7117890440417,4.01999345683161,,61.4826479013264,,,,,,,,95.7896032247732,,3.45881482250819,22.7512584067896,59.3017284513259,
DNK,1988,-1.15966444750153,0.0485933862498549,0.272951118976223,36.5167201897521,,,,,74.7717073170732,33.6193950323058,28514000000.0,20.8453680896825,0.435638987784019,30.1428681898003,4.53513301015727,,63.7622632221062,,,,,,,,95.8197520018833,,3.16230679885588,22.5705019260682,59.9044540270813,
DNK,1989,-0.995137848272322,0.0599876651546732,0.697173210370437,36.8690513737925,,,,,74.799756097561,35.4505531593966,29570000000.0,20.7692812877177,0.970121903558007,31.6522343147675,4.77272342435519,,67.1027874741641,,,,,,,,94.2294012124401,,3.50423498246977,22.712723180723,60.1122549730998,
DNK,1990,0.992308259412132,0.162456320242469,1.66026774169177,55.057723220809,,,,,74.8053658536585,36.4309412098196,36870000000.0,20.4180565114236,0.819103498829799,30.8736382321325,2.64160306382001,61.106,67.3045794419521,2869645.0,53.278269764723,-1.7794534560865,2.3574455648107,82.392,,,98.4081675267823,,3.2807399838791,22.6366911814314,60.9042399227538,
DNK,1991,1.42496597503467,0.259518212115074,1.45818005306188,55.487049419894,62.1550956180596,5.38434503802665,26.8381266116915,67.7775665929985,75.1578048780488,37.6944386994211,37824000000.0,19.5783194383695,1.1154689515624,31.47403757752,2.39515331724416,61.443,69.1684762769411,2876612.0,52.333845163653,-3.1532042562416,1.1858213641046,82.245,9.099,61.094,94.5588857124107,10.016,3.01659707418614,22.368680510246,61.5714644742563,91.6425113981166
DNK,1992,2.74488364106854,0.330671401713551,2.0228112415746,56.42722690459,66.7,5.25915931943525,26.6118668954254,68.1289356077873,75.1941463414634,36.9421011016129,41577000000.0,18.6888849635419,0.66510339678141,30.0375995107817,2.09604442933214,61.591,66.9797006123946,2879282.0,53.829433285463,-2.5977936191274,0.59242604421859,82.035,9.027,61.02,95.4736500087554,9.862,2.770482903403,22.4545761902347,61.8262728105705,91.5357071567103
DNK,1993,3.37618768805071,0.333166395661953,-0.078900412805325,59.467582838588,78.7,5.13950545209483,26.1240953989256,68.7363991489795,75.1168292682927,36.5877579558777,37754000000.0,18.0637772571533,1.19680703488165,29.0558254166983,1.2578566795326,60.996,65.643583372576,2858653.0,55.741395531291,-3.7261873072973,-0.15928114415159,81.173,10.719,59.316,95.5269914715565,11.084,2.6666867919779,21.6366241129454,63.1106595996721,91.7002468795996
DNK,1994,2.04424373399313,0.337707376243322,5.29469615156448,59.489826354739,75.3,5.04538871319401,26.5139216035886,68.4406896832174,75.3751219512195,36.8859843352178,42343000000.0,18.3043146723041,3.20872011819629,30.9572336017584,1.99201463809517,57.918,67.8432179369762,2780928.0,55.636517904648,-3.8533084500911,-0.50223304258098,78.708,8.036,59.322,95.4546378825045,9.007,2.58125029411355,21.6151987400128,62.5843639387666,92.5110781592151
DNK,1995,1.00340778021557,0.520962181078711,3.03802150461165,58.74520565935,71.5,4.39445799664583,27.0772983686538,68.5282436347004,75.2126829268293,36.6433305842217,50906000000.0,19.4560070015007,2.23936020307567,31.9299840662634,2.08360842382855,57.908,68.5733146504851,2820861.0,55.24075025396,-3.5044554053897,0.13953317703043,79.439,6.992,60.688,99.555499180517,8.652,2.83084838376944,22.1114932241908,61.6505938957052,93.0566110154891
DNK,1996,1.64799093505224,0.565926341934592,2.89575069230459,58.203904347802,68.3,3.87716993557363,26.3944372093798,69.7283928550465,75.5914634146342,37.0972755027358,51415000000.0,19.5896914546946,0.412544985702368,31.4292069189282,2.12629802275577,58.316,68.5264824216641,2834685.0,55.806712431713,-2.3971919160886,0.75987883883228,79.408,6.844,60.919,98.568863959746,8.403,2.76583528047113,22.3058227848288,60.9963336236621,93.4161738805143
DNK,1997,0.531779842222929,0.415564969331455,3.16848143784479,56.177518609511,64.4,3.73692426835774,26.2380633032791,70.0250124283631,75.9451219512195,37.8274440412224,49273000000.0,20.7948183691866,1.61143462898396,33.4627319339757,2.1821667790712,58.604,71.2901759751981,2851413.0,54.95803519223,-1.2194834172804,1.9694574159677,79.638,5.4,62.147,95.4127663075703,6.45,2.613583999477,22.4829274883877,60.8331305084565,93.1895718123967
DNK,1998,-1.13530538852639,0.363162523600756,2.32630274538961,55.601501158437,60.3,3.70658605966477,26.4517888853633,69.841625054972,76.1390243902439,37.2107081900933,49013000000.0,21.5345615753645,3.77361587089095,34.1347093080278,1.84565122007883,59.36,71.345417498121,2837498.0,55.318599616273,-0.28290154216355,2.7085312575408,79.095,5.039,62.024,97.0327954320743,6.409,2.12314558817745,22.3446005420298,60.7433929443596,92.87043391744
DNK,1999,1.71298625187983,0.330886246186545,2.96730536257029,54.6665538526,56.8,3.32164990590762,26.9249495416092,69.7534005524831,76.3414634146341,39.3655724189585,50296000000.0,20.8924153475453,9.4710973726909,33.3632842247274,2.49779544404529,60.155,72.7288566436859,2873210.0,55.730309916356,1.0637560637561,3.8472819868169,80.349,5.141,62.693,96.6302470263697,5.898,1.92043851886527,22.6546987389927,60.7588462345925,93.3841043248281
DNK,2000,1.37879989622757,0.334233618829261,3.72400899471576,52.869229846838,53.6,3.66821348678374,25.3380475679195,70.993775527562,76.5926829268293,44.8786835833686,51292000000.0,21.4595866119596,21.9534625057579,38.1634023715179,2.90328203236461,60.03,83.0420859548864,2861618.0,54.660957191759,1.7917273449207,4.2035229712598,79.799,4.476,62.814,92.6528627888282,4.974,2.14953012591578,23.6797577866217,60.3119561799311,93.5493654809305
DNK,2001,2.94033572239732,0.358315678955486,0.95003224600012,52.997098982203,50.1,3.54826800012734,25.3913095023343,71.0603859068936,76.7926829268293,45.5295862400865,51705000000.0,21.2637917919829,5.63216582111414,38.3930783589425,2.33787000255263,59.874,83.922664599029,2851668.0,54.122236254051,1.1251372718482,2.8937306389308,78.95,4.164,62.697,93.6163353138866,4.782,2.30981410923114,22.8976347853224,60.9176042355906,93.8439369763085
DNK,2002,1.93547973055908,0.319487125340996,0.456530018779986,53.097812225465,50.3,3.21288926190921,23.4863582723197,73.3007524657711,76.8951219512195,45.6653553506862,57495000000.0,20.5871139257349,2.47818532882922,38.8192372031409,2.42443661219695,60.309,84.4845925538271,2881404.0,53.349462975033,0.25165074956783,2.0199365205316,79.61,4.274,63.164,95.462863604537,4.318,1.7548454579579,22.6551034070512,61.5220373075856,93.8360221854627
DNK,2003,3.18790770063056,0.272010444031566,0.441091006625101,53.501337486526,48.2,3.29494568791028,23.1464644794892,73.5585898326005,77.1439024390244,43.7731471646248,66512000000.0,20.6976456717052,0.542449723524164,36.9881530117296,2.07507820646506,59.949,80.7613001763544,2877534.0,53.640680717746,0.13934323122011,1.6500879495557,79.431,5.398,62.218,100.390851201244,5.749,1.58700357166721,22.1695327851468,62.2930509504577,93.7790015605082
DNK,2004,2.35760495195269,0.258432282052875,2.77635180744053,52.78974136138,46.2,3.2717198990934,23.6924719281699,73.0358445328561,77.4926829268293,43.821544808921,77079000000.0,20.6579399200817,-3.49390841296768,38.1861860150935,1.15435693124934,60.627,82.0077308240144,2901221.0,55.024528474359,2.2347871129794,3.4232556167755,80.08,5.204,62.695,101.247910801875,5.438,1.5968233470381,22.1370994736383,62.0456817526564,93.8280951819726
DNK,2005,4.1513787487385,0.275481733409308,2.35960882992528,51.055010474322,39.4,3.18251977898505,23.8922103232981,72.9252698977169,77.8439024390244,47.3751212346545,85121000000.0,21.1723797337583,4.8451921902896,42.0236740114126,1.81781458291254,60.62,89.3987952460671,2902668.0,56.256701711047,5.2016912367247,6.0591329110063,79.725,4.83,62.748,100.016267521588,5.278,1.13056388790591,22.1118631886264,61.7717624204858,93.8289681571805
DNK,2006,3.33878587946735,0.328645158919929,3.81648769908172,49.710842715764,33.2,3.08832093540903,23.3310327363367,73.5806817948061,78.0951219512195,50.6843661293202,92558000000.0,23.2747647050451,0.841695783435792,46.7454946434639,1.92422138464584,61.296,97.4298607727841,2933792.0,54.99726448783,5.286421772066,5.8681186440879,80.475,3.897,63.756,99.6010408888977,4.534,1.14680871658905,22.6855310952049,61.1392957485577,93.8421420220761
DNK,2007,1.51196754347491,0.443466054321374,0.987173815945127,49.45506510076,29.5,2.96379163926027,23.5068372689219,73.529406550233,78.1951219512195,51.3974872348582,103171000000.0,23.4983863063468,3.68799602330786,48.6501873591805,1.69326586220324,60.849,100.047674594039,2931561.0,54.762888206597,5.3078231058364,5.6185260655459,80.053,3.801,63.381,100.293094625315,4.199,1.17038366975969,22.0583080495124,61.664778544223,94.1973875093417
DNK,2008,2.93344197648405,0.587547590258978,-0.417178439991005,50.282833652259,35.5,2.70582880740602,23.255160054162,74.0389756363221,78.4463414634146,53.9709187280921,116923000000.0,22.9393877468768,0.617279543987987,50.4993914403968,3.41626794258374,60.052,104.470310168489,2924360.0,53.745245814134,3.4624121618747,3.4285947944462,79.276,3.683,62.807,101.607310394045,4.075,0.841682850350501,22.6089943597854,62.4413976054736,94.2135957232415
DNK,2009,3.67030898793201,0.535079062079429,-4.97447905669058,56.328887038675,43.0,2.75932452416022,20.5708830996872,76.6697923761526,78.5975609756098,46.9989097546293,93984000000.0,20.1024313779465,1.17142791849018,42.3959469016436,1.30470991024336,59.768,89.3948566562728,2914657.0,53.58270744075,-2.7461795979254,-2.5320173688806,78.659,6.409,60.372,104.327959649805,5.669,0.806945931238911,19.8459601671915,65.6486144762927,93.871065445459
DNK,2010,6.39689740721914,0.444197154509531,1.58289703108802,56.515211021482,46.1,2.54372614601216,19.8658838856514,77.5903899683364,79.1,50.5907805356338,96440000000.0,17.9939144621449,-3.56794135328115,43.7969476962718,2.31092436974786,58.97,94.3877282319057,2893686.0,53.994658270524,-2.5205527509576,-2.1429249113021,77.963,7.746,58.677,100.0,6.763,1.1884393485634,19.3679354644121,65.7784928937093,94.1512317503888
DNK,2011,6.33895025513779,0.411737855195019,1.3108037609606,56.290126435463,50.0,2.39446252667832,20.034852803121,77.5706471940683,79.8,54.0836272472402,111864000000.0,18.1475309529928,3.93792637361731,47.929303227068,2.7586822605125,58.71,102.012930474308,2892968.0,54.524617372055,-1.7655090634082,-1.4063592082799,77.749,7.769,58.26,99.2947158070669,7.62,1.26832807403315,19.8459237938884,65.1652486553664,94.2758730032899
DNK,2012,6.04077392997688,0.376272242619955,-0.00543230161670749,57.905647200278,48.7,2.63717334519399,19.7687172779803,77.5941093768257,80.0512195121951,55.0808426058575,105469000000.0,18.7986435638088,-5.00312031968255,49.2814378993139,2.3979148566464,58.281,104.362280505171,2877238.0,54.70316513272,-3.2024820675585,-2.934485968373,77.169,7.798,57.551,96.7762585992751,7.791,1.61758219917433,19.8506421545794,64.867511994022,94.1297576437601
DNK,2013,7.38438213074312,0.416901360752097,1.39267343161971,55.580153712938,47.8,2.59360042485299,19.641242816043,77.765156759104,80.3,54.9209092360852,110949000000.0,18.8065381186482,0.197410828523168,48.6919040131042,0.789071780078062,57.679,103.612813249189,2854299.0,54.636445548462,-0.94370816447574,-0.75461521133979,76.504,7.384,56.95,97.7516458425831,7.673,1.25664041508446,19.734359858156,65.5690146038965,94.2484861919335
DNK,2014,8.33724641683406,0.507053283010163,1.27799983192831,55.101698664116,48.7,2.48018116652912,19.3701482611997,78.1496705722712,80.7,54.8334037514843,111493000000.0,19.334256991948,1.86415567840611,48.3774554736546,0.56402054044954,57.097,103.210859225139,2869233.0,56.529742024035,1.428043359919,1.6696275543337,76.522,6.925,57.089,98.4671333790939,7.141,1.35342720224903,19.4044479337978,65.9892898028769,94.3469241330158
DNK,2015,8.03310119340131,0.706423849687002,2.10441456445301,54.418123087017,44.6,2.49157664462381,19.4244524910984,78.0839708642778,80.7024390243902,55.8143215733858,95457000000.0,19.8029126025869,0.61075067778712,49.3160408805133,0.452034153691575,56.837,105.130362453899,2899972.0,53.523090760248,-0.89503232676881,-0.51147519020237,76.895,6.278,57.558,94.4177170817546,6.529,0.908318060929302,19.5644428511085,66.268123644985,94.3601142669967
DNK,2016,7.15352413797132,0.780392644135167,3.07304549209093,52.351653873551,41.7,2.33416183454597,19.0482161687107,78.617585859732,80.8536585365854,53.7439528985173,95326000000.0,20.9848820610106,2.49983169836595,47.7088309101261,0.250000000000031,57.677,101.452783808643,2943425.0,52.654053897154,0.30240002360195,0.49064463310145,77.414,5.989,58.046,95.8273988362752,6.379,0.92879780499665,20.2319629319966,65.5816572655399,94.2370337483937
DNK,2017,7.43235705188883,0.643350903737356,3.05647723922718,50.601368567343,40.2,2.11062002904543,18.9381973101161,78.9511826608385,81.1024390243903,55.3459515613736,102506000000.0,21.2303828701723,1.08780490285886,48.869725359068,1.14713216957602,57.739,104.215676920442,2970148.0,52.290361341786,1.688992774443,1.5202396431476,77.866,5.833,58.221,96.3420703130195,6.054,1.25985806734514,20.4236252284711,65.2651305462279,94.5113574088439
DNK,2018,6.32147869586373,0.495838925879129,1.8600074900921,50.75434290956,38.5,2.19166349414525,18.9097537689026,78.8985827369521,80.9536585365854,56.9833683807386,109696000000.0,21.7629454283236,2.46670057625106,51.8306171211701,0.813609467455631,57.649,108.813985501909,2992952.0,51.564757869476,0.81041495991606,0.39419810282134,78.196,5.131,58.73,97.3246311518222,5.346,0.99704488734783,20.5755636281273,65.1569808657312,94.6156960962222
DNK,2019,7.51157692205497,0.358130915892652,1.71140093932736,49.807369824326,38.3,2.2229608691021,18.5459659066661,79.2310732242318,81.4512195121951,58.9506079167167,111076000000.0,21.3534089903591,-1.10067098319484,52.9408671489359,0.75813157251162,58.06,111.891475065653,3034322.0,54.090292871663,4.2829230473377,3.9543556558607,79.043,5.018,59.311,95.5137068539888,5.269,1.24122741169144,20.6402200527554,65.1563499910143,94.4612537932055
DNK,2020,7.31174171634936,0.291641177476633,-1.78010601831291,53.339608611745,45.2,2.10275058939704,18.8858640104577,79.0113854001453,81.6024390243903,55.0368973244514,108454000000.0,22.1844244807288,0.363874538682217,49.3965353466999,0.420711974110025,57.886,104.433432671151,3032944.0,53.70215637478,0.36254776303517,0.050589059524884,78.942,5.644,58.637,96.6360163588625,5.987,1.33752008668451,19.5550544065806,65.9864386706891,94.3204180965705
DNK,2021,8.60686861056623,0.433414489409722,6.50025445756295,49.705631232229,39.6,2.03932108222848,19.3605231398663,78.6001557779052,81.4048780487805,59.2073478715957,125945000000.0,23.206237827405,4.18538817542322,53.114124825695,1.85304543989689,58.161,112.321472697291,3076617.0,53.783750969349,4.0781197371204,3.6575201898749,79.527,5.065,59.493,95.9578297762614,5.134,1.08103120928969,19.3930980986428,66.6398766336931,93.9992741351876
DNK,2022,11.1530363234679,0.787502464739957,0.443832614908331,45.089027122791,33.3,2.11706685887241,19.0743139372211,78.8086524498253,81.3048780487805,70.7552148776405,131702000000.0,23.0897420855077,6.9048667972729,61.2406100314303,7.6965669988926,59.551,131.995824909071,3147518.0,48.478351779695,3.3893246569033,3.0475348182725,80.361,4.434,60.688,94.2832005807367,4.493,1.00228533729664,20.6688567291554,66.429806790063,94.1591717250654
DNK,2023,11.0099443611464,0.741185515720057,0.604587766175584,47.398160140979,33.0,2.02027441199317,19.2575538598929,78.7221717281139,81.7536585365854,69.3143620591443,129140000000.0,23.5305356705048,2.0346382929142,60.3109753721333,3.30517811237606,59.812,129.625337431278,3189737.0,50.828302422119,3.4301422811397,2.5723376941538,80.754,5.094,60.505,94.9822349268222,5.274,1.03787056976317,23.6155835404278,63.9079515293954,94.1496550277295
DNK,2024,12.1952284849278,0.503861198167737,3.47783593140312,47.329441131472,30.5,1.66649581675606,19.0027329538531,79.330803465223,82.2536585365854,71.0020132043046,133335000000.0,23.3320384051141,4.29658848924698,60.7630177709021,1.37220049768926,60.902,131.765030975207,3277500.0,51.788151060618,4.4587099291463,3.7081490926509,82.119,5.358,61.56,94.1842371754387,5.533,0.927722262099888,24.1417253330521,63.5495635161649,94.1637562370002
MAR,1980,-6.47378908140561,2.62593255873845,3.64216481334074,,,,,,55.219,19.3359340662894,2441000000.0,26.1194285739284,0.411515549241936,28.0061337605843,9.40837947437956,,47.3420678268738,,,,,,,,,,15.1221436201317,28.7595462163051,46.7260712036299,
MAR,1981,-10.2747156555108,2.66439093425071,-1.7434349305055,,,,,,56.023,22.6712108719853,2386000000.0,31.2030896900167,0.329327215867978,34.7648449308075,12.4925283921001,,57.4360558027929,,,,,,,,,,10.6848450965363,31.6829183410935,48.7386460582121,
MAR,1982,-10.5533058846663,2.64134602477407,8.95737202254297,,,,,,56.869,21.6047391159307,2062000000.0,30.8728978185372,0.449507874529748,33.7355312412128,10.5278072972983,,55.3402703571435,,,,,,,,,,12.9155541111243,30.3127021026047,47.4172881737603,
MAR,1983,-5.45026319040028,2.59930373342767,1.38656957735846,,,,,,57.685,22.7546982135498,2006000000.0,27.7465293975291,0.283813089564468,29.8593968083438,6.20793538870313,,52.6140950218936,,,,,,,,,,12.6233838094129,30.8714154937262,46.8931852445249,
MAR,1984,-6.63891398714746,2.49966630458029,6.41838632129115,,,,,,58.438,25.6341792993627,2171000000.0,25.2796517712499,0.316966266628329,34.7285002181635,12.4475693291853,,60.3626795175262,,,,,,,,,,12.1231708808284,30.8340797104011,47.5275274122662,
MAR,1985,-5.94056592475513,2.38035491289014,6.00765207144033,,,,,,59.208,25.5132262987926,2165000000.0,25.2110864279585,0.133245210382206,33.8018483336996,7.7286389008592,,59.3150746324922,,,,,,,,,,13.2909327287831,30.2080012935139,46.7304756980145,
MAR,1986,-1.07197012708123,2.17766698529866,9.27110576948627,,,,,,59.951,21.8823676849516,2433000000.0,23.4811583352601,0.00282180702047283,28.3982358988707,8.73355918706675,,50.2806035838223,,,,,,,,,,15.7051106574687,27.3992711013127,45.7727310015655,
MAR,1987,0.834870950569777,1.9870856970647,-0.325004075650469,,,,,,60.62,22.4812530281349,2807000000.0,22.2358481789723,0.273716353967507,27.1762524860913,2.69873997713767,,49.6575055142262,,,,,,,,,,11.7645157681426,27.6076030776449,47.9059098576714,
MAR,1988,1.83922413202176,1.91664251827313,11.8752359788597,,,,,,61.231,24.9965468597217,3626000000.0,22.5121444743176,0.329354802876929,25.1410563062102,2.36905505487641,,50.1376031659319,,,,,,,,102.640630848815,,14.2034199748533,27.7324072450463,45.0175625177477,
MAR,1989,-2.99202592899788,1.85035031950596,2.84620258132841,,,,,,61.824,22.5549372963548,3337000000.0,26.8507800487384,0.634848536184199,27.7959074491801,3.2599694922639,,50.3508447455349,,,,,,,,103.346662914172,,14.3519017674523,27.346951339448,45.4069231821335,
MAR,1990,-0.648031086262141,1.80543997877046,3.41181222630115,22.587247636559,70.5,,,,62.396,24.5593205075626,4265000000.0,25.7850621321567,0.547127982880131,30.0673669130572,6.78259401511006,22.819,54.6266874206198,7469841.0,21.262978027897,-1.3242696086625,3.5790568525845,52.397,,,98.376480156655,,15.0951754132603,27.5981379041356,44.9609311681798,
MAR,1991,-1.27998993380056,1.72232725594236,7.21608815359085,20.798307725686,59.1,51.9976418350876,20.7513085674766,27.2510495974357,62.919,22.3187677496636,4284000000.0,24.9470242298459,0.983294101452127,27.4605277269858,7.98616600790512,23.234,49.7792954766494,7669496.0,19.901974320033,-0.89633340565275,3.4783337606753,52.477,13.502,44.297,99.373357158776,12.96,17.4994367386153,26.0161584122031,44.2206213617144,54.5628662589251
MAR,1992,-1.2834370400402,1.65347397517767,-2.097738754022,22.281404099034,67.0,50.9980783156264,20.950405478051,28.051530918345,63.388,22.1721546193877,3973000000.0,24.8061662867255,1.25320990888603,28.0911615651847,5.7402466286874,23.163,50.2633161845725,7883614.0,20.437063386069,-1.8443407129649,2.4983626977604,52.528,13.781,44.204,99.8772086162557,13.164,14.0427572103275,26.3722397566432,46.3434551034315,54.8393510494589
MAR,1993,-1.6469906370207,1.58233207878875,-0.740591700332374,23.109789210993,74.7,49.7511111187694,20.6486590183557,29.6002298628749,63.868,22.06075149691,3696000000.0,25.5504911694277,1.55254686699352,27.607705117191,5.18311396030801,23.177,49.668456614101,8100374.0,21.108721924882,-2.0010672861111,2.6202815751887,52.582,14.026,44.118,102.669669474718,13.341,13.0694074271171,26.4745223327555,47.1056039204565,54.9361181827648
MAR,1994,-2.03049106287262,1.49661980506301,10.5880004161286,21.739353586969,69.3,49.4605378518134,20.9554037914438,29.5840583567428,64.346,20.9385014625219,5556000000.0,23.5729807167336,1.5473605424266,26.3750522699829,5.14167152953361,23.8,47.3135537325048,8304599.0,19.228246731454,-2.5111068555153,1.9493743022865,52.694,13.858,44.155,105.940948789359,13.224,17.2595077231236,25.1640015647731,45.4937187047,55.4693660335054
MAR,1995,-3.03845005048267,1.52142282241445,-5.40544787197402,21.271383503085,72.2,49.0831533316917,20.9895018763732,29.9273311649103,64.725,22.6732200383806,6881000000.0,23.9573032588587,0.85771412858708,29.041805345743,6.12358164775523,23.557,51.7150253841236,8538328.0,18.732153847007,-2.5392296560786,2.113383713774,52.722,14.054,44.136,109.382335621772,13.364,13.4926498510091,26.3311782242225,48.0046353267544,54.8800226530655
MAR,1996,0.0810758584150156,1.53619606424248,12.3728762700496,17.588862224558,65.3,50.6668975674375,21.4119854923215,27.9211301395991,65.226,21.8359749586865,6881000000.0,21.8130190608271,0.828037045779585,25.2595684892918,2.98680922773017,24.236,47.0955434479783,8744548.0,18.456397269594,0.86753504503597,5.1132224239105,52.84,13.362,44.424,109.717795600362,12.864,18.4399801016561,25.6209964186976,45.0430928732388,54.8943850597921
MAR,1997,-0.222808698229,1.5002842238488,-1.56070234550782,18.598314272689,68.0,45.547948667896,23.0160242376543,31.4360141325828,65.616,23.9241178671875,7032000000.0,22.7586294917097,2.75709006484814,27.2260367814229,1.03819895051614,24.2,51.1501546486104,8973540.0,20.097045765366,1.4987314926763,5.7541771549759,52.885,14.025,44.132,109.34523056264,13.348,14.6341801323036,27.3223950880414,46.6165085138162,54.5328382889095
MAR,1998,-0.309237465352601,1.48926290977857,7.23855267691987,18.749044380775,64.5,44.9656510790906,22.1266780262644,32.9076834587186,66.008,21.0424357067532,7153000000.0,21.7820275869139,0.663931270652034,24.629923887646,2.75311330764477,24.618,45.6723595943991,9186440.0,20.219199834306,1.4701554535308,5.5768442127792,52.967,13.359,44.442,112.258951290529,12.863,14.4867902100459,23.14101634461,42.5183594548701,54.4057105427388
MAR,1999,-0.360657901889276,1.45749048336448,1.6970614772566,18.432178641445,63.4,47.112375997262,21.073039229188,31.8145847735501,66.404,22.6346692831278,7503000000.0,23.6242732922545,1.7874170345466,25.9442072035182,0.684782608695643,24.753,48.578876486646,9407654.0,21.637795596445,3.2056169550001,7.1867458696863,53.019,13.94,44.161,112.25633803321,13.291,12.4766395275978,23.4872648863189,44.2533919139392,54.1273423332662
MAR,2000,-1.10387975127873,1.40392630100829,2.58218091499747,22.754275151292,64.9,45.1329351260039,20.6408274426354,34.2262374313607,66.794,24.1968278897887,7432000000.0,24.3643754215111,0.991581858750169,29.2434779490897,1.89463456763464,24.934,53.4403058388785,9622622.0,20.780964614929,-1.9733105363629,2.2160803682725,53.07,13.58,44.353,114.852955528687,13.014,10.7286317929553,24.3526302035856,45.6643826902591,53.7343056099294
MAR,2001,3.67558331729075,1.36697144784375,7.72182519577728,23.701914311759,60.4,44.6326899283996,20.3055490347298,35.0617726639001,67.2,25.3955453600676,7144000000.0,23.2757312707318,6.44412928365454,28.0960256587196,0.619801875297975,25.365,53.4915710187871,9824822.0,19.911949946134,-3.7899643656252,0.095425540730919,53.137,12.46,44.882,110.208132777472,12.505,11.8761776238587,22.8696929940867,45.6511101629935,53.5797106989903
MAR,2002,3.13718804047296,1.32213816814169,3.73019737485745,25.8139438862,59.4,44.1306880278206,20.4516264256862,35.4176855464932,67.582,25.9443798115524,7849000000.0,23.6215401287993,1.02035757811393,28.3657481026576,2.79561966936936,24.788,54.31012791421,9924141.0,21.445239843985,-4.368704042215,-1.0129646255857,52.578,11.59,44.815,109.710685900648,12.547,11.8432781663725,22.6361224434387,45.676137521941,53.3793049314888
MAR,2003,2.72583245907781,1.27031081599857,6.17110214953244,24.099808699005,56.9,43.6804750385342,20.5312894405773,35.7882355208885,67.958,24.676486583266,8778000000.0,23.262156009765,3.98561984754306,27.6553716837263,1.16773367477592,25.041,52.3318582669923,10130763.0,20.35488617273,-3.7449225262748,-0.58623167758052,52.655,11.92,44.633,108.88609902621,13.004,12.4918601820552,23.3248013144818,45.0015319782644,53.2985677882593
MAR,2004,1.46649924876604,1.28219021585352,4.57138016516208,24.47811196449,54.4,45.5435220012333,19.8304235119236,34.6260544868431,68.272,25.3492055058078,9925000000.0,24.6143543607621,1.35118647717804,30.2024329686458,1.49344403381774,25.293,55.5516384744536,10344794.0,21.164739859863,-3.3133721046275,-0.29520649084991,52.702,10.83,45.171,106.986201842616,11.37,11.869333718001,24.0029876116656,45.6602444605801,53.1899577890841
MAR,2005,1.51129572542934,1.34347301576107,3.19224973015831,28.636381470378,54.8,45.1616212537333,19.8967245833678,34.9416435319499,68.748,27.9958996339897,11190000000.0,25.7936133380221,2.42635467647837,33.4979280523338,0.982641660015951,25.54,61.4938276863235,10570285.0,23.181245274239,-5.4551361961385,-2.5715432664335,52.724,11.01,45.065,104.046245255729,11.563,10.6988804483578,23.6812068826614,47.3638124036934,54.8885489676155
MAR,2006,1.85973036169923,1.35136550551358,7.7908200104027,25.979318598769,50.6,43.073481863253,20.7755548335807,36.1509633031663,69.157,29.6289667970785,12744000000.0,26.3850747469865,3.24283497739456,35.0432309816369,3.28476166954811,25.784,64.6721977787154,10794828.0,24.178963823848,-1.8003547749215,1.0269778931451,52.818,9.67,45.728,104.533312366764,9.67,12.304168098197,22.7530814100902,46.499023933398,56.8162194812946
MAR,2007,-0.140355839695735,1.34058101398506,3.44106776690418,26.430205624905,47.1,41.9515827346581,21.0661360980414,36.9822711267659,69.62,31.4277738089785,15340000000.0,29.2312467118594,3.24999332315429,39.9218729706872,2.04208512673344,26.029,71.3496467796657,11012488.0,26.313985848888,-0.11621977601717,2.6170671320608,52.859,9.56,45.769,103.610079874589,9.427,9.8752466486995,22.422939278529,48.6528084619907,58.5660907042798
MAR,2008,-4.4474051229375,1.33869604527126,5.68453936284732,28.25495166594,42.0,41.4984348153738,21.3400451666297,37.1615298715306,70.051,32.4722234084439,20345000000.0,31.2682859914516,2.42213508852785,45.3622482341162,3.71484311494064,26.278,77.8344716425602,11222651.0,28.880857901521,0.6259062355813,2.9693722918616,52.933,9.57,45.749,103.349321668838,9.784,10.864961794312,24.3155822554726,46.5404621172017,60.4752351453497
MAR,2009,-4.91456971921294,1.33260098178586,3.74576940136258,28.105921644334,42.6,41.0709602754997,21.4260188517986,37.5030208727017,70.454,25.7171775388093,14054000000.0,29.0773587614193,1.94782744330848,36.6537784764176,0.971862998667636,25.909,62.3709560152269,11317347.0,26.476701459326,-1.6292201850072,0.52429615660492,52.477,8.96,45.611,104.817749868032,9.286,11.9650475529562,22.25957486397,47.3016732715882,62.2009245814306
MAR,2010,-3.89149487244856,1.35274286216317,3.49955709403216,28.709356648452,45.3,40.4734981636784,21.6101846971401,37.9163267857543,70.821,29.7889486802284,17771000000.0,28.3317038596937,1.2299824583835,39.7530309299157,0.993557401226392,25.546,69.541979610144,11402901.0,24.777087036229,-3.9322696122225,-1.8659193478342,52.021,9.09,45.1,100.0,9.491,11.9620812709231,23.7119126900355,47.166110243688,63.8752745308275
MAR,2011,-7.26703537698178,1.36305168989377,5.52464523319847,31.230660576137,48.6,39.7866611945792,21.8496209614576,38.3636987375126,71.263,31.9544842646976,21654000000.0,29.0032363847791,2.29046840496639,44.8713872259271,0.9069249096918,25.118,76.8258714906247,11491567.0,25.155320462694,-6.0753401134425,-4.0201129467334,51.643,8.91,44.78,97.5005247930548,10.246,12.0819026098454,24.5065191885483,48.2264357061115,65.5872259909071
MAR,2012,-8.95034696939187,1.3359712863904,3.06234368502997,32.540899238438,52.3,39.2180933384842,21.3845054086048,39.397410803266,71.674,32.0970961451136,21446000000.0,29.9543707765302,2.65758712641507,46.1250057504935,1.28712240079219,24.358,78.2221018956072,11505127.0,25.909139668784,-6.6317595696544,-4.3724994223987,50.877,8.99,44.058,95.3823486920949,9.957,11.3297511522793,24.2659773507632,49.1349653712344,67.2005377332105
MAR,2013,-6.77731894447504,1.28781015302784,4.12221286860944,30.430974824645,57.1,38.2710798408052,21.6090708644289,40.1198492947659,72.117,30.2532656391617,21972000000.0,28.4213229777508,2.9038626404404,43.6044908923701,1.88065466724086,24.718,73.8577565315318,11668836.0,25.729222099648,-4.7017527249975,-2.3169579642375,50.857,9.23,43.851,97.0110333254254,9.572,12.3583661932506,24.1531288845084,47.6140626235819,68.7657737009588
MAR,2014,-5.53783287947428,1.22723874148544,2.7192440802029,30.676680107124,58.6,36.8121373144019,21.9181305600519,41.2697321255461,72.522,30.1329866374292,23920000000.0,27.0159188539863,2.95925435484489,41.7605801165106,0.442310053557048,24.779,71.8935667539398,11789129.0,25.897029718789,-4.7796503883354,-2.2200820007709,50.681,9.7,43.398,97.0799464898365,10.287,10.3531465249527,25.8132675090419,54.7549862499925,70.3055543107672
MAR,2015,-1.95690775142638,1.17075639938741,4.34458297635238,28.492031028115,58.4,36.0537822119313,22.1057512336703,41.8404572080572,72.894,29.9958538899695,22334000000.0,25.8697787535513,2.94611108390154,37.2928220354154,1.5579071134626,24.362,67.2886759253849,11817289.0,23.898956780385,-4.5930742477301,-1.9831582737049,50.169,9.46,42.979,96.8371296360663,10.415,11.7961931846113,25.6226817262287,52.2029571874719,70.8088772460613
MAR,2016,-3.74613174513,1.19450726277516,0.52118550608968,28.610652294622,60.1,34.8158407998843,22.1866942176876,42.9974743543737,73.228,30.7345951424219,22661000000.0,28.6835994366913,1.93000540251056,40.3880652392646,1.63531114327064,23.275,71.1226603816864,11764216.0,24.125112291626,-4.4855400029957,-1.9682832700784,49.265,9.3,42.221,98.977184302312,10.693,10.3219651103177,25.685104578574,53.3932404781727,71.1422876301178
MAR,2017,-3.10210665362039,1.20034336418867,5.05789816173446,27.881494827639,60.3,33.7945553125213,22.4674638195635,43.7379808679152,73.608,32.6064609907781,25272000000.0,28.135469298761,2.26092196120538,41.5668968878792,0.754663249323619,22.45,74.1733578786573,11672302.0,24.57800756379,-3.3034872638492,-0.87612009800722,48.315,9.22,41.305,98.6489759325085,10.629,11.1602887992375,25.405454806575,53.0987601129781,71.6304161771684
MAR,2018,-4.87290163435469,1.1036421008163,3.06564133025955,27.764702732596,60.5,32.7739388412987,22.6132453896467,44.6127972748406,73.946,33.8284373726717,28609000000.0,27.858575328575,2.78337936840164,43.4264501517272,1.80391671141896,22.23,77.2548875243989,11919387.0,24.243203649151,-3.5214990834454,-1.1772778118482,48.807,9.272,41.581,99.4263633406825,10.685,11.3055402401365,25.2413538068182,53.070813570865,72.1481620882016
MAR,2019,-3.4182057355437,1.03022315933698,2.89097476137077,27.037778280811,60.3,31.6221622583243,22.7880496508318,45.589788090844,74.245,34.093057468891,29132000000.0,27.1927093583345,1.33479789567415,41.9050584109511,0.303386036590383,21.999,75.9981158798422,12163466.0,23.234142235399,-3.8036360454124,-1.4263861510716,49.311,9.191,41.918,100.211350623948,10.621,10.8424017370039,25.2499524130611,53.4781212999139,72.7245484142842
MAR,2020,-1.1275993199651,1.02565486360782,-7.17820744246774,34.120976042882,72.2,31.9915168601175,22.5886885977895,45.419794542093,73.133,30.7941069539783,27159000000.0,26.2256860657523,1.16907334587558,38.0496964364582,0.705968661338261,20.688,68.8438033904364,11894936.0,26.973888586858,-7.1470874560234,-4.6494692802317,47.706,11.189,39.556,101.574646324883,12.219,10.6636401420592,26.0436433872433,53.1903022793513,72.869233362127
MAR,2021,-2.35786783699057,1.00691847923959,8.15473889823681,30.083301743353,69.4,31.2337647364311,22.9174818191935,45.8487443301613,73.385,33.1360849405787,35843000000.0,26.2880092874382,1.59422321445366,42.3873322350718,1.40195883962006,20.697,75.5234171756506,12266110.0,24.158891230795,-5.9244105125583,-3.8010605486317,48.642,10.551,40.52,103.17223052478,11.901,11.9779439009277,25.9539090511005,51.7882000339975,73.4505710418143
MAR,2022,-3.6574911910038,1.00863622672701,1.81269242194809,31.836538913448,71.4,29.3042794898616,23.223536958406,47.4721835517324,75.161,44.7116282313453,41481000000.0,26.6163194327275,1.74814323662076,56.1946819703061,6.65704202759067,19.584,100.906310201651,12170356.0,26.470917632919,-5.3656212805282,-3.2283009621873,47.716,9.413,40.13,99.8745501503607,11.046,9.79618893785634,26.0855513037114,54.4992684878357,73.1431439953265
MAR,2023,-1.04767760599469,1.02195181223548,3.65564411017931,30.247223143165,68.7,29.0971569760556,23.2572707500458,47.6455722738986,75.313,42.4176033594569,41642000000.0,25.0759750041054,0.725864122672683,50.7002810585209,6.09114152504141,19.671,93.1178844179777,12335833.0,25.840983514638,-4.4062396285274,-2.2963814958399,47.784,8.896,40.29,100.747787609676,10.578,11.1311743840061,25.3229740167851,53.7147502674415,73.389100089428
MAR,2024,-1.23072108998601,0.972827595296714,3.79336515978963,30.853475688825,67.7,28.2683963248285,23.6412350224086,48.0903598495352,75.493,41.9985232956684,45226000000.0,26.4589344056453,1.08850441035779,50.188721310572,0.985256592004507,19.827,92.1872446062404,12497271.0,26.931254117683,-3.922221571142,-1.7996501015958,47.828,9.103,40.111,101.081473303757,10.76,10.5673287621047,25.6379794827026,52.7268616776438,73.686089737252
MYS,1980,-1.08614075107854,2.77631260870424,7.44182677934407,,,,,,68.061,57.5448337960531,12945000000.0,31.1341637277707,3.81368591872655,55.0423951376904,6.6749195345051,,112.587228933744,,,,,,,,157.934699679826,,23.0272681398664,41.7919586178435,,
MYS,1981,-9.87450749320038,3.15264589492806,6.94210420118173,,,,,,68.461,52.3388818495826,11770000000.0,36.0317983788381,5.05788624278183,58.5232499609463,9.70000000000015,,110.862131810529,,,,,,,,158.714123168578,,21.8210324058806,41.0567248711228,,
MYS,1982,-13.3756149428527,3.18472114484825,5.94315245801018,,,,,,68.876,50.8730171408489,12030000000.0,36.3344462371603,5.21254407721585,59.5856163836483,5.8189000297783,,110.458633524497,,,,,,,,168.757656664996,,21.5016607294046,38.5666873272736,,
MYS,1983,-11.4743626183945,3.22310878172444,6.25223081092673,,,,,,69.205,51.5274544318892,14104000000.0,35.7915507353359,4.15365396776224,56.4888422008972,3.70423546319373,,108.016296632786,,,,,,,,176.714428227132,,20.2230885526092,38.9518935608427,,
MYS,1984,-4.88120748347307,3.25801491550759,7.76179012218883,,,,,,69.551,54.2690131992458,16483000000.0,31.9182903834067,2.34946607947751,52.3607793840352,3.89727260149768,,106.629792583281,,,,,,,,183.600393605661,,20.3456944060339,39.2333982401006,,
MYS,1985,-1.9233254163205,3.28738816697012,-1.02525025342071,,,,,,69.863,54.907706208855,15316000000.0,29.8489737963082,2.22666868667977,49.775396927843,0.346458791259884,,104.683103136698,,,,,,,,174.469803073633,,20.2814785078095,39.2342579062863,,
MYS,1986,-0.36595250137054,3.27741127041741,1.24059492750688,,,,,,70.133,56.2966170349471,13690000000.0,26.3499734614633,1.76271777377718,50.2011341732547,0.737002855391939,,106.497751208202,,,,,,,,146.483599851241,,20.1845026119507,39.2336373159762,,
MYS,1987,8.00271214348335,3.22352401394525,5.19193211272702,,,,,,70.351,62.8944934328174,17958000000.0,22.0805327742492,1.31343634347508,49.0250971203059,0.290007909438412,,111.919590553123,,,,,,,,138.855662450734,,19.9605352407967,38.5274711722267,42.6774372571992,
MYS,1988,5.29392592570484,3.14398721440995,9.93771967651989,,,,,,70.551,66.4155028688968,21082000000.0,24.6032261556783,2.03962299468874,56.2087257767673,2.55651945320742,,122.624228645664,,,,,,,,126.232879893554,,20.0714517700552,38.3566092887301,42.1457183068096,
MYS,1989,0.809632059184723,3.03962219398994,9.0596008665043,,,,,,70.759,71.3768494673724,25047000000.0,29.0773806695618,4.29333056736689,65.3122119487233,2.81320089714805,,136.689061416096,,,,,,,,124.080417202359,,18.0817804300932,39.8040538614313,44.0517708323435,
MYS,1990,-1.97596593915066,2.94872577944909,9.00852713774628,30.524544277838,74.1,,,,70.952,74.4661197000361,29452000000.0,33.0430547274544,5.29807441993264,72.4221328339534,2.61780104712051,35.83,146.888252533989,6301032.0,30.673550529812,0.14900625197324,3.0018590181283,58.102,,,118.819086627819,,15.2165332840671,42.1981676337955,44.1926083926067,
MYS,1991,-8.51147688277302,2.8158546560368,9.54546741443052,27.393183300717,67.3,18.9054959419233,32.8123692989236,48.2821347591531,71.219,77.8255528255528,34350000000.0,36.3562357538261,8.13632963600556,81.4858944377017,4.358333333333,35.941,159.311447263255,6517412.0,28.994754294412,1.6015709936943,4.9990487062405,58.131,3.7,54.233,115.366630346496,4.479,14.3557029099198,42.1065095763891,44.8195731328261,73.0575607370464
MYS,1992,-3.66302477841909,2.64753082839941,8.88511797832156,28.209393584869,59.1,18.3180769854851,33.0654078786617,48.6164997992438,71.483,75.983860049641,40771000000.0,36.6274671161784,8.76047440214555,74.6273609322945,4.76722829992821,36.422,150.611220981935,6771591.0,30.014867895096,1.8054743102272,4.0795310519645,58.513,3.71,54.577,122.827407577132,4.488,14.572410772355,41.1462550271433,45.6643792888334,73.8881519915734
MYS,1993,-4.47111978350001,2.55845902443816,9.89494333377064,24.61355529132,51.1,17.7456155832844,33.4575226626105,48.7968469101676,71.721,78.9202875826103,47131000000.0,38.8730153199298,7.4828391233144,79.0201749189867,3.53658536585389,36.91,157.940462501597,7025550.0,28.053299776584,3.4397444852647,5.7464154887146,58.903,4.11,54.698,123.390840566474,4.97,13.7873561215838,40.0844396436577,47.9668281124778,74.7122618704752
MYS,1994,-6.06906128911756,2.54353236939425,9.21204179334867,23.269698706325,43.7,17.2374938562824,33.5572598755852,49.2052462681324,71.865,89.1507768813216,58845000000.0,40.2453686413146,5.82961425798393,90.7541657926645,3.72497055359284,37.403,179.904942673986,7282444.0,28.718257062598,5.4485583562725,6.7553856126868,59.297,3.64,55.314,119.579603405241,4.399,13.6610372401656,40.0412358475604,47.9440911486179,75.4923364549625
MYS,1995,-9.74414011928346,2.54130598813685,9.82908519730812,22.597513010677,38.2,16.7059271951374,33.6950692351598,49.5990035697028,71.979,94.0891703712361,73915000000.0,43.5859632404831,4.71024540158831,98.0240298822779,3.45057509584895,37.913,192.113200253514,7547014.0,25.700265372409,3.1027523617319,5.2979585404105,59.697,3.15,55.953,119.768438759869,3.805,12.9494365608411,41.4018779806988,47.8822149204623,76.2020904435038
MYS,1996,-4.4241026644928,2.52310298452386,10.0027006861844,22.390608942348,32.8,16.147311903565,33.5326872358579,50.3199877420242,72.119,91.5761512146674,78327000000.0,42.4956253054404,5.03534293107291,90.1908312707896,3.48855945858916,38.438,181.766982485457,7819897.0,25.660399206797,3.2697902644492,5.1516107430919,60.104,2.52,56.684,124.37572660519,2.608,11.6804344741696,43.5282108681601,47.9005407280122,76.8236115467506
MYS,1997,-5.93493554436093,2.48740927032502,7.32274185035924,21.155111855438,29.6,14.3083559774355,34.9041582468403,50.7874857757242,72.296,93.2894480029809,78736000000.0,43.1143206941216,5.13624115805327,92.3756631593889,2.66251459711946,38.973,185.66511116237,8100507.0,25.995229934118,4.84011807868,6.4065755958924,60.517,2.45,57.095,120.160214662716,2.856,11.1013325289661,44.5735375006654,48.2435813268511,77.3940415640203
MYS,1998,13.2035212438437,2.45609059309708,-7.35941518817556,23.113553113553,33.6,15.6540417583273,33.0434790102773,51.3024792313954,72.385,115.743725352436,73256000000.0,26.825729144233,2.99775085201455,93.7484774557535,5.27034200348766,39.505,209.492202808189,8390877.0,22.486304256216,-0.62724885733735,1.0545774542121,60.929,3.2,57.018,95.789277411539,3.314,13.3122442566983,43.8757533284141,48.9710248796969,77.9468567948916
MYS,1999,15.9240800095756,2.38527879909653,6.13761201057692,24.64252133882,34.4,15.2800655446193,32.9554924589858,51.764441996395,72.428,121.311393650836,84621000000.0,21.8912502826136,4.9214666648934,96.2595257411126,2.74456130240604,40.062,217.570919391949,8693122.0,21.639822695468,-3.0026986433517,-1.4563588603703,61.315,3.43,57.229,96.6346433635915,3.29,10.8423880517615,46.4590177015866,47.8827253261694,78.3185681644649
MYS,2000,9.04991849068886,2.34480241175698,8.85886816969386,25.632123204386,32.5,15.269205079727,33.4351388739869,51.2956789479524,72.732,119.809708726968,98229000000.0,25.2920165768334,4.03842862393763,100.597080255106,1.53474023697699,40.593,220.406788982074,9003136.0,19.579591826219,-6.0525313781662,-4.5546997024795,61.621,3.0,57.757,97.7547447157777,3.06,8.59902188826631,48.3205714911013,46.3014974705458,78.895801895386
MYS,2001,7.85355934414699,2.40351289519482,0.517675319192861,28.223335052056,38.1,15.1318236626311,33.1074833927324,51.7606929446365,73.08,110.402491356547,87969000000.0,25.1234475110543,0.597029318252079,92.9621446541059,1.41678473206098,41.052,203.364636010653,9319049.0,23.862656573074,-4.3606784789821,-2.9238385496952,61.829,3.53,57.613,102.475641972828,3.796,8.01097059098812,46.2026949988513,49.1730931223924,79.2069661755089
MYS,2002,7.1294554203537,2.41855547054066,5.39098830692797,27.144072243373,39.5,14.9274836627922,31.983268584749,53.0892370081835,73.469,108.305302795051,94061000000.0,23.4843285587911,3.16612432250471,91.0509299006036,1.80787246281536,41.471,199.356232695655,9642825.0,23.184271875831,-3.9598003675422,-2.3526256250613,61.997,3.48,57.768,102.733521250065,3.786,8.98508140381459,45.1153796974529,48.6964168752104,79.4877610075228
MYS,2003,12.1423505560345,2.36624571909165,5.7884992858875,28.069086484175,41.4,14.2677694612958,32.0229328319874,53.7092977067168,73.727,106.943446148115,104706000000.0,22.4142665765613,2.92094209456765,87.2516829087158,1.08967632577286,41.868,194.195129056831,9976922.0,23.472127517294,-4.5969589668819,-4.4990853450713,62.166,3.61,57.814,97.4554365314789,3.636,9.30608521643197,46.5786626994835,46.7102388190148,79.7649740204261
MYS,2004,12.0877738119347,2.31172452935085,6.78343772370305,25.884462969347,42.0,14.5558364714209,30.1257514365518,55.3184020509502,74.027,115.373337721075,126646000000.0,20.9548400162009,3.50787262049412,95.0009281760497,1.42127115937402,42.255,210.374265897124,10324666.0,22.53099929886,-3.3534636704874,-2.9190557137573,62.339,3.54,57.985,93.2415148152307,3.81,9.27100209261509,48.5303176049683,44.5475985554205,80.0709877263687
MYS,2005,13.9199700905602,2.26772984873607,5.33213916141486,24.537702130948,40.8,14.637553282447,29.7290353840448,55.6334210318058,74.37,112.898976779781,141626000000.0,22.3035148589531,2.73438734940078,90.9556678158424,2.97507092684449,42.637,203.854644595624,10688442.0,21.704862031962,-2.8328400989864,-1.4395543722551,62.53,3.53,58.139,93.1134207454621,3.707,8.26229170422644,46.3683224854575,44.1971529384927,80.3868479969933
MYS,2006,16.1037222225662,2.22705351047756,5.5848470671515,25.574287793953,39.7,14.6324627979799,30.2585868769536,55.1089503250665,74.697,112.18548084399,160749000000.0,21.9550121987185,4.72716484834358,90.3916659964074,3.60923564224389,43.027,202.577146840398,11067941.0,22.972324428092,-2.6019633658615,-1.6428440446804,62.76,3.32,58.448,96.0687703988197,3.392,8.60998284136304,46.5156572562267,43.9262781844017,80.71007182559
MYS,2007,15.3811208611024,2.17350461828888,6.29878592740947,25.888676586647,39.3,14.7300461805556,28.4616445857605,56.8083092336839,74.961,106.168274866985,175966000000.0,22.4041843268104,4.68684578287436,86.2972314906664,2.02735317779569,43.436,192.465506357652,11462139.0,23.317846206827,-2.5708303798195,-1.8726215730821,63.039,3.31,58.677,97.9675775313223,3.532,9.98677367962245,44.5959960321039,44.5202452881234,81.0457586557204
MYS,2008,16.8597967039906,2.09531674831339,4.83176988913097,26.920012523559,39.4,13.9589003961165,28.6735233682948,57.3675675218795,75.151,99.4995772447266,199414000000.0,20.5703234889584,3.28081949125174,77.1687475404215,5.44078221100769,43.866,176.668324785148,11872645.0,23.515274774328,-3.4047377492312,-2.0426214533112,63.367,3.34,58.922,97.6211584387128,3.674,9.96858233467411,45.1050654004356,43.9481056537511,81.3765909678253
MYS,2009,15.7230105263055,1.99206021194285,-1.51352871598714,30.889185821484,50.4,13.496218054547,27.0122786996455,59.4915032458074,75.269,91.4167918670926,157244000000.0,21.9763571094904,0.056692316075743,71.1421785856069,0.583308405623702,44.31,162.558970452699,12298453.0,25.009395335881,-5.8797904856036,-4.8918249884534,63.743,3.62,59.049,94.7038093795596,3.722,9.21910004390782,40.9678238412473,48.836021810826,81.5177199709009
MYS,2010,10.0556778509323,1.87040612656176,7.42484738326097,26.604471711095,51.2,13.302480600085,27.6126866890139,59.0848327109011,75.376,86.9302950693543,198612000000.0,22.4353995573594,4.26864663854031,71.0144698174169,1.62285235577035,44.792,157.944764886771,12720268.0,22.285401222416,-4.3190704886785,-3.0472353095954,64.152,3.32,59.557,100.0,3.506,10.0899159275121,40.4989323548818,48.4774187579282,81.5500463191938
MYS,2011,10.905001967915,1.75128008243176,5.29391283414003,27.087815543684,51.9,11.8772375176897,28.4457123438212,59.6770501384891,75.488,85.2554421085998,228086000000.0,22.1831391427095,5.07446032143377,69.6822424986263,3.1744709215131,45.295,154.937684607226,13112179.0,23.520192113127,-3.5676234305563,-1.9850441802692,64.569,3.05,60.048,99.937321493972,3.316,11.4533531198278,39.8242687277964,47.766725565489,81.6075111377972
MYS,2012,5.18877994987763,1.70269513202166,5.47345419253853,28.505430516458,53.8,13.2511492495976,27.5753121325756,59.1735461809185,75.552,79.2999139255312,227538000000.0,25.3634484150354,2.82905738174529,68.5418408404822,1.66357102479206,47.029,147.841754766013,13636640.0,25.402553274,-3.102877242459,-2.3252232394174,65.723,3.04,61.038,99.6471474510842,3.163,9.79375074645921,40.1350010090069,49.0223958354783,81.5710268090499
MYS,2013,3.46614353655813,1.70946282045073,4.69372252557893,27.780103476481,55.7,12.6929814785273,27.9426283781274,59.3643901433453,75.464,75.6290410302627,228331000000.0,26.4770560781611,3.49431175959971,67.0919504346102,2.10501231233612,48.76,142.720991464873,14173536.0,24.301875644308,-3.4782278321726,-2.1403260923125,66.881,3.14,61.955,99.0621548005978,3.474,9.11336384538206,39.8853736547897,49.9447288177857,81.5816982201783
MYS,2014,4.39159166153878,1.7147407282165,6.00672194558203,25.956967002056,55.4,12.5700018051896,27.7466386648955,59.6833595299149,75.345,73.7934986257765,233927000000.0,25.9744966527874,3.14122940365348,64.5187325510668,3.14299050879095,50.475,138.312231176843,14721580.0,23.32852953233,-2.6284374697254,-0.90623816294591,68.033,2.88,63.091,97.9306111605156,3.227,8.87320901302643,39.9244244845871,50.1226904594272,81.6032558253301
MYS,2015,3.00891850128321,1.73319445645586,5.09153242155011,24.708180397792,57.0,12.4690778902687,27.5188412788598,60.0120876639206,75.288,69.4486908970754,199952000000.0,25.8656435310901,3.27094402931735,61.9213815481844,2.10438980238359,50.83,131.37007244526,15103051.0,22.162296433838,-2.5458839639536,-0.93285619941261,68.354,3.1,63.164,89.3872569279287,3.396,8.2874950827938,38.4497222119902,52.0138720406596,81.6960703914671
MYS,2016,2.36768591329055,1.76731054757933,4.44978139761541,22.857663386643,55.8,11.3671005610583,27.4867972058341,61.1460887965168,75.371,66.7754454542508,189743000000.0,25.5177878242928,4.47130958598651,60.1235645714491,2.09056659525742,50.986,126.8990100257,15415068.0,20.254791075897,-2.6028723107462,-0.75897851389519,68.338,3.44,62.851,86.387952757225,3.939,8.46251885618027,37.6832749440922,52.531571127313,81.811448516275
MYS,2017,2.807870911226,1.76466064017847,5.81272240983328,22.043062608036,54.4,11.2939340883286,27.7174531720201,60.9886193008338,75.542,70.011742508597,218130000000.0,25.062965299807,2.9358203805856,63.1434308633591,3.87120115774237,51.285,133.155173371956,15779343.0,19.631233147754,-2.4118294602825,-0.61598506866093,68.555,3.41,62.978,84.982915692761,3.834,8.59827753533139,38.114672270307,51.8821117066805,81.908755020194
MYS,2018,2.23708206947011,1.70174731907235,4.84308697634881,22.799948824875,55.6,10.6274389987205,27.1110391043493,62.2615155183785,75.734,68.554971419686,247455000000.0,24.2004646026756,2.31458721219734,61.8476540824403,0.884709160571235,51.625,130.402625502126,16212579.0,20.155279748236,-2.6446690766392,-0.75763846677049,69.065,3.3,63.41,88.474346316969,3.64,7.51205693063821,38.2914253580498,52.9909917677737,82.0028847752219
MYS,2019,3.50388669683419,1.59646653343981,4.41318742129586,23.575004940066,57.1,10.2240384296119,27.9242134883929,61.8517542998961,75.9,65.2777668428576,238195000000.0,22.9367865039746,2.50697705748044,57.7507951850853,0.662891865764326,51.783,123.028562027943,16636582.0,21.566857794948,-2.0081471451186,-0.038016648443698,69.499,3.33,63.678,87.2353834702942,3.478,7.24131401562151,37.4765336887335,54.1548750822015,82.1109229209112
MYS,2020,4.18956779359845,1.33363323143911,-5.45684658426701,25.040251007956,67.7,10.470225235867,26.1668675751684,63.3629009801003,76.057,61.5779359054349,234766000000.0,20.9140162759915,1.20275464255821,55.2102465322035,-1.1387021539305,51.371,116.788182437638,16871915.0,20.138514655594,-4.9017363523621,-3.0976256531539,69.332,4.54,62.501,84.1523454190495,4.685,8.16597089919598,35.9347266201835,54.7885939890947,82.0267242870478
MYS,2021,3.87747951420626,1.15251304394292,3.31534954399166,24.450759764357,69.2,10.2892948363062,25.9296867517211,63.7810123268587,73.917,70.6330555493337,299425000000.0,19.2873174557577,5.41626377085161,63.4029391413929,2.47710241465447,51.371,134.035994690727,17233270.0,18.418341479635,-6.0324182847222,-3.9921030142923,69.565,4.64,62.574,83.1060919893354,4.785,9.56621458844467,37.6826861838931,51.651935586827,82.113403472582
MYS,2022,3.1234711057235,1.1977720012836,9.03173723044451,24.642444158119,65.5,10.0105928565176,26.0718420292351,63.9175651142473,75.444,76.8077974825844,352094000000.0,18.2081449706805,3.68486215546291,69.6168072713231,3.37869862549928,51.597,146.424604753908,17730042.0,20.083141622118,-4.5593025360011,-2.5149750513977,70.323,3.93,63.62,81.9164182218074,4.113,8.96184922741417,38.974240550053,51.0158173538955,81.6366407446935
MYS,2023,1.56447203150546,1.23402869169549,3.5370638041057,25.000810595402,69.7,9.74966658350567,25.9966868796068,64.2536465368875,76.657,68.6789535653168,312965000000.0,19.227400080595,1.97990062716743,63.9145080762826,2.48886560125754,51.592,132.593461641599,18064842.0,20.887397591651,-4.1134130037505,-2.2263196368958,70.438,3.858,63.625,79.875532533729,4.04,7.76530932127302,37.5648573322214,53.5466505609237,81.6931121551563
MYS,2024,1.69342393177115,1.22058891015438,5.10545921024041,24.023928267088,69.8,9.43694338106628,26.0022237887699,64.5608215166271,76.821,71.3410849829908,330761000000.0,20.5427183763046,3.6930953933026,66.0214861785682,1.834100204499,51.617,137.362571161559,18384977.0,20.576864415006,-3.4470638520817,-1.3344931138608,70.535,3.846,63.565,80.8222421674115,4.027,8.12846782241948,36.9733732564335,53.7203005018668,81.7550734591093
PRT,1980,-3.23453303818425,1.08143206705044,4.58934022380851,27.368038610969,,,,,71.2146341463415,21.4552593349542,4640000000.0,30.5838102782466,0.477104383867876,32.7799907989288,15.8674803836094,,54.235250133883,,,,,,,,76.4964648562243,,,,,
PRT,1981,-14.6533746946924,0.867080703431986,1.61810337594387,29.5812799961605,,,,,71.6146341463415,20.330652140608,4148000000.0,33.0189373072736,0.545658052239058,35.2454878382695,19.0404107466915,,55.5761399788775,,,,,,,,80.270198099052,,,,,
PRT,1982,-10.6731010728771,0.611332101414692,2.1353747657862,29.0799142417027,,,,,72.4146341463415,20.6836477896989,4164000000.0,33.251829033182,0.471810169311415,35.0785566590823,21.6792837277094,,55.7622044487812,,,,,,,,79.0714484822546,,,,,
PRT,1983,-5.99244121749374,0.463965043811485,-0.173112539564684,30.8040850210487,,,,,72.2658536585366,24.5513956995292,4599000000.0,31.2311648375623,0.539059396254523,34.3762429305548,24.0027623802918,,58.927638630084,,,,,,,,72.7806747724442,,,,,
PRT,1984,-2.47122277905245,0.384553079813775,-1.87997986277209,29.5120863152906,,,,,72.5146341463415,29.1795537141225,5200000000.0,25.2328737649247,0.786032725358159,35.2325419550747,28.3846388897103,,64.4120956691972,,,,,,,,73.6745227468019,,,,,
PRT,1985,1.40133182328916,0.273538751901793,2.80743961484895,33.5760831009522,,,,,72.8146341463415,29.2423128367626,5685000000.0,23.3291206937512,1.01061383736377,32.2740855408107,19.4614100078696,,61.5163983775733,,,,,,,,74.4460710850358,,,,,
PRT,1986,3.00815829546084,0.0909537577185482,4.14095608461172,33.6617596033034,,,,,73.2658536585366,25.9948858316449,7242000000.0,23.6602774212003,0.614648795347915,28.0251804350976,12.3313334897217,,54.0200662667425,,,,,,,,74.1147974751291,,,,,
PRT,1987,0.903181066959785,-0.0269454386407305,6.38139391332237,30.1315948889803,,,,,73.6658536585366,27.3385645319817,9320000000.0,26.1869124419172,0.966875348980073,32.2372887443144,9.6348318624577,,59.5758532762961,,,,,,,,73.2879115784434,,,,,
PRT,1988,-1.89146081029747,-0.103951995334113,7.4891073628233,29.7935425928162,,,,,73.7146341463415,27.6366707972741,10989000000.0,27.9144523787855,1.635542856077,35.5627111885744,10.1016321152264,,63.1993819858485,,,,,,,,74.506387895772,,,,,
PRT,1989,0.252413720817631,-0.145920470784671,6.44063956353789,31.153775519643,,,,,74.2658536585366,29.4651906048673,12799000000.0,27.1313200505982,2.86643686551845,35.4037057738293,12.686303645615,,64.8688963786966,,,,,,,,78.0901664891703,,,,,
PRT,1990,-0.230455705701949,-0.217948479672573,3.95052317228428,42.164870094679,60.2,,,,73.9658536585366,29.1691775307804,16417000000.0,26.7384490633109,3.31579014605628,35.8864150999083,13.6305705693074,48.05,65.0555926306887,4740079.0,35.340590119534,-6.8242799751456,1.5686070566449,69.343,,,83.2918510065829,,,,,
PRT,1991,-0.802786937062783,-0.230481754329704,4.36820616663232,45.940167845538,63.9,6.55880007498891,34.5518676526699,58.8893109444359,74.0146341463415,26.547558876519,16280000000.0,25.431263295328,2.74387019076576,33.8190413392617,11.8494841773674,50.134,60.3666002157807,4875550.0,38.01008688076,-7.930080964778,0.79282907683364,70.755,3.919,58.589,89.2089848990572,5.642,,,,81.4329850739517
PRT,1992,-0.171236849197464,-0.0777492667122609,1.08947689832507,48.21810685004,58.1,6.39533673180663,34.2758803735647,59.3288048117788,74.3121951219512,24.4586706502227,18350000000.0,24.179414659137,1.74123247233614,31.8486069476756,9.55926033177516,48.598,56.3072775978983,4748270.0,43.023843761807,-5.1942630882335,3.4795009905841,68.8,3.985,56.606,97.1678032103694,4.778,,,,83.01221416108
PRT,1993,0.245135265861298,0.122316595483017,-2.04327729359404,46.479271828314,57.2,6.29798372280154,33.6605079548731,60.0415083223253,74.5121951219512,23.6001482902129,15428000000.0,22.6713385886989,1.6144453804152,30.5750843731262,6.78377994665408,48.803,54.1752326633391,4749612.0,38.420959654137,-8.0583121741766,-0.70905178098629,68.336,5.301,55.45,94.5681451610577,6.284,,,,82.6339372686538
PRT,1994,-2.20261544389875,0.269089467950249,0.964838285067799,42.761601540411,60.4,6.40971778367312,33.2742629943175,60.3160192220094,74.9146341463415,25.1335659295225,17989000000.0,22.6947732611181,1.27368069158282,32.043794086164,5.42044019241626,49.148,57.1773600156865,4783077.0,35.392846441027,-7.3687550993843,-1.3817852367049,68.256,6.709,54.581,93.5488156177088,7.776,,,,81.6448153174594
PRT,1995,-0.111582055664553,0.346203938301886,4.28278017236022,42.592838248426,62.2,6.24193113298254,32.9420205663066,60.8160483007109,75.3121951219512,26.7697318737852,22783000000.0,23.2815275215569,0.579546715045669,33.1447402882201,4.22281614099488,49.08,59.9144721620053,4803848.0,37.449580752231,-5.143257496195,-0.58088477285364,68.023,7.064,54.145,96.4276458965312,7.793,4.80044172792782,24.8145536044126,58.5057679863327,81.524190388336
PRT,1996,-4.0005138112894,0.375996187340096,3.50424653058748,43.043728988168,63.3,6.68280478698213,32.1341119481215,61.1830832648963,75.2609756097561,26.5484648796224,24618000000.0,23.8237858649358,1.28145373512428,33.6613401675442,3.06897732509786,49.536,60.2098050471666,4863514.0,38.411643257772,-4.6320857303957,-0.46269803585737,68.258,7.298,54.23,97.2093565755409,8.458,4.59074611683019,25.4394109793019,57.8081147566446,81.2454267614801
PRT,1997,-5.66728405930872,0.446460604971181,4.40086766458026,42.407441935916,58.7,7.35083383858867,32.0675868681241,60.5815792932872,75.4121951219512,27.1541447475915,23955000000.0,25.9973618932139,2.31647209170026,35.1508067548668,2.33686298314114,50.474,62.3049515024583,4958056.0,38.753690234328,-3.6537517015877,-0.30537403658133,69.031,6.571,55.258,95.5565957097112,7.507,3.83106344355608,25.7156123620847,58.4485262329211,80.9092587369804
PRT,1998,-6.76039275351895,0.505389233382722,4.80796318953165,42.627531804148,55.6,7.75754049987658,36.6530412419177,55.5893977739791,75.7121951219512,27.3316272273762,24793000000.0,27.3482230413821,4.89835270210409,36.4992716296598,2.57275225909131,51.886,63.8308988570361,5119669.0,38.323212403034,-4.3043194011139,-1.5888369820769,70.546,4.64,57.758,95.9469312219251,5.668,3.54171643876714,25.3364915790029,58.5501692130929,79.8204197798316
PRT,1999,-8.85368265057396,0.565630442435222,3.90657779623113,42.495069952083,55.4,7.0325340704799,35.5831165145808,57.3843291309677,75.9634146341463,26.4819747246951,24541000000.0,27.5911355459617,0.581077558591109,36.8323550925286,2.34009490312169,52.28,63.3143298172237,5168078.0,39.566717640734,-2.9283523113493,-0.35922838249446,70.863,4.579,57.868,95.4367565804713,5.066,3.28917248565999,24.8681230004472,58.9529553552053,80.6524511496783
PRT,2000,-10.8233299998961,0.702859953319024,3.81617714108242,42.83081583466,54.2,6.9516259995263,35.7329720332496,57.3154218538425,76.3146341463415,28.2046205938904,24363000000.0,28.0030505913879,6.14861920837231,39.2483773924343,2.85303039287156,52.728,67.4529979863247,5230882.0,39.512998921461,-3.317816913199,-0.80029736595166,71.031,3.806,58.484,93.1458599648177,4.728,3.10974828415915,24.4615743968679,60.0222194629272,80.5982446348856
PRT,2001,-10.4344116184086,0.705230637323876,1.94367213427915,44.090067324568,57.4,7.27002556409339,34.7342024786989,57.9957719572078,76.8146341463415,27.4373261135265,24108000000.0,27.3815897887365,5.02761444190448,37.6546290635856,4.36990330551792,53.478,65.0919551771122,5335182.0,39.411305902187,-4.6787614223816,-2.1840195624971,71.796,3.829,59.097,95.3989399504049,4.951,2.96074957358316,24.1438842401402,60.5837971257288,79.9795777199513
PRT,2002,-8.31755894208289,0.547667939660689,0.770924781247714,44.172378646157,60.0,6.91822354911189,34.5591164152322,58.5226793718071,77.0658536585366,27.0733622325977,25908000000.0,25.8571046731868,0.436137292252839,35.2348971843795,3.60034658290915,54.08,62.3082594169772,5418600.0,40.47278158062,-3.6995970655372,-1.1790605923922,72.605,4.497,59.227,97.8027524618452,5.312,2.72289086156617,23.4969886519634,61.2380592224029,80.655930997802
PRT,2003,-6.66692325748196,0.375411414855816,-0.930521045062918,45.312207755577,63.9,7.13350862275027,33.9243408033794,58.9421505738704,77.219512195122,27.3671918978917,31757000000.0,23.7604429031882,6.26697257909762,33.7717555904736,3.21899090682895,54.783,61.1389474883653,5439706.0,39.744221519048,-5.5679862365285,-3.2132592316719,72.812,6.132,58.182,102.215861194383,7.254,2.65118079570935,22.629715019166,62.1322775884069,81.0602149046082
PRT,2004,-7.9833939998949,0.239128989611917,1.78873552917291,45.995949382719,67.1,6.70682178257643,32.1414686118193,61.1517096056042,77.6707317073171,27.6670515552519,35787000000.0,23.4240673865132,1.312247289237,35.5375421117759,2.365362040973,54.28,63.2045936670279,5415609.0,40.083580517102,-5.912368865617,-3.6387067897445,72.609,6.319,57.618,103.226460430777,7.181,2.60214117997755,22.2369566238035,62.5652601326721,81.8643231289359
PRT,2005,-9.60021052870913,0.185532266654625,0.781847569123585,46.720313813641,72.2,6.5633522915839,31.4101391801754,62.0265085282407,78.0707317073171,27.0841675459537,38738000000.0,23.1265756274961,1.70741232717781,35.8603370144983,2.27716394887838,55.269,62.944504560452,5461291.0,40.668831246645,-6.0514825669951,-3.7644881475058,73.193,7.582,57.154,102.424385477101,8.633,2.30349335448735,21.3833086063294,62.9727336595912,81.9722822060411
PRT,2006,-10.2302140524554,0.18033244147767,1.62503532956156,45.166740246024,73.7,6.46957813701059,31.303843645822,62.2265585226258,78.419512195122,30.3574044411002,44750000000.0,22.5328535552248,6.41633004151996,38.1896486771007,3.1076654587105,55.517,68.5470531182009,5497103.0,41.102601701908,-4.0641385441151,-1.5687651305348,73.615,7.649,57.301,102.998106264832,8.905,2.25313751520814,21.1476529637361,62.894552522885,82.7388119372192
PRT,2007,-9.65792414363098,0.196304384487306,2.50657937751231,44.558211204023,72.7,6.42664351997806,31.2165427324917,62.3568137475302,78.3219512195122,31.1941845713373,52482000000.0,22.5096224343179,2.50093088549298,38.7519330104618,2.45396528138746,55.919,69.9461175817991,5529578.0,41.649449463596,-2.9087617404267,-0.31852390971562,73.86,7.965,57.226,103.93862908419,9.491,1.99815593954667,21.153352846176,63.501585543125,82.872358585116
PRT,2008,-11.8598002235991,0.144191279853498,0.319247344434558,45.485492130776,75.6,6.19481427381208,29.785179859124,64.0200254109143,78.5243902439025,31.2610790783868,57137000000.0,22.8522358901842,2.96892594201258,40.8146638437736,2.58850657657956,55.787,72.0757429221604,5531613.0,41.674770020346,-3.8107221104304,-1.0861932433943,73.946,7.553,57.319,103.958958252661,8.751,1.96377185231981,20.3862797641316,64.7713259125775,83.2591617453588
PRT,2009,-10.3235445210729,0.0953308592370666,-3.12207827545093,50.257484330151,87.8,6.20325482152001,28.546738387961,65.250006790519,78.7268292682927,27.2937427180784,44211000000.0,21.2015952644164,2.35133912553896,34.1989508086976,-0.835530021504157,55.59,61.4926935267759,5483627.0,40.383242169351,-9.8742421608002,-7.1592985836566,73.427,9.432,55.522,103.03778379016,10.092,1.95062621184125,19.857190463856,66.787257798424,83.5471773983175
PRT,2010,-10.2611634070617,0.0459100367184907,1.73762453640036,51.887163600214,100.1,6.05437050776722,27.9309522798745,66.0146772123583,79.0268292682927,30.0275851235273,49406000000.0,20.648039322463,3.77376819569615,37.6616550692709,1.40257289895372,55.835,67.6892401927983,5488106.0,40.468791351515,-11.418372248699,-8.7051374288059,73.678,10.771,54.609,100.0,11.864,1.94034870976094,19.9335310982463,65.9900107723019,84.1453568354927
PRT,2011,-6.11854777822697,-0.147084878575482,-1.71352745905065,50.027546834439,114.0,5.45887020198126,27.351175733097,67.1899540649217,80.4707317073171,34.4115130933228,59617000000.0,18.4841132585209,4.23648756430888,38.5960625767303,3.6530110043073,54.621,73.0075756700531,5423705.0,42.300594551092,-7.7269522833473,-3.8982747145922,73.635,12.715,52.784,100.807810432356,13.121,1.8384390598893,19.3319728029358,66.2727108617798,85.5639524386784
PRT,2012,-1.52721549957903,-0.405421787747567,-4.05090267621935,48.834000736923,128.6,5.85063645460905,25.5796947360033,68.5696688093876,80.3731707317073,37.7235057219779,58090000000.0,15.8781657037328,7.21535195239496,38.2176009968034,2.77333854051576,54.674,75.9411067187813,5377544.0,42.631567705221,-6.2024330317013,-1.9222303565887,73.382,15.509,50.803,99.2759158897017,15.491,1.92004687349348,19.0867583864245,66.391814938701,85.2752116722623
PRT,2013,1.53973827822347,-0.548815210952228,-0.984106574148328,49.956859680001,130.8,5.49731675573142,23.9550808047337,70.5476024395349,80.7219512195122,39.5639503324812,62823000000.0,14.8309176782448,6.43654323197598,38.466555354947,0.274416666666663,54.157,78.0305056874282,5281205.0,44.743279062736,-5.2135806172646,-1.0303868859989,73.008,16.237,49.638,99.3281988949953,16.446,2.04188706497902,18.8830973772949,66.8740172770633,85.3594804249861
PRT,2014,0.315317528197345,-0.539190466792077,0.741391420706506,51.659617429986,132.5,4.55888760342955,23.8601892254413,71.5809231711292,81.1219512195122,40.1850905816292,63832000000.0,15.1107479627964,5.43851031792652,40.0355784904498,-0.278153367467428,53.777,80.220669072079,5223582.0,44.343575080289,-7.3160423496968,-2.9554607573565,73.22,13.88,50.619,98.4703948308164,14.271,1.97659101484386,18.9850440099134,66.307724667619,86.876687073452
PRT,2015,0.508297093307309,-0.414141101993213,1.58979803702681,48.215054580289,131.0,3.95165683044813,24.1974485866272,71.8508726458503,81.1243902439025,40.6876664090066,55047000000.0,15.6540732098538,0.63522205292535,39.9470092176377,0.48793862390472,53.7,80.6346756266443,5197927.0,43.843190856256,-4.3718637240332,-0.071472850608107,73.388,12.405,51.291,95.1556710328772,12.669,1.97541250129625,19.5938498258589,65.4357541364739,87.6282261908201
PRT,2016,1.42555528145605,-0.315459016997883,2.00414129666575,44.865694320445,131.2,3.61553758118563,24.2229607130392,72.1615233581643,81.1243902439025,40.3550889260564,55372000000.0,15.7267272276065,3.56282992803299,39.1672575583436,0.607397074641719,53.484,79.5223464844001,5182106.0,42.922339640135,-1.9433546803104,1.9571533119291,73.748,11.058,51.955,96.6782449379406,11.123,1.92235840837832,19.448178094831,65.4115109280948,88.0554759238123
PRT,2017,1.56389644169824,-0.243889410358812,3.31472008175986,45.485903213712,126.0,3.35174740170112,24.4465459425173,72.2017066557815,81.4243902439025,42.9426786480198,62130000000.0,17.085659362742,5.02041551787587,41.8651136589341,1.36861411643482,54.028,84.8077923069539,5221693.0,42.483700247201,-3.0022029665115,0.62761119559141,74.683,8.878,53.654,96.874403076022,9.363,1.96367345206825,19.2493833127062,65.2644211981992,88.4829429878167
PRT,2018,0.7276825303456,-0.160104021146769,2.94628343449202,43.281423782522,121.1,3.14470982189453,24.4383065306702,72.4169836474352,81.3243902439024,43.677580570852,68361000000.0,17.8287896047353,3.46584287446499,43.0581149209879,0.993715683468233,54.337,86.7356954918399,5230976.0,42.855648066124,-0.42577571639863,2.8107021740742,75.102,6.966,54.846,98.0044018820232,7.381,1.91817470918666,19.3820435381975,65.1189858053297,88.6847047285629
PRT,2019,0.765771121812591,0.0237334946497115,2.74568432648596,42.480886046383,116.1,2.8773483224011,24.1628821215495,72.9597492961719,81.6756097560976,43.6531259432991,67063000000.0,18.4328254718014,4.5038935303436,43.1178629650595,0.338178410046124,54.511,86.7709889083586,5245523.0,42.596952117559,0.11606607117631,2.9399449577812,75.447,6.422,55.189,96.4459170962633,7.063,1.99991845769704,18.886083188208,65.5860785423015,88.3584593093777
PRT,2020,-0.629832722737583,0.10511412524675,-8.20463159324387,49.123113243212,134.1,2.86634832641125,24.4284280987097,72.7052028324968,81.3292682926829,37.2560151344529,61496000000.0,19.4962993707914,1.8141455418251,39.2526255864686,-0.0124383299576209,53.157,76.5086407209215,5138884.0,43.370872812795,-5.7522404304173,-3.0025866425777,74.143,6.85,53.643,97.7110043045659,7.08,2.14089692520428,19.3945333422241,65.5669578738445,88.3420220548419
PRT,2021,-0.67221074365241,0.626850165433157,5.55875672070374,47.343194123804,123.9,2.82638786857103,24.6003483164877,72.5732847147665,81.3780487804878,41.5484271843512,75229000000.0,20.5029780421601,3.60836004516304,44.3251180305463,1.26565719069044,52.886,85.8735452148975,5114630.0,44.517676718687,-2.8255174051174,-0.54288252134703,74.79,6.712,53.016,96.6524857540113,6.992,2.16204629838151,19.312836959793,65.0687062575411,88.1236924079776
PRT,2022,-2.08477766426278,0.697256448023043,6.98584137580278,43.873917228104,111.2,3.0976522765187,24.8734792692355,72.0288684542458,81.6317073170732,49.4816822004506,82463000000.0,20.5732413117937,5.08368921917484,51.8824642789839,7.83269124233323,53.799,101.364146479435,5245513.0,43.563506221583,-0.31041100652081,1.4968113259211,76.146,6.138,54.238,94.3609432965343,6.564,1.90543676193935,18.4032428555898,66.1933718129425,88.1199879967178
PRT,2023,0.55352409256356,1.36912985956796,3.09998745904281,41.897825284462,96.9,3.10706416299277,25.4765752478187,71.4163605891885,82.3292682926829,47.1554769314882,83621000000.0,20.4859520223246,3.96325428743124,45.9803767757157,4.31128191898681,54.719,93.1358537072038,5395411.0,43.154990926664,1.2571656422021,3.040211190867,77.44,6.498,54.75,95.6053538698921,6.862,2.13721069426312,18.7118937244236,66.2923756073157,88.3583607086201
PRT,2024,2.07520783148021,1.09536933248007,2.21459232301109,42.505525661673,93.5,2.85584874666838,24.7631634041662,72.3809878491654,82.3829268292683,45.8196856112127,85367000000.0,20.4281161978824,4.29974090969256,43.8418780958391,2.41613187791876,54.888,89.6615637070518,5450166.0,43.006398207218,0.50087254554508,2.3433429623344,77.782,6.5,54.644,95.5870512838304,6.903,2.01918518592571,18.6902857824428,66.2948271282742,88.6574388773607
TUR,1980,-4.95178373417964,1.99827279308554,-2.44735042580159,18.2407372003212,,,,,62.739,5.16193170955531,2910000000.0,15.9006614919894,0.0261537873284136,11.927885902191,94.2608598807592,,17.0898176117463,,,,,,,,,,26.1461400221772,23.494436584713,49.009673842389,
TUR,1981,-2.71985824579167,1.98932745853202,4.85664876652028,15.7258574863941,,,,,63.194,8.23693203391976,4703000000.0,15.130996076446,0.133464118466017,12.9046956081509,37.6147825797716,,21.1416276420706,,,,,,,,,,24.1627642070624,26.6940893557777,47.6977597772434,
TUR,1982,-1.47896532662359,2.1377808515577,3.56322781218334,,,,,,63.74,11.8640513905568,5746000000.0,15.1169440155544,0.0854444253826652,15.0168696746154,29.1375145022676,,26.8809210651722,,,,,,,,,,22.3537484988849,27.7825432225844,48.4026229008216,
TUR,1983,-3.11147147233528,2.35015474389478,4.97108077727097,16.7527218858318,,,,,64.269,12.4732126163184,5728000000.0,14.7542751945231,0.0744293747932517,16.5578391750205,31.3902710198445,,29.0310517913389,,,,,,,,,,20.9150138791008,26.629176314919,50.3746638093457,
TUR,1984,-2.40083010942351,2.29890148671451,6.71201571206028,17.5373117365471,,,,,64.81,15.6066026885362,7134000000.0,14.3955339567488,0.188529397056885,19.6735024162276,48.3923231346863,,35.2801051047638,,,,,,,,,,21.2014310977356,25.6233776270508,50.920803196785,
TUR,1985,-1.50670598794717,2.22038416830572,4.24133571639942,16.7269308030944,,,,,65.344,15.8607228847003,7958000000.0,15.2629254462823,0.147249647390691,18.9662492342323,44.9617301528779,,34.8269721189326,,,,,,,,,,19.6905586186263,26.3660583265661,51.1384650453762,
TUR,1986,-1.93596035967603,2.1289208915688,7.01203111054394,13.6691379874039,,,,,65.87,13.3124377193893,7457000000.0,17.1366874643936,0.165184331030378,16.1020217583248,34.6100759738745,,29.4144594777141,,,,,,,,,,19.5126009949236,30.9878952922221,46.5558455186347,
TUR,1987,-0.9244170718357,2.03769869991681,9.48553884246728,14.4435567082743,,,,,66.379,15.580840422955,10190000000.0,24.7465602453899,0.131895736055962,17.7574446045938,38.8558434758409,,33.3382850275488,,,,,,,,,,17.8184708900603,31.3937413261708,47.2391628157207,
TUR,1988,1.75625519928497,1.99711197505007,2.32073679394847,14.4399088408158,,,,,66.902,18.6539704158267,11662000000.0,26.1078201115114,0.389545326157192,17.5528634276008,68.8096433837048,,36.2068338434275,,,,,,,,,,17.258956312464,32.8205564734242,46.6350421166265,
TUR,1989,0.875594691099352,1.96008255174558,0.2902440687796,14.9850499661496,,,,,67.365,16.2029157514894,11625000000.0,22.8030576635365,0.618890490617133,17.7807524857703,63.2725524930958,,33.9836682372597,,,,,,,,,,16.5859815004054,32.974711413978,47.4242259612826,
TUR,1990,-1.74238577195045,1.87208457619709,9.26614667149315,15.2956468245831,30.2454942016516,,,,67.835,13.3651028519296,12959000000.0,22.8698046762303,0.474592695978886,17.5778926485052,60.3038691346447,33.931,30.9429955004348,20354848.0,,,,59.513,,,,,17.4762288321229,31.0610690169089,48.0543438384247,
TUR,1991,0.165524841501632,1.75939857025913,0.720279039109613,19.2333041694327,32.1299111323629,46.0643317300978,22.8067137867437,31.1289492992795,68.287,13.8411301141106,13595000000.0,23.689572522178,0.536300486465289,16.6348815592789,65.978567991895,33.994,30.4760116733895,21015986.0,,,,60.083,8.21,52.318,,7.122,15.2470755823245,31.5408458335271,49.6879705972019,36.3830451541035
TUR,1992,-0.612175223712419,1.70479077867469,5.03563493261181,18.8673895705746,34.0172750620102,43.271593418516,24.1997794133561,32.5286323333657,68.603,14.3922357339889,14716000000.0,22.9964110894045,0.530468058329858,17.345129910515,70.0761038690374,32.59,31.737365644504,21160763.0,,,,58.938,8.509,51.226,,7.77,14.9836651520805,31.1790632248246,50.1136396894733,36.302198114069
TUR,1993,-3.56565306523328,1.72507084421117,7.65126520761324,22.9351907602684,33.6982232562415,40.983206515108,24.359354869741,34.657438615151,69.018,13.673802849848,15343000000.0,25.5247438135483,0.37579865975877,19.3432849256138,66.0938429820004,26.651,33.0170877754618,20211005.0,,,,55.084,8.962,47.479,,9.355,15.4160185614868,29.8229835895656,50.6623779162589,34.6535233416158
TUR,1994,2.01377036999334,1.73850114428048,-4.66814736735584,21.9351053894202,44.0175057105221,42.5223501490278,23.2008259707407,34.2768289161471,69.402,21.3621312072128,18106000000.0,24.4591764651962,0.465363886338255,20.3837211337284,105.214986469202,31.144,41.7458523409412,21720314.0,,,,57.563,8.577,49.962,,8.089,15.4628347718716,32.0810894530806,48.9432260759283,36.6126533848851
TUR,1995,-0.99616690058046,1.63671354378767,7.878266878218,15.1179421068286,25.8570964356936,42.5802244876106,22.8801088517615,34.5396764798313,69.734,18.3238507569896,21599000000.0,24.0389369903416,0.377077718996453,17.6686297382878,89.1133172248499,30.799,35.9924804952774,22054066.0,,,,56.86,7.644,49.988,,7.324,11.4932219399825,34.0777811908923,44.8004640307402,36.930149779354
TUR,1996,-0.973371226633304,1.5070440949697,7.15779847930847,18.2453686997068,27.4847222842895,42.1630530806047,23.5102702736249,34.3266766457704,70.245,19.5581113911938,23245000000.0,24.642885719721,0.288376703171623,20.0896066432611,80.4121511388042,30.459,39.6477180344549,22434274.0,,,,56.436,6.629,50.172,,5.965,12.1491868936681,33.2559430925955,46.159891151826,37.258813768072
TUR,1997,-0.999933462545818,1.44522126567333,7.3578623747848,19.8437686199043,31.8793752282311,40.17236167515,24.781536770091,35.046111110129,70.668,21.4390354082889,26260000000.0,24.8723867638259,0.305135116508485,21.3220312744105,85.6693616499779,28.717,42.7610666826994,22467652.0,,,,55.297,6.841,48.958,,7.805,10.5914720419092,33.2224731022753,47.0972927038569,36.5818072410484
TUR,1998,0.724544822196581,1.39260558297453,1.90857064345151,21.8415385008609,30.2863787420054,39.5170834599997,24.4169894885646,36.0659131001166,71.144,20.6544822015948,26881000000.0,22.205994628538,0.340536066432393,19.7225065361954,84.6413434846314,29.177,40.3769887377902,23094059.0,,,,55.417,6.888,49.159,,6.807,12.4484631042041,31.0177716471483,48.6380952678038,37.2362028950065
TUR,1999,-0.360379399136068,1.33651905329422,-3.05277055759434,,,38.1787552353042,24.1843825594786,37.6368622052173,70.752,18.8307575753475,26587000000.0,19.9197261956537,0.305056291376802,18.8357467519768,64.8674876350757,29.922,37.6665043273244,23563397.0,,,,55.278,7.687,48.649,,7.586,10.4493651539506,28.2828588017996,52.5384242537272,38.3414769293985
TUR,2000,-3.61057524589502,1.28297648712556,6.98528697817062,39.410341350162,51.2,34.5627038720382,26.2681751143831,39.1691210135787,71.931,19.9334162657424,27775000000.0,22.3110247868039,0.357417831801301,22.4412584330653,54.9153705812683,26.509,42.3746746988077,22804910.0,31.05421106829,-8.3561302818723,3.7222153939578,52.576,6.495,46.704,,6.269,10.01837794564,26.8038683547198,52.7841421080474,38.2765698987349
TUR,2001,1.85959025093731,1.2442785656482,-5.45940838563062,43.941246323904,75.6,36.1225483899779,24.9818138839444,38.8956330228732,72.271,27.2970601933763,31334000000.0,18.0765435272869,1.65780492583561,22.6477228745251,54.4001887619074,27.088,49.9447830679013,23207086.0,32.298429726466,-11.642816597438,4.5788831220115,52.519,8.381,45.646,,7.472,8.77213969287109,25.5218513969355,54.9929413055269,36.2311540812221
TUR,2002,-0.259990521546323,1.20587153637377,6.43550883793114,40.923085147948,71.2,33.5004524942635,25.3413565064741,41.1581862598618,72.605,25.2651261294128,36059000000.0,19.6716408524051,0.449376588359619,22.8374839940274,44.964120947985,27.864,48.1026101234402,23537756.0,29.608634439805,-11.314450708144,2.2560366239216,52.515,10.358,44.442,,9.453,10.1712688801184,24.6318670867085,53.5798335907302,39.9306794764407
TUR,2003,-2.39510781690365,1.16094416683032,5.79909321038525,38.330813600951,63.6,32.498450061555,25.0508373590589,42.4507173635158,72.906,23.1946607252779,47253000000.0,20.9444240457006,0.539644361182156,23.1734946135067,21.6024384490573,26.545,46.3681553387846,23365651.0,30.778119556045,-7.5526940449058,4.1342663658379,51.327,10.542,43.236,,10.101,9.77425990072158,24.8432929751477,53.1447158950484,41.0040185793521
TUR,2004,-3.46160310805252,1.11548254617054,9.92540551918624,34.450699325748,57.0,27.7551771733255,27.2793407626019,44.9654919129034,73.223,23.8544386839448,63167000000.0,25.6417207426795,0.679008638958041,25.1390188595817,8.59826168115262,23.139,48.9934575435266,22775376.0,30.342090371879,-4.1086089538687,4.5966225573055,49.481,10.838,41.287,,10.992,9.30334217653319,25.1592284848331,53.0924442854082,47.4633806977544
TUR,2005,-4.12736838327371,1.06864181704433,9.11157745861635,31.985961130242,50.2,24.4026215551137,28.7768518642608,46.8205265806255,73.51,22.118798245903,73476000000.0,26.8770342277655,1.97338571270823,24.1900326387181,8.17916036802008,23.114,46.3088308846211,23212611.0,31.23995239296,-0.74600873728198,4.3164907585368,49.775,10.636,41.493,,11.188,9.1349746278064,25.2941440738888,53.0676190740982,50.280633706394
TUR,2006,-5.5679426761279,1.02715519431982,7.06762607623939,33.405939577481,44.2,22.7896056265476,29.213227576963,47.9971667964894,73.804,22.6756853295786,85535000000.0,29.0425348290191,3.60660172381881,26.2699913345528,9.59724212288446,23.426,48.9456766641314,23497202.0,33.188473796584,-0.21746578089737,4.5633059678689,49.805,10.227,41.54,,11.111,8.06197674009426,26.0949736856779,53.4630321736613,53.4265077331631
TUR,2007,-5.39177822047968,0.160856263475951,5.10818513903604,32.706210323862,37.1,22.24131439534,29.1970888257755,48.5615921023594,74.129,22.1875803331528,107272000000.0,28.5042444802335,3.21746696332257,25.8398878465602,8.75618090972632,23.449,48.027468179713,23635212.0,31.338305060275,-1.3679052635873,3.1666414282976,49.89,10.285,41.475,,10.98,7.41825141005247,26.4310925169888,54.9271377639359,54.9714287613873
TUR,2008,-5.0844969449165,1.26560336535681,0.920118221365883,33.478914260642,37.0,22.4412019453167,29.2665200496327,48.2922734358337,74.38,23.9213779600098,132027000000.0,27.3051055897033,2.56004537243285,26.8398720466583,10.4441283764885,24.331,50.7612500066681,24405474.0,31.349017291535,-2.1298969691067,1.9505117601421,50.629,10.965,41.745,,11.602,7.38022403324347,26.2111946844741,55.5939145088505,55.5522544432335
TUR,2009,-1.73697758122388,1.3803027157145,-4.88269401706633,36.965893819272,42.4,21.7915429760761,27.710364093047,50.4980929308769,74.679,23.7578595278795,102143000000.0,22.9623515725507,1.31290302296241,23.2812790453404,6.25097663090626,25.868,47.0391385732199,25413653.0,31.824157177126,-5.1417366421458,-0.86992113575845,51.725,14.026,41.164,,14.323,8.01952664747498,24.0534082630626,57.2740017785727,53.7189712942639
TUR,2010,-5.70254261669491,1.51943093763293,8.54219848467686,35.224994859151,38.6,22.4925355881987,28.6990495125983,48.8084234551382,74.964,21.5899457839207,113883000000.0,24.87828284324,1.16274364749147,25.3533908870685,8.56644420552976,27.445,46.9433366709891,26452690.0,32.231346958828,-2.9936479003234,0.44065844655481,52.754,11.879,43.007,,12.998,8.90737962747164,24.5086143505767,54.658291110913,53.280132810505
TUR,2011,-8.81351105932507,1.46777416449143,10.9799625273598,32.601637742034,34.8,22.9217284270958,28.9650366794661,48.113242934227,74.823,23.4903574412774,134907000000.0,27.9887488412804,1.91686136260632,30.1612264563406,6.471879671151,28.639,53.651583897618,27575358.0,32.249770570818,-0.35186717121595,2.118712939392,53.862,9.789,44.983,,11.291,8.1265846445357,26.8475365830986,53.1764169502883,54.0383581846156
TUR,2012,-4.72096418758118,1.27471801981307,4.80762696633448,33.95014037494,30.8,22.3508091104442,28.5007782275892,49.1484126619667,75.552,24.9658181147838,152462000000.0,27.3995231020684,1.55241965245755,28.3619431820769,8.89156996512163,29.361,53.3277612968607,28126488.0,32.173233032892,-1.7769073420478,0.6900611888951,54.03,9.21,45.357,,10.791,7.658344974583,26.6835564000517,54.0902575185714,56.6291680396844
TUR,2013,-5.12686124176872,1.28441474668,8.48825689298511,33.548639402668,29.5,21.7295159344578,28.8625238348854,49.4079602306569,76.171,24.403259811358,161481000000.0,28.7953288884594,1.40962960980578,28.6650931929463,7.49309030547693,30.644,53.0683530043043,29149709.0,32.34260309051,-1.206036312158,1.0558971912341,55.036,9.713,45.902,,11.925,6.64997261417217,27.7513691316392,53.3643455931878,58.9543139632593
TUR,2014,-3.40746259930754,1.3490889002021,4.60079447270559,32.501680506904,27.4,21.222512872229,28.9211378228255,49.8563381497761,76.452,25.8173246854016,166505000000.0,29.0843333155967,1.41530142282668,28.4894493558784,8.85457271364316,30.171,54.30677404128,29521920.0,31.538290999191,-0.96338950771258,0.98816570708958,54.824,9.901,45.511,,11.904,6.53828042868413,28.1981753928692,53.828575166833,59.4484345887451
TUR,2015,-2.46735825450658,1.33411577030414,5.80557386628684,32.422277230702,26.5,20.5502429665069,28.2848566246646,51.1649146782078,76.539,25.280784580735,150982000000.0,30.0119130355216,2.225752648523,26.5941406789482,7.67085364845885,31.416,51.8749252596832,30550902.0,31.910557892146,-0.51171933855688,1.3271518265723,55.684,10.304,46.014,,12.664,6.87689834308907,27.9632974104138,53.3668283175625,61.1390768750158
TUR,2016,-2.54530792537505,1.34542593504869,3.32366508200445,33.756152652427,27.0,19.6510699696138,27.8341440772129,52.5147859531733,76.595,23.6322024334399,149247000000.0,30.0433084585307,1.58873607703875,25.2379813745471,7.7751341532833,32.38,48.870183807987,31514194.0,32.079550644466,-1.6766020079612,-0.28567734940477,56.554,10.899,46.333,,13.743,6.26556196399699,28.3385128402288,53.6443880043807,62.7064170609764
TUR,2017,-4.06783613710293,1.29675571220462,7.82585730002594,32.426069520453,26.9,19.5336685744718,27.590605625973,52.8757257995552,77.037,26.5394989930636,164495000000.0,30.2598822010726,1.29532700760314,29.5961595228053,11.1443110840764,33.533,56.1356585158689,32535361.0,30.558955594762,-1.8671139256918,-0.54849356409085,57.545,10.919,47.063,,14.099,6.19642323537778,29.0347245862534,53.5617425067038,62.7262658548536
TUR,2018,-1.85233343060557,1.35360298648434,3.46815306092219,33.88552177852,28.8,18.5875285525291,27.7472550076012,53.6652229439553,77.454,31.7278536539697,177169000000.0,30.2954032645887,1.57923380202967,31.0972787311468,16.3324638988929,34.115,62.8251323851165,33302540.0,30.788574771684,-3.0969470068353,-1.6838516719127,58.068,10.956,47.382,,13.894,6.00418639185492,29.1851848904908,54.6144926867008,64.6636330884901
TUR,2019,1.9351600379275,1.42969688109789,1.30162365464503,34.835084984988,31.2,18.2798017789929,26.3899076640693,55.3302838988809,77.737,33.0298811646869,180833000000.0,26.4629293789655,1.22536076199392,29.548577767937,15.1768215720022,34.289,62.5784589326239,33686201.0,30.14460780862,-4.6904771763685,-2.9051910515209,58.056,13.73,45.681,,16.502,6.6541535628227,27.0679926930773,56.5329774818317,65.9572717659358
TUR,2020,-4.22284721473811,0.970386031353162,1.80306247087255,34.045690707937,38.3,17.7174904432592,27.3412119404712,54.9412870858126,76.525,28.7400043468285,169638000000.0,27.9506064917081,1.02531493703228,31.6498487704686,12.2789574462574,30.83,60.389853117297,31770146.0,29.410058632675,-4.6356320752615,-2.8579774558047,54.506,13.148,42.848,,14.976,6.89122590909685,27.7974533640579,54.5738221616136,68.2965154823905
TUR,2021,-0.74064931592423,0.910444902564511,11.811094450607,30.535606069118,38.9,17.1660738349434,27.5652955589248,55.2686306061318,75.722,35.0536332850518,225214000000.0,28.3920963280631,1.50891969619413,34.5552643235919,19.5964926913324,32.774,69.6088976086437,33490693.0,27.559543958488,-2.9760621106304,-1.2040032877934,56.89,11.969,45.212,,14.715,5.70488171636816,30.8205598235418,53.1953606066903,69.0003853252801
TUR,2022,-4.99763806227356,0.984586244469359,5.44122511322401,26.772006578549,29.4,15.6680732596853,27.7083224176469,56.6236043226678,77.591,38.1412107474416,254170000000.0,30.5449887042516,1.48839623728753,41.7570614839925,72.3088359891207,35.018,79.8982722314341,35081594.0,25.676256344831,-1.0957502337174,0.046261545910824,58.925,10.465,47.503,,13.467,6.69360961922604,30.890102398727,52.1784720579494,71.0170377182917
TUR,2023,-3.63367003503212,0.406389351118662,5.04512369812289,32.693438724556,28.2,14.6426868701889,27.5933277392277,57.7639762862523,77.156,31.9135926809724,255627000000.0,32.8740322550634,0.933806495534912,33.7696157928943,53.8594087593315,35.764,65.6832084738667,35554975.0,27.501322139231,-5.1921165853244,-3.5007289586637,59.364,9.388,48.308,,12.719,6.38984597795627,28.1932800305474,54.3519824455967,72.5425072775332
TUR,2024,-0.766008235540632,0.225580501096507,3.3276230893799,32.870649902156,23.6,14.5510565552189,27.3689972281004,58.0799462166807,77.421,27.5682232095509,261778000000.0,31.3157272627937,0.860701598247461,27.0305829100406,58.5064507300342,36.786,54.5988061195916,36409307.0,28.360477929244,-4.5101719729118,-2.5415561235134,60.398,8.8,49.43,,11.926,5.82042467876951,25.5035682450148,57.5212773580131,72.1472218655023
URY,1980,-6.97725668083814,0.40903975932411,5.84340090113461,20.182421586916,,,,,70.505,15.032970370049,1059000000.0,16.7259554900004,2.84856269793068,20.6314259685046,63.4758304314673,,35.6643963385536,,,,,,,,106.570103796764,,,,,
URY,1981,-4.1762075674225,0.38183039050652,1.55955982937495,23.7697906883134,,,,,70.952,15.2041124379445,1215000000.0,21.7284147323226,0.43988662283644,19.0313464376761,34.0453358609474,,34.2354588756206,,,,,,,,121.260964269025,,,,,
URY,1982,-2.55589520646572,0.412411436806429,-9.75787146088504,27.7854017916476,,,,,71.528,14.3258672173782,1023000000.0,20.425663767619,-0.149257306363985,17.2907915980833,18.9925012952182,,31.6166588154616,,,,,,,,126.589575390455,,,,,
URY,1983,-1.22690337048756,0.445520473619639,-10.274399195032,24.6392428518487,,,,,71.595,25.6888736851108,1045000000.0,13.6834003249808,0.109754932141214,23.6038655605918,49.1973796505637,,49.2927392457026,,,,,,,,78.9811453028949,,13.401180193278,33.1406254454232,58.6265286923801,
URY,1984,-2.66172475187141,0.457667008298166,-1.142617449752,24.4964883288577,,,,,71.708,26.5806208870658,934000000.0,10.955528668811,0.0700996428364859,21.3754537138136,55.3044235418763,,47.9560746008794,,,,,,,,77.2065142053596,,14.6280284474872,34.4121639566796,59.571148227934,
URY,1985,-2.07099809472875,0.483394564540091,1.46653602887281,23.8681184610756,,,,,71.861,26.7565263896781,909000000.0,9.63081191295919,-0.166947805595481,21.1000434535548,72.2225644287756,,47.8565698432329,,,,,,,,74.0053922882085,,13.5951131463716,35.9475799712538,58.8296369956881,
URY,1986,0.711891106621491,0.522589894361019,8.80980829469384,24.1308598246503,,,,,72.187,26.215089241495,1088000000.0,9.89388499509798,0.629239630793004,20.2686509839418,76.3806364119544,,46.4837402254368,,,,,,,,72.3293860102929,,12.6518194753433,36.2261061554339,56.7978626513141,
URY,1987,-1.91014744585118,0.560636879371842,7.99313720510438,23.1448446373588,,,,,72.196,21.6486953004817,1189000000.0,11.393099862055,0.680014119499354,19.2059496898043,63.5666624326724,,40.8546449902861,,,,,,,,70.1809166315768,,13.7118635090988,35.8328337943536,53.0841416235137,
URY,1988,0.26955495921193,0.590567988250426,1.48093746177193,22.4398061407772,,,,,72.408,22.0578881217247,1405000000.0,13.5818958769087,0.569790970691884,17.7359250508811,62.1919564596004,,39.7938131726058,,,,,,,,67.5307563707231,,12.3494750240354,34.2005106956403,57.2962269039951,
URY,1989,1.58159459002142,0.59452102052382,1.1039010238153,22.87255219339,,,,,72.628,23.4938691449652,1598000000.0,12.9528274118095,0.446737963915544,17.6996927371158,80.4474367280735,,41.193561882081,,,,,,,,68.8061136678891,,11.548673992878,33.6701709298828,60.9051998525016,
URY,1990,1.99907346180948,0.5863044602648,0.297348378681562,21.9130325715206,31.5959630364015,,,,72.994,23.5321233746953,1693000000.0,12.1393050929548,0.446723931376437,18.0963487443961,112.525905573023,42.569,41.6284721190914,1321435.0,,,,65.912,,,63.1418179646077,,9.20845767653624,34.6424446889034,61.5299011743381,
URY,1991,0.37863047604701,0.576577815081659,3.53880850451309,23.3610469711841,24.5905757591411,12.8117745798448,24.7118789789359,62.4764283228593,73.198,20.6936682982543,1605000000.0,13.4362552126713,0.288590845990109,17.8612364424549,101.971683202507,43.438,38.5549047407092,1341324.0,,,,66.39,8.95,52.372,71.8537449908762,11.654,8.49783072201469,35.5486582037345,60.2945084113922,76.6693965989772
URY,1992,-0.0681775008401581,0.554068643934089,7.93158841395443,25.032102625511,23.6047773194107,12.2452288289544,24.8231405950193,62.9316305760262,73.185,20.4475748164263,1703000000.0,14.2000538635604,0.0877455306940531,19.6254688128265,68.4591938395374,44.441,40.0730436292529,1355016.0,,,,66.599,8.96,52.439,76.9503479602923,12.0,8.81564371126246,32.7821761160779,61.3610794419743,76.8086711714065
URY,1993,-1.62503515644754,0.528682164061756,2.65754610698545,28.8880460014056,21.8791430371302,10.8727081713834,24.8568064504588,64.2704853781578,73.147,19.1260158469537,1645000000.0,14.7544223488478,0.676570279254381,19.5589509120047,54.1007924425194,43.425,38.6849667589585,1341848.0,,,,65.68,8.35,51.865,90.7218459083716,11.047,7.36675786246185,29.6644392990948,68.4640499937742,76.9761815331866
URY,1994,-2.50821351284002,0.52104822142472,7.28134264410127,30.1734587562912,24.5301880718095,11.7295487117651,23.4402419208528,64.830209367382,73.162,19.7668103889187,1913000000.0,14.5450389274491,0.884140971329644,20.3820233306016,44.7360421521933,45.002,40.1488337195203,1387677.0,,,,67.528,9.04,52.857,99.1219900262698,12.016,7.92533605710963,27.9965971554285,67.0636133887153,77.1412202807219
URY,1995,-1.10116960243742,0.522015798423953,-1.44759896894408,27.1039553484046,,12.8718960152408,22.1591184362903,64.968985548469,73.493,18.9968128121984,2106000000.0,13.5269484675438,0.811497222313885,19.1008620303303,42.2483197983755,46.26,38.0976748425287,1422234.0,,,,68.691,10.02,53.259,102.530338849681,13.045,8.61611136382544,28.9189850058435,65.5281827389675,77.2756704364441
URY,1996,-1.1376787138155,0.527975679567825,5.57795776385868,27.8050541999224,,12.382844875398,22.1304784041976,65.4865988247098,73.812,19.6699797975865,2397000000.0,13.9626307506779,0.666814258997262,19.8584566577024,28.3420486004309,47.069,39.5284364552889,1457667.0,,,,70.094,11.93,53.115,103.618147156264,15.637,8.01605820451305,28.5454956882233,66.3154938989998,77.4340829585207
URY,1997,-1.19901179230843,0.529453063948236,8.54768320111596,26.3155947200091,,11.8406162186167,22.2154927528464,65.9438910285369,73.92,17.457847722398,2726000000.0,16.0338535259841,0.472262125571725,20.248549358309,19.8188093183779,48.165,37.706397080707,1474748.0,,,,70.715,11.44,53.72,107.217076983051,15.027,6.55147000680854,23.5236979088515,61.9183074640872,77.5315303163148
URY,1998,-1.87308798948415,0.493144265488424,4.51889009679091,26.0815853642404,,11.4567399723661,22.2721906796335,66.2710693480004,74.029,16.4199105812284,2771000000.0,16.3831049070082,0.646422164194213,19.2201048194672,10.8110703055616,49.256,35.6400154006956,1491601.0,,,,71.311,9.362,55.297,109.098960406071,12.341,6.82374487122373,23.4060788967735,62.155883405257,77.5883602301814
URY,1999,-2.11641577716128,0.45385356103469,-1.52094591992036,27.221858155807,24.1,11.2409674257448,22.2557310781341,66.503301496121,74.293,15.0976530821748,2237000000.0,15.2379159103106,0.981072955803878,18.2887958647279,5.65868803927908,48.431,33.3864489469027,1469921.0,24.4612370975,-2.760621058307,-1.1428027214432,70.191,10.466,53.536,114.520443722045,13.697,5.81525119210805,23.3221437951584,64.1208428822876,77.1173928767164
URY,2000,-2.48133850696421,0.373944815859448,-1.92993063549235,26.564274619633,30.5,10.9219910583793,22.0991709827004,66.9789149621991,74.693,16.6980989454195,2295000000.0,14.3185446156428,1.15156587871402,20.0156392053707,4.76382472733251,48.986,36.7137381507902,1486319.0,23.806047495581,-2.7582271240515,-0.8806973632901,70.699,12.627,52.567,113.433434562012,15.897,5.99419379958816,22.0452037217921,65.3222562241522,77.8524790302465
URY,2001,-2.38113794693639,0.246007398484151,-3.84412995940374,27.816959686252,39.4,11.1931748087836,21.1852331606218,67.6215149272144,74.987,16.8046592733471,2060000000.0,13.6566726025144,1.48526947201505,19.5048533701585,4.3593406521727,51.226,36.3095126435057,1526779.0,24.964731802765,-2.8522278834866,-0.63902439867138,72.199,15.052,52.289,110.672061409394,19.842,5.5867032330245,21.9351337396218,65.9101028907415,76.024985248631
URY,2002,2.80710265957685,0.140879525241248,-7.73200721540044,27.598366108151,90.1,11.2632631699117,19.9561364721697,68.7806807529477,74.979,20.6216724821799,1861000000.0,12.3532722105302,1.32180928215272,19.40739482538,13.9724725913515,49.597,40.02906730756,1492289.0,24.411879532882,-3.1864865752693,0.41449621649011,70.79,16.648,49.987,94.075133641407,21.018,7.52965904535852,21.8623288483766,63.9198443320638,76.3180156114756
URY,2003,-0.724417111042172,0.0707006512477159,0.805283915893824,27.730740201594,91.9,11.9762894714582,19.0078698914027,69.0159219712793,75.086,27.4324201365808,2206000000.0,12.5207242251677,3.34326299269857,24.3267794460664,19.3797301743995,49.312,51.7591995826472,1475293.0,25.537080858092,-2.193659343502,2.9770102986322,69.887,16.661,49.264,73.6490130883319,20.831,9.63878300629108,23.0937944115791,59.0093214071737,76.6304582517106
URY,2004,0.0228310712848396,0.0597775816533495,5.00416035564457,26.612322850678,73.7,12.8751652956961,19.058343015765,68.066414537689,75.319,32.1122956028892,2931000000.0,14.3674894654533,2.57711736584849,29.364392483135,9.15760507540997,49.088,61.4766880860242,1489512.0,25.744223730581,-0.86809912009667,3.7043598240378,70.077,12.98,51.763,72.4865421333666,16.644,10.9967908719866,22.4348058065943,56.273519277708,75.2075414663092
URY,2005,0.243497121353953,0.0798609372229262,7.4601321302473,26.273706943626,66.2,12.1517223140898,19.4242893098585,68.4239123826662,75.829,30.4040198202399,3422000000.0,16.5474574137668,4.76089085880271,28.4736765053376,4.6992773903564,49.866,58.8776963255774,1495508.0,25.997968679704,-0.27573826392227,3.7821008487134,70.326,12.009,52.367,81.1079108931444,15.278,8.74583674336276,23.7753368710773,56.7126964200122,76.2496016936795
URY,2006,-1.98506902354451,0.113607393322573,4.09857735445401,26.826783222012,61.1,11.6898796606826,19.471870012016,68.8383220645994,75.888,30.2975044020751,3989000000.0,18.2369877479984,7.64053554410063,31.6740701145125,6.39764974385131,51.624,61.9715745165876,1563527.0,26.18389074009,-0.64289248192214,3.3866452767896,72.667,10.844,55.26,81.7130705969466,14.234,8.91384522998833,22.8965222038345,56.7931196789588,73.7360864738374
URY,2007,-0.926356077597875,0.171519933968135,6.54151084504817,26.752360658332,52.8,11.6247392259455,19.950878596157,68.4243821778975,76.15,29.0904872479399,4518000000.0,18.5776877721605,5.70951115694377,30.1199605894696,8.11464561179313,53.467,59.2104478374095,1617437.0,26.595612220893,-0.15674843743851,3.4148922759266,74.445,9.403,57.816,81.3944861143511,12.756,8.49936418864264,23.644048640083,56.8756501677862,73.2762255895901
URY,2008,-5.55595054569104,0.212934707039678,7.17614466455107,26.292360154514,46.2,11.5242716245928,19.8232378788545,68.6524904965526,76.275,30.2030239718046,5942000000.0,20.5533368844523,6.88302281006264,35.0050710353775,7.87707374730888,54.437,65.2080950071821,1630866.0,24.986962949406,-1.3053972051083,1.3816243389598,74.505,8.025,58.869,88.1874927812082,10.94,9.16892403649034,22.7673513144942,57.6398268194825,73.3822515360378
URY,2009,-1.16571403141018,0.239373352045262,4.24349419462426,27.193433619152,46.2,11.9174856373928,19.2570963854241,68.8254832988761,76.67,27.0992157546178,5405000000.0,18.7448197710682,4.89964589428753,26.2952035137558,7.06221874388574,55.16,53.3944192683736,1659322.0,25.799732272599,-1.3937013465538,1.1188242428393,75.317,7.74,59.732,90.0179761411202,10.455,7.88699609562802,24.0794070442123,58.374156373453,73.3807077496398
URY,2010,-1.74215679383919,0.256129913246022,7.8034096507169,27.400295739279,40.9,12.5775907212088,19.670003105578,67.7524061732133,76.691,26.3429945409681,6724000000.0,19.0701045232462,5.22300143125049,25.3560426602576,6.69870886978132,54.909,51.6990372012256,1657841.0,27.013008347069,-0.38728739220992,1.8001500918386,74.966,7.158,59.683,100.0,9.452,7.20206450749149,24.5288557176886,58.2442690748379,74.1266606482599
URY,2011,-2.61132861090732,0.248141512237734,5.16213302463606,26.328640521608,41.3,10.6787477497518,19.0714490009179,70.2498032493303,76.614,26.4221494211811,7912000000.0,19.1185676352051,5.34359480768242,26.8248845897207,8.0928320630299,56.842,53.2470340109018,1712840.0,25.99484929864,-0.33379122296766,1.8398316035682,76.951,6.307,61.853,102.11218626522,8.084,8.82916199856249,22.7051202439987,58.2909901542234,74.4116204606695
URY,2012,-3.75505695244851,0.257451630638359,3.53817872056869,27.678100963186,49.8,9.408157357515,19.4043834195395,71.1873964286365,76.691,25.9196294244279,8709000000.0,22.153383549043,11.7901578728278,29.1415247389489,8.09776580573602,56.492,55.0611541633768,1702318.0,25.505344401692,-2.1727565614934,-0.11494217649663,76.236,6.451,61.015,104.864160382826,8.291,8.12177248512393,22.8622289256151,59.3390519472429,75.6917750141323
URY,2013,-3.28720935568054,0.297452387025821,4.63753862902416,28.826561117742,50.0,10.1472461744312,19.8101390208327,70.042614804736,76.953,23.3531364247538,9067000000.0,21.8425032313125,1.60901257578737,26.3647100498695,8.57513504005397,55.333,49.7178464746233,1702341.0,27.104592120333,-1.7219689974088,0.41886481624854,75.976,6.444,60.665,111.107490699597,8.224,7.61620062705491,23.6692403427945,59.1028562755059,75.9664301732692
URY,2014,-2.98942522248203,0.328187100513488,3.23879122952364,29.095604738388,51.1,9.98193915414218,19.2804450743595,70.7376772866409,77.194,23.5426616139817,9132000000.0,21.4381228100328,6.6430584199945,25.5449624492357,8.87735333229828,56.899,49.0876240632174,1739488.0,26.495905846007,-2.5996988923811,-0.5000381219726,77.03,6.547,61.561,106.815891506203,8.352,6.73546217242537,24.7006411459084,59.0956557074816,76.3934294181858
URY,2015,-0.255015059040964,0.347483697847475,0.370741257681345,28.350988040584,57.8,9.63788663994003,18.7741473675765,71.5880286722176,77.285,22.4778512515741,7688000000.0,19.7862365239738,4.6342339444993,22.8503895571793,8.66626987079328,56.3,45.3282408087534,1724536.0,26.494087204264,-1.8569008363195,0.24634139763126,76.036,7.488,60.072,107.318260592321,8.849,6.13144194290358,25.4417580545225,59.3254707453324,75.9250004913122
URY,2016,0.825062149663386,0.333941294134426,1.68979822971775,29.667966646308,56.4,8.9884142591025,18.4007753176299,72.61074753248,77.351,26.9316806727536,7043000000.0,16.9436084371053,-0.897082488190792,21.5388546346978,9.6394134763508,56.341,48.4705353074514,1725328.0,26.986566883822,-2.6813997624864,-0.2590090397614,75.801,7.841,59.546,108.754324657742,9.447,6.67871972637662,18.867314407332,63.5189623767859,75.5818037743484
URY,2017,0.011326168182089,0.270549143036717,1.74037649141989,29.72745125034,55.8,9.54741034047347,18.0837188063309,72.3688708531956,77.618,25.9311643679828,7888000000.0,16.2395115128741,4.13270730118374,20.4467992519014,6.2180938256186,56.059,46.3779636198842,1721302.0,27.217151511328,-2.510299739012,-0.15538857579669,75.434,7.89,59.056,115.669307312177,9.474,5.40639556316395,18.0318920926077,65.3591339101715,75.7542152282323
URY,2018,-0.459786698499486,0.179744266709225,0.164777608846705,30.342160825037,57.9,9.12915143205363,17.5819495226488,73.2888990452976,77.527,26.4215937509495,7498000000.0,14.7561349166147,2.64222389301977,21.3697515949613,7.60653360377047,55.954,47.7913453459107,1718627.0,28.454606221472,-1.8875546035652,0.51676941439366,74.976,8.336,58.371,117.454966809883,10.074,5.82386636841924,18.3333886196793,64.7307517100166,75.7625469010071
URY,2019,1.29076830125487,0.0786838170441181,0.928351027546341,30.585422894906,59.6,8.93794885483685,17.4354282918463,73.6265591464296,77.503,27.9053781710424,7680000000.0,14.4910308809241,2.35703298196688,21.8394879014241,7.88198870879619,56.002,49.7448660724665,1721844.0,27.871529158277,-2.7138937366288,-0.49040116328233,75.106,8.836,57.883,113.73141238146,10.64,6.50279444770078,17.5601662582646,64.8832641479485,75.7679074882715
URY,2020,-0.64129448995452,0.0518527053450753,-7.35732706897301,32.788238054771,68.2,9.09730045996532,17.4056963853548,73.497070175709,78.381,26.1882518426767,6864000000.0,15.4357194509584,1.81750761000671,21.5435812775797,9.75640636078194,54.231,47.7318331202564,1665492.0,28.152322040966,-4.6359160138043,-2.0765910859399,72.776,10.413,54.741,108.50476422183,12.442,7.20670354093992,16.9555924420746,64.6189946355105,75.1341273613894
URY,2021,-2.43351228613427,-0.0668956092956434,5.84427325018082,30.215011026749,64.1,8.99426583751583,17.8509450986625,73.1547890638217,75.434,32.9446025347538,9535000000.0,17.6712024809258,8.50404500730576,25.370452971577,7.74791402314762,56.034,58.3150555063308,1721005.0,27.600825237438,-2.6141857893112,-0.62032503119309,74.973,9.328,57.021,106.206741333508,10.958,7.73427066102582,17.7321656238754,63.3790309374839,74.5304358448364
URY,2022,-3.5174343179116,-0.170369337727093,4.60623000920732,29.724043137058,59.4,8.68558650152504,17.9844440994255,73.3299693990494,76.468,32.8913380602583,11184000000.0,18.9254857264037,12.367138051104,27.3113447733942,9.10437983075437,55.656,60.2026828336525,1733922.0,27.225830232134,-2.4982129049244,-0.49581864034278,75.346,7.877,58.204,117.998374596183,9.05,6.86639189064101,17.6864566660945,63.9209960397954,74.5946654704807
URY,2023,-2.95412894360151,-0.0835522251458198,0.761749241321681,30.054666319359,63.0,8.56640858566501,18.7931621310847,72.6403679570717,78.138,27.9812486565884,9220000000.0,17.298881728724,-6.62564746176161,24.3460621821134,5.86910359896119,56.518,52.3273108387018,1779292.0,26.96831113044,-3.0863551889193,-0.9797952014355,76.681,8.355,59.188,127.497695300062,9.46,6.01413612088737,16.8783176860769,65.7540601516718,74.2508958233004
URY,2024,-0.756844684468695,-0.0440759548302792,3.32575905957381,30.627535017371,67.6,8.31014111526109,18.7723141837066,72.9175447010323,78.287,28.2349014551456,10253000000.0,16.3094353014272,-4.78198682520397,23.2233223003309,4.84914366613156,57.264,51.4582237554765,1799101.0,27.463579105676,-3.1639559116951,-0.950765759108,77.398,8.209,59.681,128.744634106608,9.406,6.38000773071403,17.1676848420611,65.0612263367713,74.3295480062875
VNM,1980,-1.6,2.14104273585666,-3.5,,,,,,65.338,,338000000.0,,,,,,,,,,,,,,,,,,,
VNM,1981,-4.2,2.34984106682984,5.8,,,,,,65.779,,401000000.0,,,,,,,,,,,,,,,,,,,
VNM,1982,-2.6,2.3415408609404,8.2,,,,,,66.212,,526000000.0,,,,,,,,,,,,,,,,,,,
VNM,1983,-1.9,2.38294420928097,7.1,,,,,,66.545,,616000000.0,,,,,,,,,,,,,,,,,,,
VNM,1984,-1.6,2.3994454491251,8.4,,,,,,66.929,,649000000.0,,,,,,,,,,,,,,,,,,,
VNM,1985,-5.0,2.32020926228808,3.80585566810947,,,,,,67.192,,698000000.0,,-0.000567589726125444,,,,,,,,,,,,,,,,,
VNM,1986,-3.4,2.15476237596871,2.78929157479443,,,,,,67.55,6.62253929883139,789000000.0,,0.00015187979966611,16.5961550250417,,,23.2186943238731,,,,,,,,,,38.0634390651085,28.881469115192,33.0550918196995,
VNM,1987,-2.6,2.030063573031,3.5834696313072,,,,,,68.005,6.0014283728223,854000000.0,,0.0282712448214878,14.7971782020906,,,20.7986065749129,,,,,,,,,,40.5574912891986,28.3623693379791,31.0801393728223,
VNM,1988,-2.6,2.02305132101298,5.13501167157808,,,,,,68.585,3.94529822568093,1038000000.0,,0.030207899995773,15.0051888612192,,,18.9504870869001,,,,,,,,,,46.2970168612192,23.9623865110246,29.7405966277562,
VNM,1989,-7.3,2.0539568975987,7.36451289395819,,,,,,68.805,23.8493577901968,1946000000.0,,0.0646719015911437,34.0551043647884,,,57.9044621549852,,,,,,,,,,42.0674189299826,22.9380984586908,34.9944826113267,
VNM,1990,-3.2,2.09368868105156,5.10091813908369,,,,,,69.027,36.0386136391372,2404000000.0,,2.78132276010011,45.2770843017519,,74.736,81.315697940889,31496153.0,,,,83.284,,,,,38.73674174711,22.6742938863068,38.5889643665832,
VNM,1991,-1.4,2.09563784726273,5.96084393218912,,,73.9942675327389,7.2900726130436,18.7156598542175,69.303,30.9150393380004,2087000000.0,,3.90279682064747,36.0319130561748,,74.622,66.9469523941752,32320532.0,,,,83.163,2.14,76.391,,1.88,40.4891339773424,23.7944385779655,35.7164274446921,14.5113169528782
VNM,1992,-0.1,2.02528655896492,8.64604745934572,,,73.0390297362794,7.77432495991841,19.1866453038022,69.62,34.7455958184055,2581000000.0,,4.80334781572863,38.8312893080737,,74.411,73.5768851264792,33115526.0,,,,82.918,2.109,76.227,,1.853,33.9385879202403,27.2635978721094,38.7978142076503,14.8964892387681
VNM,1993,-8.3,1.92400355460531,8.07273065739605,,,72.0678409679883,8.28524828930696,19.6469107427047,69.957,28.7227826669423,2985000000.0,,7.02759252660212,37.4894844843075,,74.235,66.2122671512498,33938919.0,,,,82.702,2.037,76.126,,1.791,29.8699539420211,28.9003122816524,41.2297337763265,15.47561002291
VNM,1994,-9.0,1.80580242039077,8.83898095245374,,,70.9756690120277,8.86626225576017,20.1580775336605,70.379,34.0131286444039,4054000000.0,,11.9394828586715,43.4600692982849,,74.035,77.4731979426888,34771003.0,,,,82.469,1.972,75.996,,1.735,27.4278288729318,28.8684508272934,43.7037202997748,16.2244186369335
VNM,1995,-10.0,1.67325494682511,9.54048017491264,,,69.8798599146647,9.60198691763914,20.5181531676961,70.871,32.8128553339566,5449000000.0,25.421159324048,8.58596585460392,41.9084105866522,,73.806,74.7212659206088,35609733.0,,,,82.218,1.955,75.804,,1.72,27.1826887789875,28.755919822449,44.0613913985635,16.64585048493
VNM,1996,-8.19224337661192,1.52407678637018,9.34001749939179,,,68.8158556148821,10.4119570771189,20.7721845119533,71.296,40.8684874244585,7255000000.0,26.3189430810628,9.71308063712156,51.8372593774353,5.67499999999992,73.585,92.7057468018939,36468498.0,,,,81.99,1.93,75.625,,1.699,27.7588260377303,29.7298886912026,42.5112852710671,17.1099225412217
VNM,1997,-5.69221074168667,1.45262124184775,8.1520841433542,,,64.2522198359702,12.2887907632106,23.4589894008192,71.67,43.1027067530124,9185000000.0,26.6989347082325,8.2700967582097,51.2417773154392,3.20952606261375,72.532,94.3444840684516,37016863.0,,,,80.926,2.87,73.955,,2.548,25.7717067944634,32.0751347955985,42.153158409938,18.2674420924225
VNM,1998,-3.94713600744563,1.43491495510774,5.76445545848843,16.016707132269,,63.6380879452189,11.2393214421041,25.1225987543557,72.283,44.8483033762953,9361000000.0,27.0211652082866,6.14121440264586,52.1529451355476,7.26619804400963,71.824,97.0012485118429,37710949.0,15.917664853867,-0.099042278402735,0.34817505799728,80.037,2.29,73.602,,2.159,25.7807804064629,32.4912677242346,41.7279518693026,21.3085936282946
VNM,1999,4.10338164918913,1.30328491482511,4.77358688344989,16.70233202676,,63.8986920500782,11.633984211904,24.4673290727892,72.575,49.9662459731661,11541000000.0,25.7034770041656,4.92266345680124,52.8211606307915,4.11710235771736,71.181,102.787406603958,38384112.0,15.456406625799,-1.245925400961,-0.7876879411797,79.14,2.33,72.773,,2.406,25.4344379935091,34.4947517390022,40.0708102674888,18.5548099627797
VNM,2000,3.54799694298148,1.12950984166849,6.78731640463151,17.788288988226,24.8,64.2067524636564,12.0662187889969,23.7270313848897,72.746,53.9214970089166,14483000000.0,27.646803095692,4.16392407955693,57.4955974105958,-1.71033727851111,69.974,111.417094419512,38790735.0,16.182990019073,-1.6052989691533,-0.9786581584885,77.911,2.26,71.734,,2.144,24.5345819955349,36.7307753268455,38.7346426776196,18.458847884301
VNM,2001,2.08657136826562,1.05123747397877,6.19289331233377,19.192093103842,25.4,62.9605481381699,13.4973543819823,23.5421050952189,72.984,55.0619332820827,15029000000.0,29.1507287630248,3.97733545270572,56.8940047164421,-0.43154451172818,71.493,111.955937998525,40511879.0,16.999856489508,-2.192236614334,-1.4583274394973,79.567,2.76,72.844,,3.259,23.2410475903552,38.1294216644677,38.6295307451771,20.476479803629
VNM,2002,-1.72255927072095,1.02445055878013,6.32082099160833,19.747187924117,27.7,60.9875981634439,14.2644746609775,24.7479271755786,73.138,54.7391336880928,16706000000.0,31.1384532684289,3.99268705133996,61.9577349644058,3.83082838168468,70.833,116.696868652499,41102232.0,17.89233347754,-1.8548544465773,-1.0713408786381,79.011,2.12,72.838,,2.327,23.0294421776834,38.4866787864761,38.4838790358405,20.2541539773554
VNM,2003,-4.88211706972335,0.999847904782733,6.89906349055258,22.196059290936,29.8,58.611476135845,15.9419360062358,25.4465878579192,73.236,56.6732579147533,20149000000.0,33.3540361533182,3.66601229989583,67.6546965243715,3.23464817293925,70.353,124.327954439125,41746162.0,19.637509665141,-2.558549625795,-1.7375223154491,78.64,2.25,72.429,,2.629,22.5424367056108,39.4700078083864,37.9875554860028,21.0651631549746
VNM,2004,-2.10663701040253,0.969589431962946,7.53641060890386,19.440600168548,29.4,56.8148843283668,16.8415132468136,26.3436096365078,73.062,59.7310414143857,26485000000.0,33.2539734687344,3.54408107288199,73.2854564543616,7.75494748709606,70.098,133.016497868747,42508994.0,19.291051110835,-0.14954905771315,0.57977788222338,78.485,2.14,72.402,,2.433,21.8076993514673,40.2087495299221,37.9835511186106,24.2955107311736
VNM,2005,-0.971989162897001,0.928402391177897,7.54724772895918,20.625451258224,28.7,53.7047452068858,18.2306495423517,28.0646122914701,73.198,63.6994926701393,32442000000.0,31.2735981689298,3.39040363930871,67.0153533748869,8.28457243128667,70.381,130.714846045026,43513617.0,19.671525463582,-0.95392579464179,-0.38340928931643,78.726,2.078,72.704,,2.241,19.2999788840494,38.1311399002846,42.5688812156661,24.7615576967845
VNM,2006,-0.246704373698266,1.32258336381927,6.97795481056711,20.533837246808,30.2,50.5289801091515,19.5708016119931,29.900225117951,73.293,67.7168143260187,39826000000.0,31.363976770146,3.61600090432522,70.5968075435795,7.41801715108469,70.727,138.313621869598,44781401.0,20.734417116306,0.20057986949803,0.7915024766462,79.043,2.046,73.07,,2.083,18.7267854535521,38.5847310338981,42.6884835125499,25.2327122232266
VNM,2007,-8.98165936412439,1.76779845772365,7.12950448605439,22.296634999819,32.2,49.2835644508915,20.3881132940118,30.3283222550968,73.385,70.517874602272,48561000000.0,35.1069043263026,8.65471771434805,84.0875093942823,8.34444889773847,71.138,154.605383996554,46296491.0,20.557939536029,-1.738695463791,-0.93897385815054,79.437,2.026,73.511,,1.935,18.655099701709,38.5116248479069,42.8332754503841,25.7065104580914
VNM,2008,-10.9179529896098,1.82745521345807,5.66177120891362,21.380004971112,31.0,48.5137210815112,21.0771358253329,30.4091345807313,73.455,70.3366919402715,62685000000.0,31.8052012101133,9.6630390545572,83.9807876874868,23.1154483474477,71.55,154.317479627758,47894666.0,20.932817886528,-0.44718708458459,0.36814238242774,79.956,1.889,74.159,,1.764,20.4131439246507,37.0776963788801,42.5091596964692,26.6864775712474
VNM,2009,-6.23310024019381,1.49648723830416,5.39789754014181,24.974788159096,36.2,47.5525771385783,21.8479630251233,30.5994639675695,73.525,62.6088840664865,57096000000.0,33.857133934242,7.16881988884276,72.0974336552711,6.71698269988631,71.906,134.706317721758,49267257.0,20.15049329593,-4.8242948631662,-3.9323032702926,80.373,1.737,74.718,,1.577,19.1684598670425,37.3881863793419,43.4433537536156,27.676435140376
VNM,2010,-2.90486815229253,1.14440259659988,6.42324482239482,23.7205912605,37.3,48.7073170030533,21.6785952420111,29.6140897652962,73.611,54.1758459668515,72237000000.0,35.1596865348136,5.4347392933443,59.8018415728627,9.20746648778413,71.731,113.977687539714,50303014.0,21.469685722509,-2.2509055379908,-1.3238451770211,80.531,1.114,75.418,,1.078,15.3750906872381,33.0228771360005,40.6273720032231,28.1337398953577
VNM,2011,0.136736251193688,1.15183406119192,6.41316889681683,21.223818928346,36.2,48.3142512169317,21.2757181730152,30.4100306100531,73.713,61.1801557211956,96906000000.0,30.5694066495721,4.30487434902161,64.0804222196337,18.6777322770706,71.715,125.260577940829,51197726.0,20.322863054064,-0.90095587428237,-0.059515233418538,80.596,0.999,75.609,,0.905,16.2591484896283,34.580408780539,38.9070145300747,28.8424113569106
VNM,2012,4.82078231422777,1.1709874078049,5.5045447041189,23.466463095332,38.3,47.3667761338807,21.1899640109416,31.4432598551777,73.762,63.4739249038633,114529000000.0,28.6527327899415,4.27832287681174,59.7501918421214,9.09470339557193,71.983,123.224116745985,51916391.0,18.004198465243,-5.462264630089,-4.4832187950663,80.576,1.027,75.539,,0.934,16.199507640393,35.8602323946766,39.1188401087315,29.2474518285275
VNM,2013,3.62409015316054,1.1802975549343,5.55351081026072,24.457023476102,41.4,46.813420117302,21.1832292145355,32.0033506681625,73.821,66.8004459919109,132033000000.0,28.3027845322716,4.16454517277325,64.0459088748316,6.59267475899192,72.906,130.846354866743,53209344.0,18.492997678345,-5.9640257977573,-4.7550815952486,81.519,1.316,76.217,,1.141,15.2156122465127,35.575150437736,40.542010129242,29.5368195011334
VNM,2014,4.00897026449707,1.21423463554626,6.42224312118567,22.754927927582,43.6,46.3357632626857,21.4461042822337,32.2181324550806,73.886,69.5985759502054,150217000000.0,28.4047020277577,3.94086189051961,65.8119455041556,4.08455446637625,73.059,135.410521454361,53885546.0,17.738238931503,-5.0166889960786,-3.6649050830285,81.696,1.256,76.335,,1.109,14.8803489262722,35.2985684880333,40.9236092881482,30.6856265045215
VNM,2015,-0.853052854546214,1.23975403093124,6.98715430598611,24.173593582387,46.1,44.0184515218041,22.7436707500954,33.2378777281005,73.955,72.9228518369495,162065000000.0,30.1767255413004,4.93190773329022,71.9913763582877,0.631200905175685,72.863,144.914228195237,54628714.0,19.190369899485,-4.9832236829024,-3.4032413071478,81.765,1.848,75.999,,1.706,14.4747261789547,34.2665466382117,42.1930087721287,34.3378763704897
VNM,2016,0.243099852637275,1.25988366517733,6.69000892660424,22.230676613966,47.9,41.8649072066788,24.7622070388361,33.37288761068,73.984,74.1072862556183,176581000000.0,29.8938593535094,4.90089302916746,71.3022217174998,2.66824816969082,72.53,145.409507973118,54888312.0,19.066705832374,-3.1639707815916,-1.6251016720922,81.479,1.848,75.542,,1.699,13.8182553730866,34.1152288612372,42.8544900073075,35.8960332582333
VNM,2017,-0.586095207209378,1.24420473643635,6.94019037359206,21.529306464588,46.6,40.1554391261382,25.7768318231697,34.0677198752187,74.026,81.7625218355655,215014000000.0,30.5447649065873,5.01148721749681,79.2175618233041,3.52025688811618,72.575,160.98008365887,55533898.0,19.565299877879,-1.9640065867094,-0.41126616678543,82.091,1.874,75.753,,1.703,12.9298794852362,35.3903640729728,42.5807243141144,37.7999673650905
VNM,2018,1.90236367538642,1.10791395242199,7.46500685572751,20.47975990209,43.8,37.7241139171479,26.7047230561435,35.5711648258268,74.1,84.4234560833365,243699000000.0,30.341493072074,4.99828319622328,80.2404806925565,3.53962805942641,72.897,164.663936775893,56235855.0,19.458707593621,-1.0210523084695,0.49961197058483,82.855,1.161,76.582,,1.029,12.3066684310428,36.5424334086447,42.1709178908888,39.4823093200264
VNM,2019,3.91824395534243,0.968366698803348,7.35926270105006,19.811253673597,41.0,34.5351601063592,29.5891842687317,35.8756556249091,74.211,85.1575874073411,264268000000.0,30.3625675367417,4.821074861051,79.5466276240668,2.79582367452244,71.511,164.704215031408,56180127.0,19.414512978388,-0.39674069520902,0.99241484782098,81.94,1.681,75.327,,1.598,11.7845285540387,36.8031368977554,42.4687227777403,39.8666607244977
VNM,2020,4.34486906553373,0.927434295850725,2.86541320912272,21.251144059602,41.3,32.6123879661738,31.0698896075906,36.3177224262355,75.383,84.381598008957,282629000000.0,30.2778176424342,4.55836196782424,78.8642648059779,3.22093436652515,69.095,163.245862814935,55149609.0,18.389978549257,-2.8611655103454,-1.5376834747322,80.059,2.103,72.803,,2.448,12.6554035685556,36.7437132938801,41.8311604395691,39.8596706015475
VNM,2021,-1.26284279203588,0.868883560805873,2.55372852648131,20.124806012774,39.2,29.0283266030004,33.1255735800284,37.8460942595862,74.145,93.8502071275575,335978000000.0,31.0348551186527,4.27314566190187,92.8256257092568,1.83471554810462,69.107,186.675832836814,55299911.0,18.692874944936,-1.431931067838,-0.23277592690375,78.468,2.383,71.981,,2.286,12.6030904652745,37.3915192469302,41.2574400803721,40.4784001491795
VNM,2022,0.339101746979362,0.750756665157789,8.53750041218142,18.196885354186,34.9,33.4623722339218,30.6825928896503,35.8550348764279,74.502,93.420129043511,371288000000.0,30.5658412856141,4.32947308910883,89.7334901043249,3.15650749963112,69.878,183.153619147836,56475416.0,18.867787603806,0.67090224962029,1.6695540196051,79.498,1.57,73.314,,1.457,11.8802998248459,38.482361279715,41.1356424803034,40.576815575783
VNM,2023,5.94575853346696,0.671429250652247,4.97865959483225,18.781391127407,34.3,26.9827056291982,33.467876483268,39.5494160842561,74.588,86.7366640875238,353782000000.0,30.1293021216687,4.26458856546888,78.2589213683517,3.25289282667662,69.215,164.995585455876,56381956.0,17.063497183462,-1.7178939439448,-0.85260995372374,78.716,1.645,72.335,,1.511,11.8713266425191,37.5932883534337,42.280320467255,40.950421783493
VNM,2024,6.33496605552948,0.631267006487247,7.03955197123018,19.117459933268,31.2,25.8741334316538,34.3195198506067,39.8063485099891,74.736,90.1662693374998,404824000000.0,29.0429540155282,4.23450755062236,83.7189908785716,3.62109273885844,68.905,173.885260216071,56703936.0,17.582430939945,-1.5350289933231,-0.64443758880643,78.519,1.602,71.963,,1.473,12.0289339019357,37.5162935306841,42.3541982658904,41.3859272059542
